{
"type": "FeatureCollection",
"name": "casos_fortaleza_shape",
"crs": { "type": "name", "properties": { "name": "urn:ogc:def:crs:OGC:1.3:CRS84" } },
"features": [
{ "type": "Feature", "properties": { "nome": "AIS 09", "territorio": "Capital", "casos": 40, "populacao": 325451, "taxa": 12.290636685706913, "classe": "11.8-13.0" }, "geometry": { "type": "MultiPolygon", "coordinates": [ [ [ [ -38.564852190795278, -3.787042931804788 ], [ -38.564815533986966, -3.787047527127931 ], [ -38.564768703854355, -3.787045151396418 ], [ -38.564725291400684, -3.787052004975066 ], [ -38.564677287005935, -3.787056594572458 ], [ -38.564629284916194, -3.787056570373356 ], [ -38.564578941261438, -3.787056544990941 ], [ -38.564526348407689, -3.787051904676517 ], [ -38.564476094814076, -3.787051879333554 ], [ -38.564423504222937, -3.787042715685842 ], [ -38.564386943218253, -3.787035821785156 ], [ -38.564343533070996, -3.787038061550709 ], [ -38.564320666962246, -3.78701968530244 ], [ -38.564288690978003, -3.787028896759196 ], [ -38.564249775788689, -3.787047241836149 ], [ -38.564210947219564, -3.787072462413559 ], [ -38.564183466234056, -3.787097688715871 ], [ -38.56415833025136, -3.787116040741981 ], [ -38.564133206893089, -3.787109152603025 ], [ -38.564110337348396, -3.787097651806414 ], [ -38.564013147451917, -3.787127456708079 ], [ -38.563935411686607, -3.787155009758048 ], [ -38.563880552387559, -3.787180222223702 ], [ -38.563793629340772, -3.787210032283769 ], [ -38.563715894740859, -3.787235233182388 ], [ -38.563645005846112, -3.787258175868901 ], [ -38.563580963835584, -3.787276508215308 ], [ -38.563503230358542, -3.787299447430115 ], [ -38.563427836177461, -3.787326911147728 ], [ -38.563342094225014, -3.787336095382196 ], [ -38.56326436649757, -3.78734754532513 ], [ -38.56317979763913, -3.787352116342348 ], [ -38.563127188682188, -3.787379591558132 ], [ -38.563058542061256, -3.787420900036936 ], [ -38.562951066815259, -3.787487429023606 ], [ -38.562818470513236, -3.787542456024872 ], [ -38.562701903738215, -3.78759984325236 ], [ -38.56260813604294, -3.787629649716681 ], [ -38.562362337429768, -3.787677743832544 ], [ -38.562234356053366, -3.787689168204433 ], [ -38.56191884387156, -3.787750977753903 ], [ -38.561796531640162, -3.787771632521616 ], [ -38.561675383315183, -3.787805948308289 ], [ -38.561517579231648, -3.78784268805779 ], [ -38.56143759420879, -3.787865535464143 ], [ -38.561367881198244, -3.787878165363749 ], [ -38.561326716739515, -3.787891895361518 ], [ -38.561285534922135, -3.787940093094481 ], [ -38.561267242256818, -3.78796080063321 ], [ -38.561246605745715, -3.787986030306566 ], [ -38.56121922742647, -3.787986016392606 ], [ -38.561175735247396, -3.787972243375995 ], [ -38.561123237089888, -3.787958375312811 ], [ -38.561063803109661, -3.787946855850073 ], [ -38.561018052500472, -3.787946832589181 ], [ -38.560965446871855, -3.787967522673412 ], [ -38.560903747480637, -3.787983594336602 ], [ -38.560853400331588, -3.7879904441845 ], [ -38.560791707915875, -3.787992674465344 ], [ -38.560743708125933, -3.787988036252973 ], [ -38.560693453317725, -3.787990362812461 ], [ -38.560659136893406, -3.787997220805671 ], [ -38.560628997066836, -3.787994436538026 ], [ -38.56122598854612, -3.789580147894548 ], [ -38.561715501282364, -3.7908803734442 ], [ -38.562073584913179, -3.791804529271368 ], [ -38.562554628804172, -3.793100693226963 ], [ -38.562567971170083, -3.793222718421139 ], [ -38.562833195218047, -3.793893743922483 ], [ -38.56302249538134, -3.794365504247016 ], [ -38.563351937501317, -3.795193187596856 ], [ -38.563472573714286, -3.79550124007242 ], [ -38.5634952337046, -3.795561786626002 ], [ -38.56319637889338, -3.795926166024071 ], [ -38.563144508824607, -3.795996195131732 ], [ -38.563130048059307, -3.796015752822614 ], [ -38.563117471721924, -3.796036258163442 ], [ -38.563101434650704, -3.796066859825595 ], [ -38.563006154808733, -3.796250154702312 ], [ -38.562833522204564, -3.796588579427491 ], [ -38.562704427136964, -3.796846261424442 ], [ -38.56260959959809, -3.79706679311823 ], [ -38.56254857216593, -3.79722990915866 ], [ -38.562457661257589, -3.797470638964563 ], [ -38.562397893544563, -3.79762744432921 ], [ -38.562351956730694, -3.797767847343704 ], [ -38.562319542873965, -3.797879540825952 ], [ -38.562213221196366, -3.798265941443321 ], [ -38.562072564463968, -3.798760131385659 ], [ -38.561982946632853, -3.799074998492803 ], [ -38.561959065319456, -3.7991553503708 ], [ -38.561871332818932, -3.799450537959704 ], [ -38.561807766715425, -3.799674777535418 ], [ -38.561775822154473, -3.799787467017234 ], [ -38.561440402337489, -3.800217806373994 ], [ -38.561222761101078, -3.800497036983015 ], [ -38.561139449431508, -3.800602990818507 ], [ -38.560690036586891, -3.801174542934771 ], [ -38.560578823851934, -3.801313193072164 ], [ -38.560528265123104, -3.801390978451732 ], [ -38.560474892046109, -3.801483986320363 ], [ -38.560424874921232, -3.801600677569191 ], [ -38.560379901150142, -3.801734286869226 ], [ -38.560334372034667, -3.801856055046082 ], [ -38.560303450244362, -3.801952457467987 ], [ -38.560254506914362, -3.802075276480418 ], [ -38.560220821274626, -3.802177391086964 ], [ -38.56012691228019, -3.802507758734476 ], [ -38.560093183516464, -3.802604723555647 ], [ -38.560066200384917, -3.802682520950451 ], [ -38.56001674930716, -3.80278962701033 ], [ -38.559947061851496, -3.80295310763497 ], [ -38.559854921283481, -3.803116576758386 ], [ -38.559747064661806, -3.803277782424258 ], [ -38.55899599747908, -3.804486355681824 ], [ -38.558008122232287, -3.806130589379051 ], [ -38.557874602384423, -3.806335139015586 ], [ -38.557703269887341, -3.806584272104847 ], [ -38.557517931685325, -3.806779268429051 ], [ -38.557289917967417, -3.807002435160875 ], [ -38.557048987790267, -3.807236872136331 ], [ -38.556894549528629, -3.807378882422169 ], [ -38.556504230985659, -3.807758715159145 ], [ -38.556268353800832, -3.807990335226966 ], [ -38.555984178988417, -3.808267038154049 ], [ -38.555810638379612, -3.80844174155624 ], [ -38.555619694436643, -3.808620382850252 ], [ -38.555463006036547, -3.808770849385736 ], [ -38.555068189227761, -3.809163083655358 ], [ -38.55492273188392, -3.809304534307523 ], [ -38.554879495802339, -3.809331012784936 ], [ -38.554683374212175, -3.809449423692014 ], [ -38.554614978346507, -3.809472771433531 ], [ -38.55525646285448, -3.811587730587804 ], [ -38.555813964685989, -3.813386729465078 ], [ -38.556115250487863, -3.814362343019756 ], [ -38.557200069204754, -3.817894211349032 ], [ -38.557856499095088, -3.820031352756396 ], [ -38.558005931707804, -3.820517859850468 ], [ -38.558072836311759, -3.820814652719048 ], [ -38.558114842108203, -3.821068063241869 ], [ -38.555932627222852, -3.821749975755417 ], [ -38.555660706371881, -3.821834021212815 ], [ -38.554686507287549, -3.822131180010627 ], [ -38.549726566246498, -3.823631124649028 ], [ -38.548911063064892, -3.823783169991787 ], [ -38.546058550177825, -3.824196116578425 ], [ -38.5445797297876, -3.824410195507373 ], [ -38.543776368532981, -3.824563868819462 ], [ -38.543765113561591, -3.824565995323017 ], [ -38.541954187627667, -3.825027848267023 ], [ -38.541320242967259, -3.825189526496912 ], [ -38.539651343542438, -3.825563973668131 ], [ -38.539485151338333, -3.825604290519712 ], [ -38.538739457620075, -3.825753092248802 ], [ -38.538402403535649, -3.825882882741678 ], [ -38.537422239480144, -3.826361564897207 ], [ -38.534390075503588, -3.827833629372928 ], [ -38.53402320169198, -3.827926001961397 ], [ -38.532545260218491, -3.828196076818703 ], [ -38.530986985843946, -3.828488813356218 ], [ -38.529414840089174, -3.828856201951212 ], [ -38.529084019022079, -3.828934708447485 ], [ -38.52833355082533, -3.829105594652597 ], [ -38.528372778329619, -3.829222380178261 ], [ -38.528418036699364, -3.829357352536874 ], [ -38.528438685461573, -3.829418535943451 ], [ -38.52844666191897, -3.829424334617218 ], [ -38.528455355468573, -3.829428978298733 ], [ -38.528464601439993, -3.829432379028802 ], [ -38.528474224699046, -3.829434472391949 ], [ -38.52848404296509, -3.829435218736374 ], [ -38.528533989689535, -3.829434464744185 ], [ -38.528597873068655, -3.829429320561361 ], [ -38.528727916025872, -3.829493374517575 ], [ -38.528911685717951, -3.829530397892591 ], [ -38.529144455982895, -3.829585909242105 ], [ -38.52940784785676, -3.829659898401758 ], [ -38.529622219053408, -3.829752321483085 ], [ -38.529836560079843, -3.829900127490179 ], [ -38.529928398000763, -3.830004790365291 ], [ -38.530099841375701, -3.830177187366869 ], [ -38.530148811785502, -3.830251058304225 ], [ -38.530252915875558, -3.830331113238632 ], [ -38.530357046823127, -3.830361938849209 ], [ -38.53050406884666, -3.830380480700652 ], [ -38.530602080181275, -3.830398995585721 ], [ -38.530712340844211, -3.830423670858894 ], [ -38.530816475177325, -3.830448342752189 ], [ -38.530908346789225, -3.830491468896009 ], [ -38.530981819293302, -3.830571506923557 ], [ -38.531073654080231, -3.830682323364645 ], [ -38.531110358524707, -3.83078080218923 ], [ -38.531122540863464, -3.830910035878918 ], [ -38.531091832107599, -3.83105155334438 ], [ -38.531085632062464, -3.83118693060317 ], [ -38.531103957490757, -3.831285399333868 ], [ -38.531134535611407, -3.831383874794399 ], [ -38.531195755514162, -3.831463906083757 ], [ -38.531226320251449, -3.831586996201804 ], [ -38.531232379606841, -3.831710072861678 ], [ -38.531177158731253, -3.831863884196689 ], [ -38.531109648276036, -3.832085379104504 ], [ -38.531029901835133, -3.83227609894612 ], [ -38.530919503478238, -3.832503723924664 ], [ -38.530723309268126, -3.832780531030958 ], [ -38.530550295308245, -3.83294967478112 ], [ -38.530484253926609, -3.833014238830912 ], [ -38.530349417030422, -3.833118776941556 ], [ -38.530316832724715, -3.833205910456417 ], [ -38.530312605172973, -3.833217215327946 ], [ -38.53031451610115, -3.833257994055707 ], [ -38.530318661022385, -3.833346445638661 ], [ -38.530426130870097, -3.833678524153625 ], [ -38.530461829253106, -3.833771361038062 ], [ -38.530537793629584, -3.833933138063902 ], [ -38.530587255399887, -3.834027858965632 ], [ -38.530664613570487, -3.834176109082338 ], [ -38.53074732789328, -3.834308447235646 ], [ -38.530892589524399, -3.834498568624907 ], [ -38.530965236748287, -3.834580711964869 ], [ -38.531029126609589, -3.834678592145533 ], [ -38.531091965121213, -3.835080925481798 ], [ -38.531220600444051, -3.835265381745054 ], [ -38.531429614704884, -3.835467448235498 ], [ -38.531610245766792, -3.835621649675101 ], [ -38.531812763269684, -3.835925647053758 ], [ -38.53193564701494, -3.836030728481651 ], [ -38.531999580793176, -3.836080354204638 ], [ -38.532191411618186, -3.836200563042572 ], [ -38.532318286973698, -3.836312435976426 ], [ -38.532395162465797, -3.836467082745891 ], [ -38.532406078647575, -3.836610650151747 ], [ -38.532361993686685, -3.836809403319098 ], [ -38.532372873835371, -3.837019229819741 ], [ -38.532427748917797, -3.837195950895307 ], [ -38.532517988514471, -3.837349252971543 ], [ -38.532526606952686, -3.837361652905811 ], [ -38.53268043619817, -3.837527385049496 ], [ -38.532812259028887, -3.837726234669034 ], [ -38.532944093913869, -3.83790299790817 ], [ -38.53303197586991, -3.838035564304072 ], [ -38.533175024401238, -3.838162309397358 ], [ -38.533261057762893, -3.838245279664857 ], [ -38.533427240884009, -3.838387492874966 ], [ -38.533490799885591, -3.838437284015949 ], [ -38.5335650901484, -3.838462202857065 ], [ -38.533650011983404, -3.838479980691136 ], [ -38.533752477249202, -3.838533321285394 ], [ -38.533855015228099, -3.838618686900193 ], [ -38.53395053589179, -3.838689755026057 ], [ -38.534042430817593, -3.838803521149951 ], [ -38.534118406384998, -3.838876387893008 ], [ -38.534242073202194, -3.839029252721052 ], [ -38.534341035274878, -3.839231769912112 ], [ -38.534369244553702, -3.839363232550111 ], [ -38.534379814520911, -3.839469807373445 ], [ -38.53434086396819, -3.839547948777323 ], [ -38.534305400904387, -3.839672320252771 ], [ -38.534270011567308, -3.8398268169704 ], [ -38.534252207117106, -3.839940432632123 ], [ -38.534269894142298, -3.840043483169178 ], [ -38.534308761923199, -3.840118138938288 ], [ -38.534411246686091, -3.84013592632046 ], [ -38.534545727736877, -3.840111121652055 ], [ -38.53473668357929, -3.840079291459067 ], [ -38.534881681110498, -3.840093573830153 ], [ -38.535033782260285, -3.840129210052407 ], [ -38.535125715943408, -3.84017186976543 ], [ -38.535178733712385, -3.840228711407752 ], [ -38.535252981914795, -3.840331792806276 ], [ -38.53529889412539, -3.840370899211347 ], [ -38.535330763819701, -3.840395794776089 ], [ -38.535341374217602, -3.840427825562257 ], [ -38.5353307311386, -3.840456226108478 ], [ -38.535298815352299, -3.840516549577608 ], [ -38.535298769212304, -3.840601859077593 ], [ -38.535312846070802, -3.840719110814697 ], [ -38.535341135020403, -3.840870114159387 ], [ -38.535326860496191, -3.840951797251198 ], [ -38.535305645153798, -3.841044151553277 ], [ -38.535323230749682, -3.841168461560021 ], [ -38.535372711029879, -3.841271529440418 ], [ -38.535446968921605, -3.841356879484442 ], [ -38.535545908640501, -3.841435096166757 ], [ -38.535563622735602, -3.841488390359091 ], [ -38.535545845246901, -3.841552340189502 ], [ -38.535467976780588, -3.841648191764599 ], [ -38.53534062482958, -3.841813313349108 ], [ -38.535209651945003, -3.842012176781962 ], [ -38.535167081364492, -3.842122341232611 ], [ -38.535145873648901, -3.842200492351085 ], [ -38.535156468727493, -3.842260839016971 ], [ -38.535223584607998, -3.842395851068142 ], [ -38.535280088087987, -3.842502541436509 ], [ -38.535290686996007, -3.84255583174912 ], [ -38.535258782616594, -3.842594895679637 ], [ -38.535230473172213, -3.842648164747262 ], [ -38.535244582727898, -3.842704985154499 ], [ -38.535290577431198, -3.842758294794039 ], [ -38.535350633933589, -3.84279026211179 ], [ -38.535407286161501, -3.842790292819833 ], [ -38.5354921395001, -3.84276907960273 ], [ -38.53554166698509, -3.842783310026006 ], [ -38.535603424424686, -3.84283436660079 ], [ -38.535693553777307, -3.842883176998089 ], [ -38.535736055768403, -3.84289984594474 ], [ -38.535792793271376, -3.842907023714166 ], [ -38.535821147278881, -3.842937888116831 ], [ -38.53584700535491, -3.843087442673212 ], [ -38.535852159672494, -3.84315253016014 ], [ -38.538264562948171, -3.840444252429742 ], [ -38.538333162371778, -3.840477323455102 ], [ -38.538390390645219, -3.840515282213592 ], [ -38.538461877542822, -3.840576309172691 ], [ -38.539021715740404, -3.841363268157058 ], [ -38.539339449956501, -3.841795146033268 ], [ -38.539493657353766, -3.842011644048665 ], [ -38.539745492922542, -3.843685436326408 ], [ -38.540390527884163, -3.847571263165785 ], [ -38.540842316483754, -3.850359186861346 ], [ -38.541358713244911, -3.853367270832411 ], [ -38.542844093019504, -3.852820464927716 ], [ -38.544640965471281, -3.852159239991838 ], [ -38.545312111786565, -3.851788606484309 ], [ -38.550673099280189, -3.849621046266701 ], [ -38.550883453118558, -3.849366700959476 ], [ -38.55344445104658, -3.848395654772217 ], [ -38.556944988465098, -3.846999328747081 ], [ -38.557270156841952, -3.846845379193514 ], [ -38.557292192118553, -3.846926885217566 ], [ -38.559434106536735, -3.846125248552152 ], [ -38.5595240801728, -3.846108663614704 ], [ -38.560851105036598, -3.845634979943159 ], [ -38.56311703929228, -3.844823019789677 ], [ -38.56557068408199, -3.843868134420826 ], [ -38.565488039794936, -3.843633369525413 ], [ -38.56547289303802, -3.843568010325215 ], [ -38.565640425887793, -3.84358948845534 ], [ -38.56581221905612, -3.843609542554058 ], [ -38.566019508781885, -3.84362961472317 ], [ -38.566282180342199, -3.843635453339846 ], [ -38.56635885864732, -3.843624083032741 ], [ -38.566600245250392, -3.843604239583685 ], [ -38.566730883341869, -3.843582913509608 ], [ -38.56698364465668, -3.843531699925592 ], [ -38.567398286006785, -3.843449192755539 ], [ -38.567654612504221, -3.843381412606231 ], [ -38.567932756125998, -3.84331125929141 ], [ -38.568263850796377, -3.843227073828256 ], [ -38.568588859282549, -3.843144107658158 ], [ -38.568863959870562, -3.843074258107455 ], [ -38.56895495018383, -3.843050770790982 ], [ -38.569073328699226, -3.843020573501861 ], [ -38.569541974127489, -3.842900087337232 ], [ -38.569977144668428, -3.842788447219377 ], [ -38.570537083804226, -3.842645695700373 ], [ -38.57106233138181, -3.842510872657462 ], [ -38.571219965477532, -3.842472442857557 ], [ -38.5714378553199, -3.842415705641227 ], [ -38.572246419791519, -3.842207979146345 ], [ -38.573166057494483, -3.841974329086967 ], [ -38.573867197592172, -3.84179558183333 ], [ -38.5746419815435, -3.841597921774314 ], [ -38.575091757470894, -3.841483841155851 ], [ -38.575387855858175, -3.841406664760004 ], [ -38.575725644786374, -3.84131972890473 ], [ -38.576287409863681, -3.841173306747358 ], [ -38.577056717168773, -3.840973196606868 ], [ -38.577784333192348, -3.840783762076395 ], [ -38.578245368888609, -3.840665100843403 ], [ -38.579396588669105, -3.840367987486162 ], [ -38.580063948689208, -3.840196247621439 ], [ -38.58103258039332, -3.839943969357033 ], [ -38.581476880081446, -3.839825603670466 ], [ -38.581693552190039, -3.839767946191 ], [ -38.582266273408166, -3.839613578881681 ], [ -38.582863948288264, -3.839452499540959 ], [ -38.582938199146369, -3.839436643176897 ], [ -38.583348792591515, -3.839393535735063 ], [ -38.583375498896274, -3.839320718048267 ], [ -38.583369308347912, -3.839232995186633 ], [ -38.583366674755361, -3.839195675991526 ], [ -38.583376700530188, -3.839137184854977 ], [ -38.583408430805733, -3.839049660774922 ], [ -38.583463822084951, -3.838984192000411 ], [ -38.583538947446257, -3.838926850188263 ], [ -38.583632668938371, -3.83889121958044 ], [ -38.583714948229492, -3.83888365286338 ], [ -38.583802285325405, -3.838897969444622 ], [ -38.583897795979951, -3.838944282112084 ], [ -38.583970763499877, -3.839013273865347 ], [ -38.584233422800928, -3.839389269928607 ], [ -38.585440561711358, -3.839081257103961 ], [ -38.587015598988792, -3.838679368574965 ], [ -38.587070872325768, -3.838665264898209 ], [ -38.587211283809502, -3.838730596928432 ], [ -38.587599566633131, -3.838911260797763 ], [ -38.588392472308939, -3.838363555201888 ], [ -38.589515679448233, -3.837587688763591 ], [ -38.589598722744427, -3.837530325664256 ], [ -38.58980827014458, -3.837236488958691 ], [ -38.589874956430677, -3.837155770154506 ], [ -38.590025012644965, -3.836974138153459 ], [ -38.594127032568345, -3.834163579985074 ], [ -38.594158840607797, -3.83414584560064 ], [ -38.594515241270869, -3.833947136379313 ], [ -38.594626360537553, -3.833917228139888 ], [ -38.59625655010511, -3.833478906738437 ], [ -38.596418852195626, -3.833435261091961 ], [ -38.596635399731241, -3.83337502050067 ], [ -38.596817271016867, -3.833268992328961 ], [ -38.597273783702235, -3.833050376975858 ], [ -38.597585427746615, -3.832905044207445 ], [ -38.598028557185813, -3.832675419421818 ], [ -38.598303685908412, -3.832534959239242 ], [ -38.598577596885008, -3.832395720904799 ], [ -38.599015875113437, -3.832128195159722 ], [ -38.599356739611672, -3.831959647529779 ], [ -38.599530820249925, -3.83188148796836 ], [ -38.599776742837939, -3.831731233395032 ], [ -38.600542472610464, -3.831346498348318 ], [ -38.601319166327301, -3.830938539780686 ], [ -38.601395863459175, -3.830894564874788 ], [ -38.601492030087243, -3.83085915668899 ], [ -38.601922993454181, -3.830614853731841 ], [ -38.602200557983636, -3.830468280686164 ], [ -38.60249881466153, -3.830318049612516 ], [ -38.602738637927366, -3.830195909204685 ], [ -38.603051497828027, -3.8300493522716 ], [ -38.603128191988034, -3.830011489791572 ], [ -38.603260881871812, -3.82995287047637 ], [ -38.603397222447548, -3.829895475354399 ], [ -38.603478788880729, -3.829849057460388 ], [ -38.604506261167039, -3.829309179876402 ], [ -38.605431482784816, -3.828799816707603 ], [ -38.606413914356686, -3.82827336348507 ], [ -38.60735256384001, -3.827768304059759 ], [ -38.608333782669142, -3.827249685587402 ], [ -38.609317658167924, -3.826741001491405 ], [ -38.609452078507317, -3.826695105601917 ], [ -38.612220797058491, -3.825228603730674 ], [ -38.613221862146737, -3.824740760357285 ], [ -38.613205046806733, -3.824686248839746 ], [ -38.613197239238708, -3.824660938473468 ], [ -38.613600887508852, -3.824442208940118 ], [ -38.614695316012593, -3.823934949195957 ], [ -38.61473782549934, -3.823852457100738 ], [ -38.614761270511181, -3.823641086291506 ], [ -38.614736551515875, -3.823503467851038 ], [ -38.614722288535106, -3.823466516593498 ], [ -38.614695190747057, -3.823396314054725 ], [ -38.614689423350441, -3.82338137239521 ], [ -38.614653739284378, -3.823307552943822 ], [ -38.614639427306322, -3.8232779458219 ], [ -38.614461702457348, -3.823163779138675 ], [ -38.614433598395451, -3.823145725677981 ], [ -38.614360106545725, -3.823123977827717 ], [ -38.614336386388395, -3.823116958511351 ], [ -38.614257791654971, -3.823020699864647 ], [ -38.614187774314928, -3.822927317415091 ], [ -38.61414946419918, -3.822857018385076 ], [ -38.614992115205183, -3.822448846373386 ], [ -38.616947820827605, -3.821427747235445 ], [ -38.617781035125439, -3.820992651796381 ], [ -38.616044399610558, -3.819217223668705 ], [ -38.61575994235568, -3.818927505492675 ], [ -38.615548172172609, -3.818711818530173 ], [ -38.614622907593699, -3.817764338049502 ], [ -38.614267166461964, -3.817400054689647 ], [ -38.611846792162744, -3.814930264277292 ], [ -38.611268024243337, -3.814341657269139 ], [ -38.610593442572814, -3.813655606259799 ], [ -38.609577866001842, -3.812622759840581 ], [ -38.608842130866208, -3.811865764602102 ], [ -38.60813872257399, -3.811148941971223 ], [ -38.607899907148862, -3.810904747665917 ], [ -38.606980362267855, -3.809968487567803 ], [ -38.605298967180445, -3.808227610016869 ], [ -38.605019204609725, -3.807939124124531 ], [ -38.604718290046492, -3.807627743097165 ], [ -38.604475340510781, -3.807376343022485 ], [ -38.602724852291345, -3.805564961454309 ], [ -38.602328176709065, -3.805161448542947 ], [ -38.601959618531659, -3.804790990353861 ], [ -38.601152125926681, -3.803948161686848 ], [ -38.600170346368202, -3.802930084321702 ], [ -38.598817993599489, -3.801561752033624 ], [ -38.597494952781652, -3.800167817787788 ], [ -38.596156045856929, -3.79877850519773 ], [ -38.594961054651527, -3.797547040405786 ], [ -38.59173588550243, -3.794210644872209 ], [ -38.591506129712783, -3.793975694311724 ], [ -38.591040562717048, -3.7934984291972 ], [ -38.590797850779708, -3.793247533207599 ], [ -38.590259667760414, -3.792690188494247 ], [ -38.589304067407852, -3.791701648985634 ], [ -38.58861850194139, -3.791002594007762 ], [ -38.588107028681186, -3.792254545985768 ], [ -38.587773186149946, -3.793111199661356 ], [ -38.587432666715983, -3.793960564796031 ], [ -38.587078671921084, -3.794868808151837 ], [ -38.586700837861649, -3.79579053939303 ], [ -38.586369826265333, -3.796626906378582 ], [ -38.585650356390438, -3.79584728045681 ], [ -38.584757555769102, -3.794863291251616 ], [ -38.584179481201843, -3.794241032398552 ], [ -38.583700555109111, -3.794698233495275 ], [ -38.583624182737275, -3.794768488870515 ], [ -38.583517575597504, -3.794874940795032 ], [ -38.583148964679651, -3.795230484037093 ], [ -38.583012129781764, -3.795358221947579 ], [ -38.581601538085422, -3.793843211098466 ], [ -38.580321265669937, -3.792462281828629 ], [ -38.5798354164545, -3.791933153150517 ], [ -38.579366397643426, -3.791424331094883 ], [ -38.578438458045056, -3.790421915288371 ], [ -38.578101277260089, -3.790065396807408 ], [ -38.578135764897034, -3.790713842026149 ], [ -38.57465735501281, -3.790828384577587 ], [ -38.574684722760558, -3.791455998197335 ], [ -38.574422312808316, -3.791458971331882 ], [ -38.573218741849622, -3.791067286285652 ], [ -38.573023553436009, -3.791009870311118 ], [ -38.572832124964386, -3.790952097404731 ], [ -38.572646086094856, -3.790895951027832 ], [ -38.572456920718686, -3.790838861026736 ], [ -38.572265615288778, -3.79078112511031 ], [ -38.572080812917029, -3.790725351768599 ], [ -38.572040563224157, -3.790693954915845 ], [ -38.571995858814439, -3.790671368614881 ], [ -38.571955275987122, -3.790653684907222 ], [ -38.571913854473102, -3.790638086315906 ], [ -38.571872473310187, -3.790624838763682 ], [ -38.571843460542844, -3.79061540397893 ], [ -38.571815050151187, -3.790604272132819 ], [ -38.571787340417693, -3.790591481734678 ], [ -38.5717604272009, -3.790577077031497 ], [ -38.571734403603941, -3.790561107854627 ], [ -38.571697573666064, -3.790536049728491 ], [ -38.571662020442808, -3.790509189897576 ], [ -38.571642897493284, -3.790493068527872 ], [ -38.571624733966615, -3.790475864014234 ], [ -38.571607590572739, -3.790457633861219 ], [ -38.571581608451027, -3.790427897845629 ], [ -38.571547257914304, -3.790387126196306 ], [ -38.57149908788594, -3.790325006523111 ], [ -38.57145347157072, -3.790262874139959 ], [ -38.571443930441205, -3.790248907425574 ], [ -38.571372301462652, -3.790135454617865 ], [ -38.571353888408105, -3.790106278851412 ], [ -38.571333655886654, -3.79007834543863 ], [ -38.571323588434986, -3.790065174404881 ], [ -38.571273636077329, -3.789994331247609 ], [ -38.571228347580721, -3.789920392375654 ], [ -38.571202613325283, -3.789877576076254 ], [ -38.571180944330152, -3.789844780886157 ], [ -38.57114625988504, -3.789792290588882 ], [ -38.571113565743495, -3.789738526781713 ], [ -38.571083797728761, -3.789684900491956 ], [ -38.571055981225292, -3.789629781747698 ], [ -38.571046652446924, -3.789611674855103 ], [ -38.571033796116396, -3.789589857846223 ], [ -38.57101972549308, -3.789568810539035 ], [ -38.571004486116188, -3.789548601052464 ], [ -38.570960114077351, -3.789493643473001 ], [ -38.570933822842726, -3.789461573661878 ], [ -38.57083803632424, -3.789347547381651 ], [ -38.570819995635183, -3.789326107467725 ], [ -38.57077852169386, -3.789273885125107 ], [ -38.570739156141016, -3.789220041328119 ], [ -38.570685247714913, -3.789141666469213 ], [ -38.570660878446851, -3.789105237175367 ], [ -38.570648971498983, -3.789088552593716 ], [ -38.570635951456445, -3.789072729245358 ], [ -38.570603457598629, -3.789037264512384 ], [ -38.570569656156827, -3.789003055202076 ], [ -38.570553918040893, -3.788987159775257 ], [ -38.570529741496287, -3.788960352683979 ], [ -38.57050713929749, -3.788932193640182 ], [ -38.570499365063633, -3.78892260948204 ], [ -38.570490962088186, -3.78891357660563 ], [ -38.570481969010146, -3.788905136546282 ], [ -38.570472427181883, -3.788897328113492 ], [ -38.570463299424134, -3.788890673910744 ], [ -38.570453890155406, -3.788884427882941 ], [ -38.570403468804479, -3.788850568502512 ], [ -38.570376710933409, -3.788830912837164 ], [ -38.570294003043486, -3.788768477627445 ], [ -38.570278392963587, -3.788757476444881 ], [ -38.570262137640235, -3.788747462494825 ], [ -38.570245298865778, -3.78873847384379 ], [ -38.570130179012779, -3.788692002896659 ], [ -38.570097759532793, -3.788679274855225 ], [ -38.5700658174325, -3.788665382207235 ], [ -38.570042365812057, -3.788654290865734 ], [ -38.569883538626456, -3.788583892263974 ], [ -38.569751968642372, -3.788534368641131 ], [ -38.569699572952722, -3.788514003501736 ], [ -38.569670567444781, -3.78850102502461 ], [ -38.569531223399068, -3.788439778202148 ], [ -38.569422919759482, -3.788396250655762 ], [ -38.569358822703535, -3.788372147729481 ], [ -38.569220902455477, -3.788321276095211 ], [ -38.568942307797457, -3.788219929387206 ], [ -38.568803691590567, -3.78816778264781 ], [ -38.568788537315442, -3.788162555679026 ], [ -38.568773124568338, -3.788158156923967 ], [ -38.568757498171493, -3.788154599174802 ], [ -38.568741703568485, -3.788151892777877 ], [ -38.568594889374225, -3.788125574083183 ], [ -38.568537701827161, -3.788114678014504 ], [ -38.56848006348568, -3.788106523671991 ], [ -38.568443818968895, -3.788103335665604 ], [ -38.568407451830282, -3.788102249807857 ], [ -38.568371082799302, -3.788103269703493 ], [ -38.568334832611733, -3.788106391966627 ], [ -38.56824506238484, -3.788113723729273 ], [ -38.568155005641991, -3.788115052444959 ], [ -38.568125651219212, -3.788113628094725 ], [ -38.568096432958278, -3.788110453785839 ], [ -38.568067454155944, -3.788105540740676 ], [ -38.567938046475888, -3.788079629302533 ], [ -38.567919405061971, -3.788075224294059 ], [ -38.567901110010567, -3.788069539826227 ], [ -38.567883248239873, -3.788062602905504 ], [ -38.567865904609626, -3.788054446488626 ], [ -38.567843764783696, -3.788044013127859 ], [ -38.567820976020833, -3.788035100464819 ], [ -38.567797641696885, -3.788027748929657 ], [ -38.567773867662424, -3.788021991870847 ], [ -38.567759761975083, -3.788019554539938 ], [ -38.567745528391583, -3.78801804347268 ], [ -38.56773122712589, -3.788017465061535 ], [ -38.567716918678286, -3.78801782175338 ], [ -38.567702663579496, -3.78801911203926 ], [ -38.567688522134496, -3.788021330460734 ], [ -38.567674554167496, -3.788024467632927 ], [ -38.567647920361033, -3.788030591358853 ], [ -38.567620991859819, -3.788035236008415 ], [ -38.567593850002602, -3.788038387552291 ], [ -38.567501692966978, -3.788045503493521 ], [ -38.567486164545663, -3.788045566132439 ], [ -38.567470746978685, -3.788043704563798 ], [ -38.567455675663155, -3.788039947210174 ], [ -38.567441180709459, -3.788034351439272 ], [ -38.567414610648235, -3.788021193943944 ], [ -38.567388852691138, -3.788006497015907 ], [ -38.56736399513445, -3.787990311035275 ], [ -38.567340123188053, -3.787972691486338 ], [ -38.567317318683088, -3.787953698767629 ], [ -38.567295659791675, -3.787933397984839 ], [ -38.567238831818635, -3.787868299592204 ], [ -38.567158986117235, -3.787773131179728 ], [ -38.567112247343033, -3.787703998297406 ], [ -38.567063114399538, -3.787659534559049 ], [ -38.566971375534891, -3.787624924808216 ], [ -38.566918431236601, -3.787610019978026 ], [ -38.566856691942057, -3.787601824787382 ], [ -38.566802157052834, -3.787593574775333 ], [ -38.566788123129228, -3.787591589890658 ], [ -38.566738297254709, -3.787554454071135 ], [ -38.566712681762795, -3.787532929685514 ], [ -38.566639583638782, -3.787470923387091 ], [ -38.566561861623995, -3.787470884376436 ], [ -38.566486394537712, -3.787463971030157 ], [ -38.566417862094042, -3.787457061159577 ], [ -38.56637444962297, -3.787463914820182 ], [ -38.566293291586419, -3.787491466368711 ], [ -38.566226912618362, -3.787500570150185 ], [ -38.566167473966111, -3.787498278623802 ], [ -38.566119469589957, -3.787502777832782 ], [ -38.566057773709673, -3.787511974420708 ], [ -38.565989232121474, -3.787523429227739 ], [ -38.565929786619392, -3.787534888601866 ], [ -38.565870343415135, -3.787541734177239 ], [ -38.565824592797796, -3.787541711173499 ], [ -38.565765153019775, -3.787541681283134 ], [ -38.565737686937304, -3.787537053674379 ], [ -38.565705725823491, -3.787516411219431 ], [ -38.565692052716962, -3.787484198240025 ], [ -38.565676041426826, -3.787445199090997 ], [ -38.565650934097377, -3.787406104899795 ], [ -38.565618981018488, -3.78736935939539 ], [ -38.565575500230807, -3.787332608090665 ], [ -38.565534357584838, -3.787302733420448 ], [ -38.565521857526015, -3.787265997700609 ], [ -38.565521878141219, -3.787224654485035 ], [ -38.565515051878158, -3.787187921619918 ], [ -38.565485352618893, -3.78714656345054 ], [ -38.565455644203936, -3.787123569990925 ], [ -38.565389375898818, -3.787091421007216 ], [ -38.565350477916979, -3.787075298379332 ], [ -38.565313924932127, -3.787052301470503 ], [ -38.565281962718316, -3.787033920666632 ], [ -38.565247647476028, -3.78703851718714 ], [ -38.565204232721527, -3.787049984584464 ], [ -38.565169914047615, -3.787061456559637 ], [ -38.565131002302053, -3.787072926220395 ], [ -38.565096689360864, -3.787072908940574 ], [ -38.565060131823323, -3.787059049143307 ], [ -38.565037359188985, -3.787033797499795 ], [ -38.564998465779226, -3.78700853773563 ], [ -38.564943612249145, -3.787022261021883 ], [ -38.564897858186484, -3.787029203896361 ], [ -38.564852190795278, -3.787042931804788 ] ] ] ] } },
{ "type": "Feature", "properties": { "nome": "AIS 06", "territorio": "Capital", "casos": 36, "populacao": 352064, "taxa": 10.225413561170695, "classe": "9.2-11.8" }, "geometry": { "type": "MultiPolygon", "coordinates": [ [ [ [ -38.617271594074978, -3.718807017694123 ], [ -38.611538981550481, -3.720668289877862 ], [ -38.606259287292161, -3.722480347705396 ], [ -38.605963991051183, -3.722563196312886 ], [ -38.605741928487532, -3.722633193364552 ], [ -38.605540878192556, -3.722688570875117 ], [ -38.605441143033175, -3.722716797743071 ], [ -38.605359512617397, -3.722731972455172 ], [ -38.605338286921707, -3.722655188972304 ], [ -38.605238247755395, -3.722683292858429 ], [ -38.601739749312316, -3.723712170006258 ], [ -38.59969681277758, -3.724298975403384 ], [ -38.597689247089434, -3.724886887561086 ], [ -38.597583076227366, -3.724924222085374 ], [ -38.597001504203291, -3.725095866998545 ], [ -38.59616668182889, -3.725342423181289 ], [ -38.596088654696523, -3.725365027079127 ], [ -38.595571435537998, -3.725512637166921 ], [ -38.593558512756481, -3.726102512094981 ], [ -38.591539972144083, -3.726687395343567 ], [ -38.58946584638101, -3.727293296928018 ], [ -38.588732084817785, -3.727508065218937 ], [ -38.588029808514712, -3.727716584122499 ], [ -38.587349460831632, -3.727925573732761 ], [ -38.586656288927536, -3.728138502029565 ], [ -38.585933574539588, -3.728364116213731 ], [ -38.584976171244747, -3.728633954514475 ], [ -38.584962705312272, -3.728704898794263 ], [ -38.584937505939173, -3.728829160960382 ], [ -38.584922306472151, -3.728924975000679 ], [ -38.584897282086402, -3.729061381547605 ], [ -38.584871646731415, -3.72923331031641 ], [ -38.584857035239168, -3.729342557514567 ], [ -38.584836455156406, -3.729506428943186 ], [ -38.584807226678898, -3.729736565163212 ], [ -38.584793347036914, -3.729869245621547 ], [ -38.584765907017896, -3.730087442342623 ], [ -38.58474502161112, -3.730268627110958 ], [ -38.584735173689594, -3.730358174996321 ], [ -38.584722641342786, -3.730469214221411 ], [ -38.584709814365624, -3.730574880153152 ], [ -38.584692215074, -3.730718752910569 ], [ -38.584679688177857, -3.730818150304203 ], [ -38.584665666659184, -3.730936452526898 ], [ -38.584609177601898, -3.731423989624405 ], [ -38.584599428129565, -3.731514731583558 ], [ -38.584592275627848, -3.731559305460578 ], [ -38.584583707493913, -3.731616160522908 ], [ -38.58452604075071, -3.731591438036371 ], [ -38.584174394993383, -3.731434781358233 ], [ -38.583316851294157, -3.731054327207641 ], [ -38.582609626021714, -3.730740397553554 ], [ -38.581817741485793, -3.730388386263138 ], [ -38.581800109736001, -3.730380548525031 ], [ -38.58117075765427, -3.730101074554943 ], [ -38.580740291600215, -3.729909482282634 ], [ -38.580513187700426, -3.729808909363942 ], [ -38.580057081199428, -3.729605990360261 ], [ -38.579043391312673, -3.729155255314946 ], [ -38.57854156665104, -3.728931593746937 ], [ -38.577510377117399, -3.72847430556191 ], [ -38.577218426500636, -3.728344392879213 ], [ -38.57698439467049, -3.728243739117555 ], [ -38.576796771703194, -3.728157463377439 ], [ -38.575588406560179, -3.727620752250978 ], [ -38.575313278950802, -3.727498344464445 ], [ -38.575129826651477, -3.727416773292466 ], [ -38.574973032443879, -3.727347074413607 ], [ -38.574331355702178, -3.727064028803716 ], [ -38.573841946973182, -3.726845823433144 ], [ -38.573472092814328, -3.726680327630334 ], [ -38.573324964820912, -3.726615233817387 ], [ -38.573103356847817, -3.726517797083263 ], [ -38.572842474625162, -3.726401938649821 ], [ -38.572645490245883, -3.726314532953254 ], [ -38.572436296980385, -3.726219964728652 ], [ -38.572210620109566, -3.726119049774875 ], [ -38.572076516984446, -3.726057847100634 ], [ -38.571888209343015, -3.725969014173449 ], [ -38.571845350365322, -3.725947405065835 ], [ -38.57180286900148, -3.72592505612451 ], [ -38.571760777905098, -3.72590197400645 ], [ -38.571719089613488, -3.725878165586946 ], [ -38.571677816544025, -3.72585363795769 ], [ -38.571636970990383, -3.725828398424546 ], [ -38.571596565118895, -3.72580245450543 ], [ -38.57155661096489, -3.725775813928122 ], [ -38.571517120429228, -3.725748484627821 ], [ -38.571478105274586, -3.725720474744955 ], [ -38.571439577122085, -3.725691792622609 ], [ -38.571401547447785, -3.725662446804158 ], [ -38.571364027579207, -3.725632446030597 ], [ -38.571327028692103, -3.725601799238077 ], [ -38.571290561806983, -3.72557051555513 ], [ -38.571254637785906, -3.725538604299967 ], [ -38.571219267329198, -3.725506074977845 ], [ -38.571184460972383, -3.725472937277969 ], [ -38.571150229082825, -3.725439201070861 ], [ -38.571116581856899, -3.725404876405238 ], [ -38.571083529316738, -3.725369973505166 ], [ -38.571051081307402, -3.725334502766908 ], [ -38.571019247493822, -3.725298474755852 ], [ -38.570988037358021, -3.725261900203392 ], [ -38.570957460196261, -3.725224790003748 ], [ -38.570927525116183, -3.725187155210604 ], [ -38.570898241034257, -3.725149007033958 ], [ -38.570869616673001, -3.725110356836722 ], [ -38.570841660558436, -3.725071216131336 ], [ -38.570814381017534, -3.725031596576298 ], [ -38.570694964609274, -3.724852675841213 ], [ -38.570579039035984, -3.724663073112512 ], [ -38.570300988545739, -3.724170822829568 ], [ -38.570034378711824, -3.723696520553864 ], [ -38.56971850366493, -3.72313600892764 ], [ -38.569649030350924, -3.723010991068545 ], [ -38.569455404636194, -3.722663395155148 ], [ -38.569202674271509, -3.722215629824707 ], [ -38.569015984201414, -3.72188950686161 ], [ -38.569006485785607, -3.721874291034206 ], [ -38.569000595638705, -3.721864855412231 ], [ -38.568984784727448, -3.721840475180469 ], [ -38.568968556203018, -3.721816373468068 ], [ -38.568951914925854, -3.721792557493488 ], [ -38.568934865879946, -3.721769034389498 ], [ -38.56891741417153, -3.721745811201231 ], [ -38.56889956502733, -3.721722894883865 ], [ -38.568881323793143, -3.721700292300865 ], [ -38.568862695932232, -3.721678010221543 ], [ -38.568843687023573, -3.721656055319386 ], [ -38.568824302760305, -3.721634434169747 ], [ -38.568804548947995, -3.72161315324809 ], [ -38.568784431502856, -3.721592218928041 ], [ -38.568763956450042, -3.721571637479275 ], [ -38.568743129921764, -3.72155141506593 ], [ -38.568721958155535, -3.721531557744525 ], [ -38.568700447492255, -3.721512071462229 ], [ -38.568678604374341, -3.721492962055131 ], [ -38.568656435343684, -3.721474235246439 ], [ -38.568633947039935, -3.721455896644736 ], [ -38.568611146198222, -3.721437951742419 ], [ -38.568588039647395, -3.72142040591387 ], [ -38.568564634307734, -3.721403264413996 ], [ -38.568540937189155, -3.721386532376645 ], [ -38.568516955388802, -3.721370214812979 ], [ -38.568492696089194, -3.721354316610032 ], [ -38.56846816655591, -3.72133884252929 ], [ -38.568443374135477, -3.721323797205174 ], [ -38.568418326253145, -3.721309185143657 ], [ -38.568393030410682, -3.721295010721034 ], [ -38.56836749418413, -3.721281278182467 ], [ -38.568341725221451, -3.721267991640813 ], [ -38.568315731240389, -3.721255155075298 ], [ -38.568289520026092, -3.721242772330468 ], [ -38.568263099428698, -3.72123084711489 ], [ -38.568236477361062, -3.72121938300009 ], [ -38.568209661796466, -3.721208383419559 ], [ -38.568182660766013, -3.721197851667636 ], [ -38.56815548235646, -3.721187790898451 ], [ -38.568128134707599, -3.721178204125258 ], [ -38.568100626010001, -3.721169094219216 ], [ -38.568072964502363, -3.721160463908684 ], [ -38.568045158469296, -3.721152315778406 ], [ -38.567531699321385, -3.721011897368275 ], [ -38.567134241217502, -3.720904353648413 ], [ -38.567005375315155, -3.720872559273516 ], [ -38.567067852568066, -3.721080550638959 ], [ -38.567024732619153, -3.721227136140207 ], [ -38.566849706381312, -3.721713489823815 ], [ -38.566733530098389, -3.722039463844217 ], [ -38.56668186508017, -3.722178530737416 ], [ -38.566498431341238, -3.722687576588579 ], [ -38.566407019389864, -3.722942713056162 ], [ -38.566334562754285, -3.723144184855974 ], [ -38.566289925986865, -3.723270373415712 ], [ -38.566171916334469, -3.723598493357437 ], [ -38.565869554290067, -3.7244393389351 ], [ -38.565742983458598, -3.724792297936755 ], [ -38.565616099683687, -3.725160592180009 ], [ -38.565613000574203, -3.725254443473976 ], [ -38.565574476591429, -3.725366679751346 ], [ -38.565488875799957, -3.7255995825487 ], [ -38.565357567870592, -3.72596158700587 ], [ -38.565269521689224, -3.726200162662652 ], [ -38.565257829347395, -3.726241729678046 ], [ -38.565246795653231, -3.726283478004139 ], [ -38.565236423390211, -3.726325397109201 ], [ -38.565226715175008, -3.7263674764184 ], [ -38.565217673456807, -3.726409705316513 ], [ -38.565209300516607, -3.72645207315062 ], [ -38.565201598466736, -3.726494569232634 ], [ -38.565146141365986, -3.726893876294538 ], [ -38.565126840888652, -3.727028205076033 ], [ -38.565090055024108, -3.727175560302031 ], [ -38.565059085333949, -3.727447135370453 ], [ -38.565025516714336, -3.727726376858862 ], [ -38.564937541114709, -3.728441884254253 ], [ -38.564889257482037, -3.728843188418323 ], [ -38.564817375896361, -3.729425438890154 ], [ -38.564735487756273, -3.73017806095067 ], [ -38.564718280196992, -3.730401949623001 ], [ -38.564700452039581, -3.730646080746407 ], [ -38.564671571989997, -3.731013503198403 ], [ -38.564646991013682, -3.731330627584373 ], [ -38.564617497848253, -3.731702957055086 ], [ -38.564588610127572, -3.732085714908523 ], [ -38.564567090619889, -3.732385665123346 ], [ -38.564544960160653, -3.732686228447211 ], [ -38.564519759334466, -3.73302175500804 ], [ -38.564495784556904, -3.73334746750142 ], [ -38.564480409862199, -3.733568903382136 ], [ -38.564456438659377, -3.733887254865224 ], [ -38.564437967275211, -3.734197021241491 ], [ -38.564437514759589, -3.73422613761882 ], [ -38.564436576897542, -3.734255242299275 ], [ -38.564435153952111, -3.734284327119004 ], [ -38.564433246322338, -3.73431338391956 ], [ -38.564430854543325, -3.734342404550451 ], [ -38.564427979285867, -3.734371380871348 ], [ -38.564424621356515, -3.734400304754335 ], [ -38.564420781697038, -3.734429168086112 ], [ -38.564416461384489, -3.734457962770523 ], [ -38.56441166163065, -3.734486680730563 ], [ -38.564406383781844, -3.734515313910718 ], [ -38.56440062931842, -3.734543854279375 ], [ -38.564394399854542, -3.734572293830832 ], [ -38.564387697137526, -3.734600624587729 ], [ -38.56424122226084, -3.735273981256042 ], [ -38.56417182269351, -3.735591851764394 ], [ -38.564153799292235, -3.735679124532952 ], [ -38.564067785910979, -3.735660500712962 ], [ -38.562982311315977, -3.735430872118418 ], [ -38.561900421945701, -3.735201464346595 ], [ -38.560812556239412, -3.734982786315932 ], [ -38.559714460068683, -3.734762959794296 ], [ -38.558643650328321, -3.734540861598435 ], [ -38.557550108701385, -3.734309614214499 ], [ -38.556563418595729, -3.734105829007234 ], [ -38.555394849266534, -3.733867688726613 ], [ -38.55430796142943, -3.733647660893866 ], [ -38.553221300765557, -3.733434430727601 ], [ -38.55213240184996, -3.733215054417368 ], [ -38.551059756223673, -3.732981978781922 ], [ -38.54996806029876, -3.732761691006653 ], [ -38.548890434504969, -3.732541862069207 ], [ -38.545847528693841, -3.731797787004081 ], [ -38.544897853745788, -3.731595669956997 ], [ -38.544796859490354, -3.731581458789382 ], [ -38.54470962412843, -3.731793595020948 ], [ -38.544658070164679, -3.731930160104541 ], [ -38.544618349900233, -3.732158234624264 ], [ -38.544553471997531, -3.732533497005436 ], [ -38.544456815394035, -3.733095727825678 ], [ -38.544387953095921, -3.733517402807586 ], [ -38.544320428581543, -3.733904598969879 ], [ -38.544225100565413, -3.734449590653282 ], [ -38.544139019234166, -3.734982651909318 ], [ -38.544059541675615, -3.735509085904956 ], [ -38.543968166659674, -3.736067340902963 ], [ -38.543843679388175, -3.736837760111797 ], [ -38.543768210307107, -3.7372700405682 ], [ -38.543725826592542, -3.737541876006363 ], [ -38.543642419602577, -3.738007305648007 ], [ -38.54351268750851, -3.738707436855564 ], [ -38.543401472280429, -3.73933861869664 ], [ -38.543322039564863, -3.739776201504343 ], [ -38.543213462813661, -3.740410036919489 ], [ -38.543128697223082, -3.740948403082123 ], [ -38.543078292750174, -3.741412523672106 ], [ -38.543072814459762, -3.741794447425246 ], [ -38.543087275184995, -3.74191115478487 ], [ -38.543150432205074, -3.742313006430968 ], [ -38.543254522261712, -3.742696313597381 ], [ -38.543328344657674, -3.742896598433538 ], [ -38.543618678127125, -3.743071799847046 ], [ -38.543843650068119, -3.743271280168073 ], [ -38.544225611884798, -3.743684790709196 ], [ -38.544660973060033, -3.744218123752175 ], [ -38.5447947638323, -3.744393519501895 ], [ -38.544935379629841, -3.744560409431572 ], [ -38.545155699429927, -3.744829729486748 ], [ -38.545412990738271, -3.745083155136625 ], [ -38.546547709982221, -3.74620698115029 ], [ -38.547666592767484, -3.747326819399035 ], [ -38.548323680408615, -3.747971661287791 ], [ -38.548922709598145, -3.748566079642131 ], [ -38.549807129153812, -3.749437088930395 ], [ -38.550495884572769, -3.750117751529451 ], [ -38.55117649838278, -3.750798843010793 ], [ -38.551222995397133, -3.750846698357802 ], [ -38.551948621326837, -3.751593521315916 ], [ -38.555408844617467, -3.75502454548665 ], [ -38.555281771288833, -3.755155926480337 ], [ -38.55538035504884, -3.755256330385755 ], [ -38.555188151708357, -3.755429837671821 ], [ -38.554750214820942, -3.755830997533121 ], [ -38.554149991962419, -3.756377051402268 ], [ -38.553776492313261, -3.756718335652279 ], [ -38.553515614114531, -3.756947050443112 ], [ -38.553593694489884, -3.757033358009641 ], [ -38.553675944739339, -3.757128953449135 ], [ -38.553876804285544, -3.757358504069026 ], [ -38.553998395594952, -3.757492161231136 ], [ -38.554167667231724, -3.757683354490655 ], [ -38.554288661652492, -3.757818209476193 ], [ -38.554524094496784, -3.758080128011801 ], [ -38.554662966727683, -3.758241351632423 ], [ -38.554763100226594, -3.758352831768388 ], [ -38.554847141804856, -3.758444534020265 ], [ -38.554916876308091, -3.758524846425761 ], [ -38.55499137965294, -3.758609354826755 ], [ -38.555109394905976, -3.758739415560923 ], [ -38.555225025322535, -3.758868276903437 ], [ -38.555376416407348, -3.759039691199544 ], [ -38.555486681090692, -3.759165554372665 ], [ -38.555577873495686, -3.759268642746826 ], [ -38.555796619050859, -3.759510183770455 ], [ -38.555871122258615, -3.759595291194226 ], [ -38.555975428228052, -3.759711565995475 ], [ -38.556227058796871, -3.75998743464221 ], [ -38.556425083519521, -3.7602085745019 ], [ -38.556658565865931, -3.760015797893085 ], [ -38.557054413194123, -3.759696789865866 ], [ -38.557411494094886, -3.75940392132866 ], [ -38.557758126052548, -3.759124327121057 ], [ -38.558155469122056, -3.758805219200578 ], [ -38.558521008274958, -3.758505987542887 ], [ -38.558924419534485, -3.758119516855371 ], [ -38.55936756544606, -3.757693737660944 ], [ -38.559504758657276, -3.757563685021212 ], [ -38.559228092223883, -3.757270456583531 ], [ -38.559094068959972, -3.757131593642161 ], [ -38.559463960043985, -3.756763093252781 ], [ -38.559684727772684, -3.756540946087064 ], [ -38.559873874371107, -3.756345741488823 ], [ -38.560014688370273, -3.756203830581472 ], [ -38.560267079512059, -3.75594934886265 ], [ -38.560595248762588, -3.755615826658967 ], [ -38.5606477530877, -3.755567926705478 ], [ -38.560692497588832, -3.755534101227149 ], [ -38.560739328475073, -3.755502074040436 ], [ -38.560802264728359, -3.755463165547007 ], [ -38.560979740227729, -3.755350927426422 ], [ -38.561486815025205, -3.755025882122133 ], [ -38.561973009150535, -3.754715802992697 ], [ -38.562463378714028, -3.754403329323938 ], [ -38.562872617025903, -3.754141137413447 ], [ -38.563281257549683, -3.753881341304159 ], [ -38.563606380942296, -3.753673024096522 ], [ -38.564146560116242, -3.753332117941077 ], [ -38.566116983430923, -3.75206724312502 ], [ -38.566609142254237, -3.751748776839895 ], [ -38.566971244418781, -3.751529094025928 ], [ -38.567216975782912, -3.751378540750749 ], [ -38.567717864596851, -3.752196092204151 ], [ -38.56793448014362, -3.752528989229149 ], [ -38.567966061065967, -3.752582922194882 ], [ -38.568296775684459, -3.753130346791904 ], [ -38.5685160678103, -3.753478521614878 ], [ -38.568708542681243, -3.753787742842597 ], [ -38.568901619335676, -3.754086180876364 ], [ -38.569073837053025, -3.754356451741386 ], [ -38.569438534624439, -3.754926957482981 ], [ -38.569490672069641, -3.755018343154606 ], [ -38.569596141047029, -3.75519841921599 ], [ -38.569733200718687, -3.755412958053601 ], [ -38.569887535785675, -3.755667044776652 ], [ -38.570167014578082, -3.75611289929708 ], [ -38.569592527966783, -3.756487041288129 ], [ -38.569789181887202, -3.756789075466035 ], [ -38.569951264691085, -3.757053949492228 ], [ -38.570112162471538, -3.757303246798458 ], [ -38.570265906245815, -3.757547747901006 ], [ -38.570412500108233, -3.75777906566619 ], [ -38.570566248727907, -3.758013981433153 ], [ -38.570684837058614, -3.758196759757456 ], [ -38.570742320015412, -3.758286303215357 ], [ -38.570805809160966, -3.75838313373439 ], [ -38.570835008179841, -3.758430475563557 ], [ -38.57086301328944, -3.758480213128613 ], [ -38.570892807220858, -3.75853055065665 ], [ -38.570947036247659, -3.758613849708639 ], [ -38.57110018994171, -3.758846368791051 ], [ -38.571276584625579, -3.759114844191 ], [ -38.571362399154438, -3.759243688975027 ], [ -38.571475030522372, -3.75941328449854 ], [ -38.571566206600167, -3.759554113537449 ], [ -38.571626394783401, -3.759647000797249 ], [ -38.571719361483282, -3.759784835299789 ], [ -38.571780145483913, -3.759878921008319 ], [ -38.571809344015072, -3.759927460977429 ], [ -38.571837348344793, -3.759978995765072 ], [ -38.571861774155515, -3.76003112787194 ], [ -38.571886199092155, -3.760085057222242 ], [ -38.571926110994752, -3.76017733540552 ], [ -38.571950536230773, -3.760230665673459 ], [ -38.571993402131312, -3.760314384195354 ], [ -38.572001775412204, -3.760330737488099 ], [ -38.572076846403185, -3.760478148460329 ], [ -38.572123915972703, -3.760568033834477 ], [ -38.572224607638724, -3.76076338391852 ], [ -38.572372368962675, -3.76104861936068 ], [ -38.572396200208772, -3.761097156677294 ], [ -38.566708309107369, -3.7641390894654 ], [ -38.567502402128135, -3.76537601482216 ], [ -38.568029454432974, -3.766101877059402 ], [ -38.568284432888909, -3.766361146705346 ], [ -38.569066683495684, -3.766902855942947 ], [ -38.569361774623587, -3.767196697624025 ], [ -38.569688335151547, -3.767614367536173 ], [ -38.569817191542654, -3.76787933302186 ], [ -38.570380518323205, -3.770091391224682 ], [ -38.570414283158676, -3.770178332357188 ], [ -38.570453792935545, -3.770255124872397 ], [ -38.570607231449344, -3.770596670124303 ], [ -38.570857573515021, -3.771026994710746 ], [ -38.571284108268856, -3.771470578703693 ], [ -38.571730848029731, -3.771923125743748 ], [ -38.572158150522824, -3.77236494377367 ], [ -38.57284404, -3.773093039999985 ], [ -38.573214924692884, -3.773479485319077 ], [ -38.574633530479034, -3.775036583179105 ], [ -38.574869481434149, -3.775294188575248 ], [ -38.575140854298866, -3.775595679891377 ], [ -38.575762671491006, -3.776287709812635 ], [ -38.575961613421534, -3.776512872231393 ], [ -38.576202801345261, -3.776780015217969 ], [ -38.576279119700381, -3.776871545646491 ], [ -38.57643621268128, -3.777051480095497 ], [ -38.576638076061322, -3.777282424911734 ], [ -38.576737153986905, -3.77739456816909 ], [ -38.576841529516784, -3.77751416924428 ], [ -38.577029550576512, -3.7777309955252 ], [ -38.577085447568507, -3.777794192658114 ], [ -38.577196181015601, -3.777921252043754 ], [ -38.577310889230333, -3.778050709685736 ], [ -38.577409700850211, -3.778165781596962 ], [ -38.577512949506165, -3.778282798431255 ], [ -38.577681766386085, -3.778477836205747 ], [ -38.577708390674665, -3.77850727075992 ], [ -38.577730244949514, -3.778534506353659 ], [ -38.577910164961459, -3.778743977492738 ], [ -38.578029795855485, -3.778877260579002 ], [ -38.578086943055375, -3.778942202374423 ], [ -38.578505360321842, -3.779413721499929 ], [ -38.578659230346176, -3.779598861589983 ], [ -38.579047109836168, -3.780029159135359 ], [ -38.579265258274312, -3.780274882519587 ], [ -38.579422042221161, -3.780458135562149 ], [ -38.579828972667165, -3.780922597563278 ], [ -38.58012791718096, -3.781277670126772 ], [ -38.580201827385451, -3.781364506295827 ], [ -38.580282097527821, -3.78145454064936 ], [ -38.580477074401642, -3.781679091226359 ], [ -38.580750202660496, -3.781990479958924 ], [ -38.580935114355235, -3.782200647612853 ], [ -38.581201088329074, -3.782507772630511 ], [ -38.58131791757485, -3.782638562181531 ], [ -38.581389709946727, -3.782720338333429 ], [ -38.581636876497988, -3.783003224608741 ], [ -38.581688005121912, -3.783062092501559 ], [ -38.581825761089902, -3.783220583019935 ], [ -38.582018620421103, -3.783440605907333 ], [ -38.582334700041748, -3.783809276928083 ], [ -38.582462617750686, -3.783954167118189 ], [ -38.582582888715983, -3.784094277251024 ], [ -38.582671900015221, -3.784197628585507 ], [ -38.582867938473612, -3.784421912999405 ], [ -38.583250217378193, -3.784866083933115 ], [ -38.583448848897071, -3.785093815183317 ], [ -38.583707363755472, -3.785450375371677 ], [ -38.583987138318548, -3.785861048086231 ], [ -38.584270400098163, -3.786290145473895 ], [ -38.584466505260451, -3.786559706307181 ], [ -38.584644296775323, -3.78691321717859 ], [ -38.584825835027281, -3.787322784348269 ], [ -38.585159876055926, -3.787531887440143 ], [ -38.585452354771576, -3.787780434340013 ], [ -38.585687745044389, -3.787981283624306 ], [ -38.586933647783177, -3.78926121858751 ], [ -38.588019398752628, -3.790375177638942 ], [ -38.58861850194139, -3.791002594007762 ], [ -38.589304067407852, -3.791701648985634 ], [ -38.590259667760414, -3.792690188494247 ], [ -38.590797850779708, -3.793247533207599 ], [ -38.591040562717048, -3.7934984291972 ], [ -38.591506129712783, -3.793975694311724 ], [ -38.591579320630011, -3.793950709447904 ], [ -38.591762952853578, -3.793760273417967 ], [ -38.591825187640396, -3.793690247219336 ], [ -38.591877055433095, -3.793620216107215 ], [ -38.59190440611475, -3.793578574332619 ], [ -38.591943088878089, -3.79348865631033 ], [ -38.5919619734618, -3.793412929388968 ], [ -38.591962964315734, -3.793309739748929 ], [ -38.591965822312325, -3.793244418922304 ], [ -38.591961156671893, -3.793145013397839 ], [ -38.591943302469076, -3.793033294554356 ], [ -38.591920719578084, -3.792956601308064 ], [ -38.591900960050751, -3.792888429682022 ], [ -38.59188544133896, -3.792820733412073 ], [ -38.591861464762218, -3.792701438084154 ], [ -38.591840761014936, -3.79263705280353 ], [ -38.591799811430356, -3.792536683405706 ], [ -38.591784752408294, -3.792493601506917 ], [ -38.591754146486068, -3.792442938662127 ], [ -38.591714113828807, -3.792397004844712 ], [ -38.591672191607742, -3.792361010462606 ], [ -38.591624138789392, -3.792334953507154 ], [ -38.591606707654577, -3.792325951619326 ], [ -38.591592105208065, -3.792314110976125 ], [ -38.591585512712093, -3.792304167522632 ], [ -38.591580806008174, -3.79229233156575 ], [ -38.591577984874078, -3.792279076454512 ], [ -38.591577991983478, -3.792263929286242 ], [ -38.591579885773299, -3.792244996218589 ], [ -38.591584609139268, -3.792221330999829 ], [ -38.591589338725306, -3.792184412008719 ], [ -38.591595016538172, -3.792135186389548 ], [ -38.591603519927155, -3.79208974890116 ], [ -38.591609200847984, -3.792033896395462 ], [ -38.591611102632953, -3.79199792276307 ], [ -38.591619602464952, -3.791960058858364 ], [ -38.591634703008445, -3.791914624492933 ], [ -38.591665832327045, -3.791854050543921 ], [ -38.591713942637512, -3.791757510098194 ], [ -38.591752616436885, -3.791686526035017 ], [ -38.59178941598438, -3.791592820323947 ], [ -38.591814899009812, -3.791514256427378 ], [ -38.591836626433668, -3.791405396407525 ], [ -38.591857419834575, -3.79127854867702 ], [ -38.591871639378475, -3.791101996174812 ], [ -38.591875284053309, -3.79105479611422 ], [ -38.591877430282956, -3.790999947797504 ], [ -38.591875335985442, -3.79094403243899 ], [ -38.591868482268509, -3.790863086492769 ], [ -38.591864263463698, -3.790815690413703 ], [ -38.591858450779327, -3.790775748829646 ], [ -38.591850516833858, -3.790737403795415 ], [ -38.591843634905835, -3.790716632345873 ], [ -38.591838343612018, -3.790695329131021 ], [ -38.591834644450337, -3.790670299044901 ], [ -38.591828829021132, -3.790636215155124 ], [ -38.591818243438794, -3.790599998937425 ], [ -38.591804474842029, -3.790568573873798 ], [ -38.59177798966698, -3.790523297330865 ], [ -38.591743020449734, -3.790482276915212 ], [ -38.591702217081483, -3.790447111433222 ], [ -38.591641798734798, -3.790412469184111 ], [ -38.591566003687262, -3.79038420986575 ], [ -38.591517765299322, -3.790377264298616 ], [ -38.591481190474894, -3.790368726697971 ], [ -38.591447268539596, -3.790355397692116 ], [ -38.591417589127623, -3.790338875587442 ], [ -38.591364589091604, -3.79031169208234 ], [ -38.591113383289262, -3.790152350269026 ], [ -38.591078410117596, -3.790119850113122 ], [ -38.591041852318419, -3.790075101296966 ], [ -38.591016958080907, -3.790028760454585 ], [ -38.591001607893425, -3.789978696511248 ], [ -38.590994200865737, -3.789947274453681 ], [ -38.590980963936346, -3.789912654526323 ], [ -38.590929586846855, -3.789816244461687 ], [ -38.59091554647442, -3.789799197238215 ], [ -38.590906275498376, -3.789785879899779 ], [ -38.590897800089053, -3.789771764161803 ], [ -38.590889856808992, -3.789753388534122 ], [ -38.590884564916955, -3.789733416610198 ], [ -38.590880602972291, -3.78970359373859 ], [ -38.590878238915856, -3.789657796092403 ], [ -38.590867421844514, -3.789550222381118 ], [ -38.590867969985702, -3.789511881363783 ], [ -38.590872224013829, -3.789484192458041 ], [ -38.590878600802228, -3.789451711898856 ], [ -38.590882853828802, -3.789426153063446 ], [ -38.590882328955267, -3.789414969942084 ], [ -38.590879683197564, -3.789404584591922 ], [ -38.59087359173806, -3.789393931349443 ], [ -38.590843929883597, -3.789340132995966 ], [ -38.590830947772425, -3.789327346415587 ], [ -38.590808165189891, -3.789299910950701 ], [ -38.590778498337713, -3.789256762948016 ], [ -38.590726597682348, -3.789146507167132 ], [ -38.590712313281934, -3.789084728336377 ], [ -38.590710747926622, -3.78903147582066 ], [ -38.590720853622322, -3.788960655753844 ], [ -38.590728309682177, -3.788887704359325 ], [ -38.590726205690125, -3.788852557191002 ], [ -38.590716159304215, -3.78879717058271 ], [ -38.590697633893164, -3.788735389741002 ], [ -38.590661097438009, -3.788645376918272 ], [ -38.590651576178757, -3.788600640913374 ], [ -38.590653711451061, -3.788569223379505 ], [ -38.590658498858041, -3.788534611996818 ], [ -38.590689842143192, -3.788394574693436 ], [ -38.590707891719191, -3.788340798959292 ], [ -38.590733891189174, -3.788291287135355 ], [ -38.590784823612729, -3.788205575922175 ], [ -38.59079596127205, -3.788194930846417 ], [ -38.590813990075056, -3.788185354072238 ], [ -38.590901475949863, -3.788153444468176 ], [ -38.590918448749278, -3.788134814389275 ], [ -38.590940197437043, -3.788106068735404 ], [ -38.590972561153428, -3.788050702221819 ], [ -38.590992197582118, -3.788004382479155 ], [ -38.591033137305196, -3.787748793343478 ], [ -38.591033686929244, -3.78770725721759 ], [ -38.591028405914962, -3.78766412077666 ], [ -38.591014648132067, -3.787609797447343 ], [ -38.590934698091729, -3.787398882537739 ], [ -38.590926231576475, -3.787365862425144 ], [ -38.590911969928676, -3.787255624490547 ], [ -38.590909879676722, -3.787191188850131 ], [ -38.590941808472074, -3.786932932855018 ], [ -38.59095988198915, -3.786828035413546 ], [ -38.590963080739876, -3.786789695648511 ], [ -38.590963106484857, -3.78673484632948 ], [ -38.590957828474231, -3.786685319676205 ], [ -38.590947267954753, -3.786595851687548 ], [ -38.590945693325025, -3.786562302321623 ], [ -38.590951024073362, -3.786499467748174 ], [ -38.590959523576245, -3.786462195528767 ], [ -38.590973325332129, -3.786422795749024 ], [ -38.590982350459896, -3.786395109098187 ], [ -38.591013668841228, -3.786307791011427 ], [ -38.591028531591853, -3.786266794179146 ], [ -38.591041265094283, -3.786244434460972 ], [ -38.59105399659714, -3.786226334883895 ], [ -38.591083695856497, -3.786200255572625 ], [ -38.591116571369064, -3.786183763083994 ], [ -38.591143085127349, -3.786167800100523 ], [ -38.59117755525979, -3.786142255561481 ], [ -38.591249144147106, -3.786095427874373 ], [ -38.591278308526711, -3.786079466140448 ], [ -38.591305878035115, -3.786073088971392 ], [ -38.591331323546783, -3.786074166045932 ], [ -38.591352528556058, -3.786074176077975 ], [ -38.591371084187507, -3.786071522267103 ], [ -38.591388581315933, -3.786065140330378 ], [ -38.59140502019077, -3.786054497750189 ], [ -38.591423582811167, -3.78603693344252 ], [ -38.59144638668208, -3.786018838622538 ], [ -38.591478202430835, -3.78600128058171 ], [ -38.591519557686595, -3.785989584746745 ], [ -38.591709889096094, -3.785954528552689 ], [ -38.591844553112423, -3.785928498817551 ], [ -38.591868940615988, -3.785924782715305 ], [ -38.591894391361684, -3.785914676900453 ], [ -38.591919845846505, -3.785896583318759 ], [ -38.591946893198674, -3.785873165310072 ], [ -38.592061460791626, -3.78574381758026 ], [ -38.592078438251043, -3.785715069632503 ], [ -38.592102853158444, -3.785652776570399 ], [ -38.592114012694665, -3.785595269909605 ], [ -38.592111912377533, -3.785552134970515 ], [ -38.592100269063963, -3.785510593079338 ], [ -38.592080674126784, -3.785468514915739 ], [ -38.59206744392943, -3.785419517024895 ], [ -38.592066400624383, -3.785383305317219 ], [ -38.592077578596495, -3.785286392342709 ], [ -38.592113152268951, -3.785168190170032 ], [ -38.592134906815033, -3.785126664045569 ], [ -38.592170452322883, -3.785068636375693 ], [ -38.592336478206484, -3.784861565266353 ], [ -38.592369359373443, -3.784832824812564 ], [ -38.592409130165656, -3.784808347750391 ], [ -38.59251782709854, -3.784762602476571 ], [ -38.592551759546673, -3.78475303315521 ], [ -38.592623862700272, -3.784739754203418 ], [ -38.592668928258867, -3.784729125089997 ], [ -38.592725130162172, -3.784710513454247 ], [ -38.592841235633323, -3.784692995078507 ], [ -38.592862974467309, -3.784685017552446 ], [ -38.592884715041421, -3.784673312401058 ], [ -38.592920767484188, -3.784664809099066 ], [ -38.592950983585169, -3.784666953404952 ], [ -38.592972713965871, -3.784677081481819 ], [ -38.5930013285085, -3.784703188338847 ], [ -38.593018289261522, -3.784710119060549 ], [ -38.593037372252724, -3.784713323155834 ], [ -38.593055929593291, -3.784706941680214 ], [ -38.593253164979473, -3.784644729943775 ], [ -38.593269605793928, -3.784629827179643 ], [ -38.59328870244633, -3.784603742788004 ], [ -38.593314172016015, -3.784553165568896 ], [ -38.59338425646078, -3.78432155323384 ], [ -38.593389043719476, -3.784286941818328 ], [ -38.593391197489119, -3.7842155854237 ], [ -38.593389646099197, -3.784131979372342 ], [ -38.59337748874988, -3.784055823582499 ], [ -38.593351019789651, -3.78397593343314 ], [ -38.593318205237743, -3.783861959147427 ], [ -38.593303384611509, -3.783812960520478 ], [ -38.59329862864368, -3.783780474686415 ], [ -38.593296325280924, -3.78360421015428 ], [ -38.593299783253414, -3.783578118400718 ], [ -38.593305106715533, -3.783530460546934 ], [ -38.593306977419651, -3.783497711571747 ], [ -38.593306475354048, -3.783437536804435 ], [ -38.593301198698342, -3.783384815042316 ], [ -38.593322199787373, -3.783253559241698 ], [ -38.593326991506991, -3.783209362503781 ], [ -38.593326507313328, -3.783110846449852 ], [ -38.593332352575182, -3.783081028192742 ], [ -38.593350397876854, -3.783035772653021 ], [ -38.593363139210908, -3.782996372315645 ], [ -38.593387053347691, -3.782870709319309 ], [ -38.593417891343194, -3.782675822238619 ], [ -38.593446068530184, -3.7825027671411 ], [ -38.593482739581646, -3.782304155170291 ], [ -38.593501323662139, -3.782240261747296 ], [ -38.593542730316607, -3.782117802071332 ], [ -38.59360590671966, -3.78192080010154 ], [ -38.593662710458297, -3.781747758439683 ], [ -38.59368661433335, -3.781643928657176 ], [ -38.593738156471488, -3.781385681629219 ], [ -38.593743491162918, -3.78131379420125 ], [ -38.593741926080526, -3.781259476627103 ], [ -38.593752034846133, -3.781181201224844 ], [ -38.593773808532085, -3.781098138638549 ], [ -38.593804586857424, -3.781031055821028 ], [ -38.593821573819824, -3.780981539620791 ], [ -38.593862469062138, -3.780818608303311 ], [ -38.593920867729928, -3.780635449512807 ], [ -38.593985066749873, -3.780518858194206 ], [ -38.594090094304853, -3.780382582858738 ], [ -38.594158516926299, -3.780303269768716 ], [ -38.594170187530487, -3.780286234665364 ], [ -38.594181330487913, -3.780263874133609 ], [ -38.594193003814112, -3.780240981332316 ], [ -38.594208917124398, -3.780220220591915 ], [ -38.594225357832983, -3.780205317797283 ], [ -38.594278395015579, -3.780151558346107 ], [ -38.594300663844514, -3.780143581017982 ], [ -38.594308622848551, -3.780128141725908 ], [ -38.594308627055561, -3.78011908892049 ], [ -38.594303334251556, -3.780100980823784 ], [ -38.594298045159867, -3.780074884957607 ], [ -38.594303357018916, -3.780051989171 ], [ -38.594313969600243, -3.780030160906087 ], [ -38.594359053208258, -3.77998012534511 ], [ -38.594416858000109, -3.779933823371302 ], [ -38.594465119358986, -3.779890179510288 ], [ -38.594484219569736, -3.779856107304614 ], [ -38.594495899559952, -3.779818836512104 ], [ -38.594498563524212, -3.779790081783369 ], [ -38.594520864987977, -3.779711812074476 ], [ -38.594561208630822, -3.779594676997227 ], [ -38.594578719454972, -3.779558473970976 ], [ -38.594608963082663, -3.779500976185362 ], [ -38.594633900794513, -3.779453593756657 ], [ -38.594703417148381, -3.779301858657221 ], [ -38.594715091434757, -3.779276835773532 ], [ -38.594729955098757, -3.779233176249094 ], [ -38.59474375233988, -3.779202829177832 ], [ -38.594781948502565, -3.779143737553036 ], [ -38.594838696431566, -3.779089979793124 ], [ -38.59487793602527, -3.77906709988416 ], [ -38.595041772126741, -3.779005404462572 ], [ -38.595223107142715, -3.778933066829174 ], [ -38.595261286478454, -3.778910186404981 ], [ -38.595377960256222, -3.778808529993201 ], [ -38.595400801598693, -3.778708959774314 ], [ -38.595407701066648, -3.778691922418273 ], [ -38.595421495314447, -3.778667965549038 ], [ -38.59544058879785, -3.778648271301941 ], [ -38.595471345188642, -3.778628049987485 ], [ -38.595487255477714, -3.778613679433066 ], [ -38.595510590172829, -3.77859345464816 ], [ -38.595522260972793, -3.778575887002536 ], [ -38.595540830249774, -3.778543412071422 ], [ -38.595557290138778, -3.778486972835815 ], [ -38.595573757176361, -3.778415090575584 ], [ -38.595586500049805, -3.778371962556637 ], [ -38.595603482901986, -3.778330966591056 ], [ -38.595637434301828, -3.778279860706641 ], [ -38.595687294743193, -3.778217046851434 ], [ -38.595728145096949, -3.778149968638826 ], [ -38.595765291253507, -3.778068510702246 ], [ -38.595818364429746, -3.777936470970402 ], [ -38.595822086854817, -3.777911444352727 ], [ -38.595821037455423, -3.777888013061637 ], [ -38.59581521647835, -3.77786564457907 ], [ -38.595807806125542, -3.777841145281553 ], [ -38.595791405408903, -3.777769780183988 ], [ -38.595759107734793, -3.777684029671701 ], [ -38.595725203686378, -3.777632892091876 ], [ -38.595704003799781, -3.77762223182753 ], [ -38.595686511552358, -3.777618496030905 ], [ -38.595675116059184, -3.777613964304082 ], [ -38.595665577589543, -3.777605972076163 ], [ -38.595657102072167, -3.777592122644416 ], [ -38.5955702198981, -3.777467739062341 ], [ -38.595510878479644, -3.777398483974242 ], [ -38.595405441522331, -3.777275423006057 ], [ -38.59538637199433, -3.777243463003252 ], [ -38.59534028928028, -3.777161966184025 ], [ -38.595287312053813, -3.777086856358706 ], [ -38.5952486502959, -3.77700696055938 ], [ -38.595202039459387, -3.776921203342792 ], [ -38.59515755626628, -3.776820004092152 ], [ -38.595122111027784, -3.776662894657528 ], [ -38.595115772044885, -3.776614432539565 ], [ -38.595116856959002, -3.776561181229127 ], [ -38.595125366015381, -3.776502608207937 ], [ -38.595142903880934, -3.776407828171299 ], [ -38.595196516512679, -3.776255553032948 ], [ -38.595228896721324, -3.776162910002837 ], [ -38.5952862467879, -3.775953124636413 ], [ -38.595335089272169, -3.775798717180458 ], [ -38.595361626052892, -3.775732164802931 ], [ -38.595371187674971, -3.775690100331651 ], [ -38.595374400438807, -3.775620874465816 ], [ -38.595375545726341, -3.775437156219422 ], [ -38.595386170539101, -3.775388702025408 ], [ -38.595403164912327, -3.775322677705191 ], [ -38.595424925916397, -3.775266240938313 ], [ -38.595453569344365, -3.775229510558662 ], [ -38.595493872182089, -3.775199708359074 ], [ -38.595567050765055, -3.775151815886844 ], [ -38.595592511745643, -3.77511881164328 ], [ -38.595640248554055, -3.775062386994599 ], [ -38.595690628807652, -3.775021406605042 ], [ -38.59574897167365, -3.774956999125161 ], [ -38.595824275868516, -3.774897924736003 ], [ -38.595997144537314, -3.774789904162132 ], [ -38.596039044091029, -3.774746257202532 ], [ -38.596051259211272, -3.774697803736241 ], [ -38.596059757348534, -3.774662661493148 ], [ -38.596073023353838, -3.774634444210144 ], [ -38.596086817016534, -3.7746115523555 ], [ -38.59609796180775, -3.774584931637802 ], [ -38.596096915347559, -3.774555110127093 ], [ -38.596082101796974, -3.774490668511069 ], [ -38.596067274470563, -3.774456047911413 ], [ -38.596043449401549, -3.774390537057336 ], [ -38.596010615275411, -3.774318631783305 ], [ -38.595992603060822, -3.774293062508352 ], [ -38.59596398995636, -3.774264293180448 ], [ -38.595927955443031, -3.774234987872729 ], [ -38.595888740714457, -3.774204616044035 ], [ -38.595865956702539, -3.774180642096352 ], [ -38.595850593363402, -3.774158801682328 ], [ -38.595840002812523, -3.774133235866481 ], [ -38.595825182639103, -3.774083172238032 ], [ -38.595820424867135, -3.774054414033123 ], [ -38.595819379153632, -3.774022994968368 ], [ -38.595825225468829, -3.773990514081697 ], [ -38.595840615633499, -3.773954310018466 ], [ -38.595936112940109, -3.773789806409672 ], [ -38.595963693350789, -3.773758933209677 ], [ -38.596023091666396, -3.773704644037501 ], [ -38.596084069260264, -3.773674318918926 ], [ -38.596159894826727, -3.773633882867399 ], [ -38.596190121388524, -3.773612596220891 ], [ -38.596218231411058, -3.773582788294452 ], [ -38.596240512346967, -3.773548184986608 ], [ -38.596289325604218, -3.773456348321528 ], [ -38.59630207203228, -3.773405232502853 ], [ -38.596308464664553, -3.77333760565713 ], [ -38.596301609266824, -3.773259322274651 ], [ -38.59627938365098, -3.773174108994946 ], [ -38.596246547818652, -3.77310593135795 ], [ -38.596196218108958, -3.773037745570307 ], [ -38.596144308627039, -3.772946660758007 ], [ -38.596117867266486, -3.772875524696112 ], [ -38.596098775073791, -3.772824160335631 ], [ -38.596028879985909, -3.772649994285443 ], [ -38.596016203896681, -3.772548809903927 ], [ -38.596012568330302, -3.772385857614146 ], [ -38.59600477086218, -3.772248454427469 ], [ -38.596002051568014, -3.772200536349155 ], [ -38.595981949909294, -3.772107868799497 ], [ -38.595947792897995, -3.772030903988864 ], [ -38.595894817108963, -3.771953131628921 ], [ -38.595833351094335, -3.771893460930442 ], [ -38.595778236157287, -3.771856158957113 ], [ -38.595719934126194, -3.771832700969816 ], [ -38.59561286873172, -3.771793244689039 ], [ -38.595561985884238, -3.771775115334883 ], [ -38.595510372189779, -3.771761179218347 ], [ -38.595461602673701, -3.771758493874138 ], [ -38.595431913669792, -3.77176380520426 ], [ -38.595413889698115, -3.771763796794037 ], [ -38.595393746983035, -3.771760059766959 ], [ -38.595376257068665, -3.771751531313114 ], [ -38.595356650135436, -3.771735546615458 ], [ -38.595318498721426, -3.771698785050671 ], [ -38.595219938145313, -3.771609808497564 ], [ -38.595168006172742, -3.771567715311641 ], [ -38.595107593817431, -3.771522423053806 ], [ -38.594992588330776, -3.77145793463872 ], [ -38.594904610177757, -3.771412096974721 ], [ -38.594844725252173, -3.771372662647882 ], [ -38.594747215871067, -3.771303389714721 ], [ -38.594647577899707, -3.771251688878137 ], [ -38.594495210014877, -3.771164018397039 ], [ -38.594464471038116, -3.77114722969935 ], [ -38.594430822222535, -3.771117925462154 ], [ -38.594394265050745, -3.771072910576791 ], [ -38.594322476872868, -3.770981017609189 ], [ -38.594165679513225, -3.770728530627964 ], [ -38.594158272704462, -3.770696576070875 ], [ -38.594154578190221, -3.770661428141783 ], [ -38.594154592759836, -3.770630009575604 ], [ -38.594161529210417, -3.770533094511245 ], [ -38.594156769772404, -3.77050806392936 ], [ -38.594145652647164, -3.770475042599744 ], [ -38.594132411601755, -3.770449475530812 ], [ -38.594115465178568, -3.770412191327714 ], [ -38.594101697229391, -3.77037970127549 ], [ -38.594096406442809, -3.770357333035755 ], [ -38.594093765494868, -3.770336563590614 ], [ -38.594072157930711, -3.770062306612655 ], [ -38.59406369830581, -3.770014376016918 ], [ -38.594060007499685, -3.769971240316521 ], [ -38.59406109637753, -3.769909468716155 ], [ -38.594072789541563, -3.76984344193236 ], [ -38.594081338308492, -3.769699133502463 ], [ -38.594093043565223, -3.769607013331721 ], [ -38.594097851393052, -3.769527670370008 ], [ -38.594090469529604, -3.769441931486667 ], [ -38.594079901049383, -3.769368971549065 ], [ -38.594046581566559, -3.769201212727655 ], [ -38.594032891659104, -3.769000446961907 ], [ -38.594043004336569, -3.768913118708565 ], [ -38.5940691197004, -3.76861172562304 ], [ -38.594063834845194, -3.768576576949269 ], [ -38.594047950657242, -3.768535033098741 ], [ -38.594025705834333, -3.768491888717784 ], [ -38.593990748876941, -3.768425840106424 ], [ -38.593966394217553, -3.768359796454684 ], [ -38.593953184807617, -3.7682660670708 ], [ -38.593922680568774, -3.768029082198328 ], [ -38.593923753636993, -3.768001391753828 ], [ -38.593929597487943, -3.767974236059615 ], [ -38.593946578431904, -3.767936967729899 ], [ -38.593967801276833, -3.767897571311267 ], [ -38.594085033803147, -3.767730947944708 ], [ -38.594102015475315, -3.767692082056204 ], [ -38.59412218646807, -3.767634579520793 ], [ -38.594255943237904, -3.767271997139731 ], [ -38.594301061626958, -3.767145278886491 ], [ -38.59432284266083, -3.767045175636063 ], [ -38.594329239784059, -3.7669679634803 ], [ -38.594330325903947, -3.76691204957232 ], [ -38.594337232918278, -3.76687850415039 ], [ -38.594348913175011, -3.766840168294386 ], [ -38.594353695048007, -3.766816739725857 ], [ -38.594351582976401, -3.766798633118652 ], [ -38.594347892892202, -3.766753899861836 ], [ -38.59434686151323, -3.766691594745065 ], [ -38.594354877076491, -3.766553676263756 ], [ -38.594384148451674, -3.766305003914858 ], [ -38.594393179608062, -3.766263471709689 ], [ -38.594404856893334, -3.76623152606895 ], [ -38.594430329696102, -3.766172428440349 ], [ -38.594446248871151, -3.766138354706912 ], [ -38.594451026052901, -3.766125043981543 ], [ -38.594453685245782, -3.766106407084343 ], [ -38.594452897716145, -3.766089898650421 ], [ -38.59445025885654, -3.766064602800581 ], [ -38.594448942445922, -3.766045431528339 ], [ -38.594449483896398, -3.76602093594118 ], [ -38.59445426723866, -3.765994312261979 ], [ -38.594464882565539, -3.765966093751521 ], [ -38.594487168761255, -3.765919775069847 ], [ -38.594502025730797, -3.76588996098456 ], [ -38.594512369468106, -3.765875854080436 ], [ -38.594524838216238, -3.765851896580356 ], [ -38.594545527783055, -3.765819156366842 ], [ -38.594576028506403, -3.765777634181577 ], [ -38.594606523191288, -3.765749158689794 ], [ -38.594650541039549, -3.765698282931655 ], [ -38.594662480052278, -3.765684483838437 ], [ -38.594700397791783, -3.765652816697531 ], [ -38.594751569586137, -3.765618493148084 ], [ -38.59481917795825, -3.76557752078513 ], [ -38.594891024766881, -3.76554187557623 ], [ -38.594944581933433, -3.765507819385652 ], [ -38.594985414661863, -3.765477484885542 ], [ -38.595003447362338, -3.765458322635808 ], [ -38.595014593515103, -3.765428506808271 ], [ -38.595019376589271, -3.765402415641573 ], [ -38.595017799784479, -3.765373126399442 ], [ -38.595013590870479, -3.765303897056864 ], [ -38.59501148936635, -3.765262892167258 ], [ -38.595018410360879, -3.76519899319732 ], [ -38.595032215684611, -3.765150540467973 ], [ -38.595059822882327, -3.765061090262752 ], [ -38.595066732799374, -3.765021154610587 ], [ -38.595067805079665, -3.764995061713043 ], [ -38.595066231224671, -3.764959382252189 ], [ -38.595061473741573, -3.764930091526973 ], [ -38.595006431093431, -3.764737294235632 ], [ -38.59493182142775, -3.764442510562044 ], [ -38.594922822067254, -3.764415347931874 ], [ -38.594910639326521, -3.764394041518677 ], [ -38.594895805778719, -3.764373266387563 ], [ -38.594877259230763, -3.764357282189599 ], [ -38.594857120623907, -3.764345024877028 ], [ -38.594836452889837, -3.764330637244028 ], [ -38.594807838641188, -3.764305063019911 ], [ -38.594789827869761, -3.764276831149226 ], [ -38.59477288003152, -3.764242742072746 ], [ -38.59475487640087, -3.764199067174079 ], [ -38.594695583353349, -3.764027036103344 ], [ -38.594685528702833, -3.76398922261334 ], [ -38.594681833428012, -3.763955672236424 ], [ -38.594680795852653, -3.763906680068541 ], [ -38.59468506432043, -3.763847040009785 ], [ -38.594696281843618, -3.763662793908736 ], [ -38.594713831162849, -3.763542452956674 ], [ -38.594740914857042, -3.763438624517752 ], [ -38.594798775040914, -3.763269843193686 ], [ -38.594836450119196, -3.763189450493722 ], [ -38.594867230049687, -3.763117042351675 ], [ -38.594881563725849, -3.763072317494391 ], [ -38.594891665118197, -3.763008952522297 ], [ -38.594913478892757, -3.762837491788134 ], [ -38.594944836133898, -3.762662840389566 ], [ -38.594985189511014, -3.762522274353576 ], [ -38.595012284931727, -3.762392885021906 ], [ -38.595030328133262, -3.762350824479419 ], [ -38.595058971341651, -3.762313561539719 ], [ -38.595099800218769, -3.76229121478901 ], [ -38.595142749046573, -3.762269934060242 ], [ -38.59517774866454, -3.76224332444345 ], [ -38.59521487855433, -3.762195415082663 ], [ -38.59525944965074, -3.762104907715603 ], [ -38.595278562146163, -3.76204314448416 ], [ -38.595287075614657, -3.76197445357866 ], [ -38.595290287235819, -3.76190735775965 ], [ -38.59529190999757, -3.761837066090579 ], [ -38.595291688219895, -3.761742722611928 ], [ -38.595291466853148, -3.761648554381508 ], [ -38.59529361358134, -3.761591575915156 ], [ -38.595305303528185, -3.761531939299158 ], [ -38.595329724232656, -3.761454735502066 ], [ -38.595356784678167, -3.761400963740871 ], [ -38.595394449540507, -3.761342404247968 ], [ -38.595462871117526, -3.761261493291562 ], [ -38.595649016215845, -3.761095966658104 ], [ -38.595714251935242, -3.761026237081828 ], [ -38.59578850270838, -3.760949588950913 ], [ -38.595868047458524, -3.760888386306688 ], [ -38.595976218640814, -3.76082613191829 ], [ -38.596153318350069, -3.760733023459797 ], [ -38.596216948970735, -3.760695244199182 ], [ -38.596271571878702, -3.760648407937683 ], [ -38.596314534318068, -3.760597306111606 ], [ -38.596344248899129, -3.760535547764557 ], [ -38.596370795061809, -3.760447162022593 ], [ -38.596392557738035, -3.760385932500444 ], [ -38.596439251251141, -3.760290633364978 ], [ -38.596590488016716, -3.759952554299718 ], [ -38.596653106796602, -3.759809335869779 ], [ -38.59667008156223, -3.759784847891067 ], [ -38.596697132569616, -3.759751311769785 ], [ -38.596755473742334, -3.75968796911863 ], [ -38.596822296659525, -3.759624630394007 ], [ -38.596908731663419, -3.759565560899692 ], [ -38.596999400686585, -3.759521403875273 ], [ -38.597109146310622, -3.759493231231618 ], [ -38.597274549272591, -3.759474137157885 ], [ -38.59746221634137, -3.759456118392072 ], [ -38.597558168359349, -3.75945137012216 ], [ -38.597655175470685, -3.759457805219117 ], [ -38.597720374060671, -3.759468485744325 ], [ -38.597796177283499, -3.759473845982545 ], [ -38.597863503146506, -3.759469616961093 ], [ -38.597908568799575, -3.759455792310813 ], [ -38.597938264933802, -3.759433972775725 ], [ -38.597960016740856, -3.75939617401064 ], [ -38.597973291671963, -3.759347720955696 ], [ -38.597982354015087, -3.759237493798849 ], [ -38.597971264639597, -3.759143765404792 ], [ -38.597942144476875, -3.759065471716502 ], [ -38.597902955657645, -3.758979718114027 ], [ -38.597809773771537, -3.758723533609613 ], [ -38.59776110668912, -3.758498788275131 ], [ -38.597761119130901, -3.758471629833783 ], [ -38.59776643314963, -3.758443408806145 ], [ -38.597781295226504, -3.758401879227835 ], [ -38.597829046490745, -3.758311373142025 ], [ -38.598131403254897, -3.757886030476095 ], [ -38.598384933981123, -3.75758261190469 ], [ -38.59845601866683, -3.757472945867723 ], [ -38.598513325386442, -3.75735262309457 ], [ -38.598565346583413, -3.757198216685033 ], [ -38.598600416467249, -3.757017176520819 ], [ -38.598623887707134, -3.756696611119236 ], [ -38.598644094092812, -3.756560295661332 ], [ -38.598714290159883, -3.756074671005269 ], [ -38.598742984549624, -3.755924513966785 ], [ -38.598766347213456, -3.755841451821087 ], [ -38.598810923405857, -3.755738163739099 ], [ -38.598917027520315, -3.755557156269039 ], [ -38.599156805548567, -3.755185568627691 ], [ -38.599208791010462, -3.755108909860815 ], [ -38.599226836504506, -3.755060991481877 ], [ -38.599235336186069, -3.755021589008923 ], [ -38.599267211076146, -3.754871433399862 ], [ -38.599278908875625, -3.75479369105005 ], [ -38.599288536258449, -3.754606248891676 ], [ -38.599269722378708, -3.754014079420308 ], [ -38.599267733520364, -3.753725453356859 ], [ -38.599289060579494, -3.753456008689758 ], [ -38.599286009057998, -3.753172707320768 ], [ -38.599272327264764, -3.752951173234995 ], [ -38.599259735289657, -3.752664672363806 ], [ -38.599251403082718, -3.752336636988375 ], [ -38.599257961367108, -3.751904234783256 ], [ -38.59926443228774, -3.751663539283653 ], [ -38.599263436123898, -3.751522953875279 ], [ -38.599261521412842, -3.751071377090764 ], [ -38.599274351614753, -3.750834944658795 ], [ -38.599283939575734, -3.750733770500641 ], [ -38.599314759835707, -3.75057083392253 ], [ -38.599453898279812, -3.750019208395751 ], [ -38.599475171753426, -3.749866917794153 ], [ -38.59949753450443, -3.749650725436136 ], [ -38.599508227205817, -3.749451568318094 ], [ -38.599500900255983, -3.749243882623878 ], [ -38.599483984921946, -3.749138436135341 ], [ -38.599457516099228, -3.749058546161955 ], [ -38.59941090626279, -3.748972256713356 ], [ -38.599355814298107, -3.748887028404903 ], [ -38.599292239722786, -3.74880392627266 ], [ -38.59919951118335, -3.748717083111128 ], [ -38.599109430995306, -3.748635033827544 ], [ -38.598968482037733, -3.748506632020804 ], [ -38.59885454847393, -3.748421909156124 ], [ -38.59878884871371, -3.748349456393006 ], [ -38.598706198780022, -3.748248239816949 ], [ -38.598645812695388, -3.748148098514334 ], [ -38.598618280124782, -3.748076195817015 ], [ -38.598597124327362, -3.747970214852736 ], [ -38.598600873402248, -3.747886078614512 ], [ -38.598617866786057, -3.747820054106259 ], [ -38.59863857306906, -3.747749238636332 ], [ -38.598644950561699, -3.747713562812971 ], [ -38.598644498128223, -3.747543156601861 ], [ -38.598618634275553, -3.74729925111339 ], [ -38.598603328056811, -3.747152801413828 ], [ -38.598605192317493, -3.74708466445487 ], [ -38.598613098356857, -3.747009141878837 ], [ -38.59861603463073, -3.746957450664425 ], [ -38.598614612276862, -3.746882837157123 ], [ -38.598610267651324, -3.74682919193127 ], [ -38.598598645017603, -3.746767253041185 ], [ -38.598580224273427, -3.746709212350166 ], [ -38.598560341617706, -3.746663362629263 ], [ -38.598538025923041, -3.746630191097339 ], [ -38.598511825499877, -3.746599456106631 ], [ -38.598473978002033, -3.746560425440586 ], [ -38.598372076376499, -3.746465283747184 ], [ -38.598328403908624, -3.746425275064401 ], [ -38.598291036096363, -3.746398923920699 ], [ -38.597915384463221, -3.746205147690416 ], [ -38.597889663293977, -3.746188067544008 ], [ -38.597858606605534, -3.746161231625611 ], [ -38.597829978737643, -3.746130983165561 ], [ -38.597801841667241, -3.746089030954893 ], [ -38.597777592668493, -3.746037327221673 ], [ -38.597712137486937, -3.745860274424686 ], [ -38.597631172815625, -3.745628595922936 ], [ -38.597584644954999, -3.745463255819448 ], [ -38.59754589569355, -3.745273048351443 ], [ -38.597495572013841, -3.744915566225602 ], [ -38.597491253403625, -3.744805107962359 ], [ -38.597499046016189, -3.744749517668466 ], [ -38.597534043049265, -3.744652000664984 ], [ -38.597579706638207, -3.744583748514468 ], [ -38.597689479600128, -3.744450178695112 ], [ -38.597865315699963, -3.74422495812862 ], [ -38.597912925047723, -3.744147928868231 ], [ -38.597963453765281, -3.744056270976983 ], [ -38.598012044226678, -3.743956809538169 ], [ -38.598027607565044, -3.743893420159091 ], [ -38.598034432341848, -3.743831002089461 ], [ -38.59802864607213, -3.7437451702623 ], [ -38.598009365475825, -3.743443783982148 ], [ -38.598013280212243, -3.743375512584179 ], [ -38.598023982804754, -3.743325775606441 ], [ -38.598043429285326, -3.74326336334301 ], [ -38.598079380188366, -3.743202909334828 ], [ -38.598256185925834, -3.742979639754706 ], [ -38.598512613845287, -3.74273787542037 ], [ -38.598758779321386, -3.742482531235508 ], [ -38.598931069665625, -3.742229135594698 ], [ -38.599188354210732, -3.741937509486304 ], [ -38.59925381159249, -3.741863142128564 ], [ -38.599330601297765, -3.741806294682331 ], [ -38.599382620631509, -3.74175933334905 ], [ -38.599400042393881, -3.741739466598903 ], [ -38.59943464014404, -3.741700013361517 ], [ -38.599461884751108, -3.741677855606535 ], [ -38.599513873563055, -3.741650841794355 ], [ -38.599603068362946, -3.741611084900856 ], [ -38.599717025536599, -3.741578907337858 ], [ -38.599781330547302, -3.741556859229889 ], [ -38.599818584830743, -3.74154430617168 ], [ -38.599860581284361, -3.741523488305782 ], [ -38.599912461879015, -3.741510089920835 ], [ -38.600001588097044, -3.741505151802926 ], [ -38.600053565354919, -3.741502698747932 ], [ -38.600090651290756, -3.741502754986419 ], [ -38.600167460809757, -3.74151997980309 ], [ -38.600209547861667, -3.74152739250201 ], [ -38.600251617092681, -3.741554583217524 ], [ -38.600273897324122, -3.741576817312521 ], [ -38.60031103144204, -3.741603992836071 ], [ -38.600348165866983, -3.741623757119482 ], [ -38.600366732807061, -3.741641050372694 ], [ -38.600395201803586, -3.741673166417247 ], [ -38.600422433343361, -3.741700341642428 ], [ -38.600469278770014, -3.741730081627562 ], [ -38.600496118515331, -3.741732736616332 ], [ -38.600533233325592, -3.741735206820033 ], [ -38.600562925123356, -3.741737676800645 ], [ -38.600590142762798, -3.741737677570717 ], [ -38.600609937242169, -3.741740147212425 ], [ -38.600726866052042, -3.741734381671159 ], [ -38.600783863083777, -3.741722045708785 ], [ -38.600850516145336, -3.741694902724632 ], [ -38.600919973888885, -3.741645506245121 ], [ -38.600947383110253, -3.741618296052995 ], [ -38.600982043408479, -3.741586182321657 ], [ -38.60102413071499, -3.74155406875695 ], [ -38.601058791475147, -3.741512073422354 ], [ -38.601091162656864, -3.741465047491981 ], [ -38.601115734975558, -3.741420671275977 ], [ -38.601150722245613, -3.74134882580771 ], [ -38.601190023867886, -3.741265029787511 ], [ -38.601205918129246, -3.741195667804212 ], [ -38.601204390118291, -3.741169826356833 ], [ -38.601204389140719, -3.74114901179484 ], [ -38.60119993834585, -3.741103968539812 ], [ -38.601205170587697, -3.741079434440077 ], [ -38.601239550729844, -3.740873644258541 ], [ -38.601426947850548, -3.740435597618164 ], [ -38.601488713297286, -3.740298269136236 ], [ -38.601507282220993, -3.740241389098762 ], [ -38.60153323784094, -3.740110746247733 ], [ -38.601557550623376, -3.740006720797165 ], [ -38.601562441900555, -3.739972165958886 ], [ -38.601582183610553, -3.739903039029455 ], [ -38.601601710497668, -3.739841491284248 ], [ -38.601604331414002, -3.739782116204854 ], [ -38.601616915503513, -3.739717717927544 ], [ -38.601626819929301, -3.739668310544359 ], [ -38.601631312245999, -3.739633408549318 ], [ -38.601649118798228, -3.739557127962826 ], [ -38.601659023750116, -3.739497837627514 ], [ -38.601683529788957, -3.739236996500619 ], [ -38.601684341930635, -3.739227201919213 ], [ -38.601694040060707, -3.73911024062007 ], [ -38.601708336092713, -3.73901834597357 ], [ -38.601711001367249, -3.738961402059097 ], [ -38.601715719322463, -3.738909649573606 ], [ -38.601715720345574, -3.73883553790204 ], [ -38.601718203647287, -3.738768825615612 ], [ -38.601718198789136, -3.738670026602825 ], [ -38.601723153089303, -3.738581093029195 ], [ -38.601725634346813, -3.738502029585141 ], [ -38.601723159994712, -3.738462502514924 ], [ -38.601715735101045, -3.738398270747709 ], [ -38.601700842044579, -3.738309603640377 ], [ -38.601698412522907, -3.738178400796542 ], [ -38.601656348096327, -3.738014513494058 ], [ -38.601646490157385, -3.737947718856197 ], [ -38.601650736003073, -3.737824276036116 ], [ -38.601651419386286, -3.737804407489242 ], [ -38.601653864492242, -3.737735361951888 ], [ -38.60165881790055, -3.737676071742879 ], [ -38.601658819617384, -3.737626663060563 ], [ -38.601666248869357, -3.73755996161183 ], [ -38.601678629088525, -3.737505612437852 ], [ -38.601700912602318, -3.737438911406628 ], [ -38.601718243696226, -3.737406796289995 ], [ -38.601750429292558, -3.737362329447897 ], [ -38.601792517637698, -3.737315392272491 ], [ -38.60182717849306, -3.737285748220277 ], [ -38.601856887656787, -3.737263515039777 ], [ -38.601906466287844, -3.737228768013598 ], [ -38.601946175075604, -3.737211264931696 ], [ -38.602042809023544, -3.737181538516317 ], [ -38.602093291743607, -3.737148438120395 ], [ -38.602199821851109, -3.737091578251584 ], [ -38.602237035332017, -3.737071763058018 ], [ -38.602259121663444, -3.737049663191103 ], [ -38.602284052370827, -3.737014956104793 ], [ -38.602301323985785, -3.736980393194622 ], [ -38.602306162277316, -3.736935930458635 ], [ -38.602305964451524, -3.736888936002815 ], [ -38.60229361297344, -3.736859232296107 ], [ -38.602271256518883, -3.73681218919075 ], [ -38.602251590798346, -3.736777613752572 ], [ -38.602214509846561, -3.736745507320821 ], [ -38.602160642812684, -3.736703832481771 ], [ -38.602092797999639, -3.736623323860152 ], [ -38.602070169787901, -3.7365896249262 ], [ -38.602017247068268, -3.736526167169564 ], [ -38.601967815252102, -3.736469428313701 ], [ -38.601902611570438, -3.736394631105119 ], [ -38.601863087377474, -3.736342817861424 ], [ -38.601806309886534, -3.736266372310856 ], [ -38.601771651577103, -3.73621202129923 ], [ -38.601551997451999, -3.735856631925506 ], [ -38.601527242934679, -3.735782518128727 ], [ -38.601487635530312, -3.735676288268666 ], [ -38.601462881234134, -3.735599703994004 ], [ -38.601440602325013, -3.735530531168044 ], [ -38.601410896470973, -3.735456417051996 ], [ -38.60138614184968, -3.735389714468946 ], [ -38.601356435816392, -3.735323011585494 ], [ -38.601324254191326, -3.735248897266532 ], [ -38.60129454918215, -3.735150078256479 ], [ -38.601190060795055, -3.734865453070673 ], [ -38.601181634568754, -3.734842500118087 ], [ -38.601170776194067, -3.734812922017114 ], [ -38.601160874548874, -3.73477833555785 ], [ -38.601153450543457, -3.734689399764517 ], [ -38.60114354998106, -3.734625168182767 ], [ -38.601141076012269, -3.734573289046126 ], [ -38.601141078031624, -3.734513998721853 ], [ -38.601143555867253, -3.734449767686333 ], [ -38.601178217446027, -3.734390478491457 ], [ -38.601309425868045, -3.734247136260805 ], [ -38.601332445618219, -3.734226076189596 ], [ -38.601368874253509, -3.734192748732627 ], [ -38.601420914355479, -3.734167982254639 ], [ -38.601480334686237, -3.734145799074567 ], [ -38.601542278942198, -3.734121059114331 ], [ -38.601609146948228, -3.734091415124063 ], [ -38.601661308280008, -3.734071508732842 ], [ -38.601750364126829, -3.734039491829424 ], [ -38.601794799022933, -3.73401489639 ], [ -38.601849261313383, -3.73399020121247 ], [ -38.601911035795425, -3.733963117876089 ], [ -38.601963026116962, -3.733943355904861 ], [ -38.602019968808861, -3.733901360075272 ], [ -38.602057105768338, -3.733864304560364 ], [ -38.602111572771939, -3.733819838153793 ], [ -38.602129820917234, -3.733798319443681 ], [ -38.602165113644418, -3.7337567012939 ], [ -38.602193274676992, -3.733723493029399 ], [ -38.602232887909608, -3.733671614776598 ], [ -38.602306763854799, -3.733560990367187 ], [ -38.602336469496819, -3.733522704596904 ], [ -38.602467638785342, -3.733375792735008 ], [ -38.602514673165274, -3.733326395931004 ], [ -38.602546834619034, -3.733284451887453 ], [ -38.602591424389374, -3.73324239767526 ], [ -38.602640937102194, -3.73320040784332 ], [ -38.60273501346159, -3.73314104121979 ], [ -38.602834317932889, -3.733079886344723 ], [ -38.60291079271159, -3.733010193307527 ], [ -38.60297259528673, -3.732955817439612 ], [ -38.603015261108737, -3.732886632262832 ], [ -38.603071718290821, -3.732815034316709 ], [ -38.603121233529002, -3.732765627179571 ], [ -38.603183056647879, -3.732691546007947 ], [ -38.6032077613594, -3.732659459005822 ], [ -38.60324254665354, -3.73262481643341 ], [ -38.603284634792246, -3.732580349935359 ], [ -38.603324235401374, -3.732528479170865 ], [ -38.603405946709763, -3.732493888145107 ], [ -38.603450510113596, -3.732466714588005 ], [ -38.60348269524696, -3.732437070267467 ], [ -38.603512404741636, -3.732404955353753 ], [ -38.603544589996979, -3.732372840470647 ], [ -38.603566872304206, -3.732343195831065 ], [ -38.603598656137812, -3.732291948004501 ], [ -38.603626314057003, -3.732259747345982 ], [ -38.603644860735812, -3.732236968680561 ], [ -38.60367212001961, -3.732188821899193 ], [ -38.603763582680507, -3.732027275685249 ], [ -38.604254789251605, -3.731159679218147 ], [ -38.60437460214164, -3.730939552759612 ], [ -38.604583210877863, -3.730556285628778 ], [ -38.604625854993586, -3.730373482270649 ], [ -38.60464526268526, -3.730290286910195 ], [ -38.604621956163669, -3.730111194822481 ], [ -38.604621709022013, -3.730094308336307 ], [ -38.604647745875646, -3.729969143430883 ], [ -38.60475681609136, -3.729501290408891 ], [ -38.604836089965822, -3.729278977851903 ], [ -38.605078661294215, -3.729007224162508 ], [ -38.605323433853023, -3.728681785553798 ], [ -38.60546107714854, -3.728469353622888 ], [ -38.605650660655911, -3.728176759485746 ], [ -38.605785330031509, -3.727968917041522 ], [ -38.605882114556515, -3.727724343797949 ], [ -38.605911608872759, -3.727460017374478 ], [ -38.605926468366164, -3.727247565027366 ], [ -38.605998194610422, -3.727069357631325 ], [ -38.606102244389099, -3.726983238677603 ], [ -38.606196158305458, -3.726911247616403 ], [ -38.606267927589627, -3.726887176362621 ], [ -38.606300398611118, -3.726876285653825 ], [ -38.606346494749062, -3.726875412664654 ], [ -38.606413216527827, -3.726866036919414 ], [ -38.606616542200975, -3.726875429930809 ], [ -38.60672925455038, -3.726845634255923 ], [ -38.606829351423848, -3.726792540852124 ], [ -38.606915153379866, -3.726736568693391 ], [ -38.60696481563825, -3.72668982069988 ], [ -38.607010829087216, -3.726655199271477 ], [ -38.607046725408452, -3.726630351098289 ], [ -38.607085336563941, -3.726604517340921 ], [ -38.6071296687375, -3.726572941465806 ], [ -38.607169712054429, -3.726541363668204 ], [ -38.607211181164388, -3.726518403522439 ], [ -38.607262991304637, -3.72647657786721 ], [ -38.607338396001992, -3.726443613257883 ], [ -38.607407579557496, -3.726393195920266 ], [ -38.607479214451899, -3.726361213840331 ], [ -38.607561830839572, -3.726305872931502 ], [ -38.607616096630927, -3.7262603635141 ], [ -38.607677920360729, -3.726224484928911 ], [ -38.607739257788211, -3.726190305054906 ], [ -38.607805698781782, -3.726139083977961 ], [ -38.60784760632361, -3.72611945586664 ], [ -38.607893460844764, -3.72608621099876 ], [ -38.607967789765581, -3.72603232196895 ], [ -38.608005399544851, -3.725999863296958 ], [ -38.60808812488586, -3.72596001738446 ], [ -38.60815578252403, -3.725930217124512 ], [ -38.60822364697399, -3.725891732167324 ], [ -38.608286001365087, -3.725850434484883 ], [ -38.608385259589959, -3.72579780484384 ], [ -38.608470708057354, -3.725741927337018 ], [ -38.608482091424726, -3.725730470170755 ], [ -38.60852463070897, -3.72568765509824 ], [ -38.60856879913559, -3.72565092965197 ], [ -38.608676821458054, -3.725580328661229 ], [ -38.60870382101718, -3.725548552121233 ], [ -38.608708979666623, -3.725524167082624 ], [ -38.608713203195038, -3.725504202378541 ], [ -38.608709716747235, -3.725464052739026 ], [ -38.608712674899635, -3.725379992226067 ], [ -38.608698813939839, -3.725323873844131 ], [ -38.608687220638274, -3.725270684443754 ], [ -38.608707061024205, -3.72521479118364 ], [ -38.608725989754255, -3.725195853809831 ], [ -38.608746083208523, -3.725092292261248 ], [ -38.608785194142087, -3.725033177706765 ], [ -38.608817341637952, -3.724984336289598 ], [ -38.608856999251863, -3.724939547940783 ], [ -38.608894151031542, -3.72490487897548 ], [ -38.608943057260618, -3.72484519163188 ], [ -38.608969651042145, -3.724823142438991 ], [ -38.609013433803511, -3.72481345884457 ], [ -38.609053724598461, -3.724785659557642 ], [ -38.60908196980688, -3.72475680058482 ], [ -38.609135564166607, -3.724703451649089 ], [ -38.609256429290127, -3.724650431118598 ], [ -38.609300805162668, -3.724623170218059 ], [ -38.609322797096922, -3.72454024458157 ], [ -38.609340515078664, -3.724452967141165 ], [ -38.609350002046909, -3.72436458064186 ], [ -38.609351595821657, -3.724276529332654 ], [ -38.609350902052135, -3.724189909433764 ], [ -38.609365659864274, -3.724105945161236 ], [ -38.609432425235397, -3.724021642385991 ], [ -38.609524856345253, -3.723985900675239 ], [ -38.609664182306844, -3.723976239831301 ], [ -38.609698202892261, -3.723994565463607 ], [ -38.609756101655861, -3.724035976049846 ], [ -38.609829676978954, -3.724065476312164 ], [ -38.609828809842234, -3.724095821702194 ], [ -38.609854329863708, -3.724141163237456 ], [ -38.609955017202608, -3.724172534029766 ], [ -38.609963691090613, -3.724175236521245 ], [ -38.610030881682647, -3.724217229662602 ], [ -38.610114347010018, -3.724235268806626 ], [ -38.610185223054835, -3.724225996970513 ], [ -38.61024462153965, -3.724184190541113 ], [ -38.6102788329733, -3.724102816705786 ], [ -38.610290697794689, -3.724046003564752 ], [ -38.61028487534935, -3.7239872840126 ], [ -38.610280750128908, -3.723889632987562 ], [ -38.610285968282916, -3.723816492738589 ], [ -38.610286139097006, -3.723752673446243 ], [ -38.610309415990493, -3.72370208734385 ], [ -38.61032008690416, -3.723690212320837 ], [ -38.610378556373917, -3.723625145128586 ], [ -38.610451237134335, -3.723548108404669 ], [ -38.610514236911285, -3.723518744143647 ], [ -38.610589692363511, -3.723524966562596 ], [ -38.610702586259649, -3.723573206729411 ], [ -38.610760288531964, -3.72359568419569 ], [ -38.610786541658911, -3.723615433383544 ], [ -38.610849442223127, -3.723594422733694 ], [ -38.610947172548649, -3.723616798531427 ], [ -38.611067297478854, -3.723602093093198 ], [ -38.611207910988391, -3.723564832093376 ], [ -38.611319475611914, -3.723527690160203 ], [ -38.611383414047744, -3.72344923172866 ], [ -38.611397987252118, -3.723433777267877 ], [ -38.611497406126624, -3.723328346411311 ], [ -38.611580383158227, -3.723247913464462 ], [ -38.6116403389411, -3.723193042730283 ], [ -38.611769040848635, -3.723129072962935 ], [ -38.611843706635199, -3.723098412675808 ], [ -38.611929224232554, -3.723085909118431 ], [ -38.612011386021656, -3.72308380059091 ], [ -38.612125777507032, -3.723070407171144 ], [ -38.612205323498607, -3.723056673251721 ], [ -38.612317012521487, -3.723025381779986 ], [ -38.6124112769741, -3.722972644054651 ], [ -38.612455673616012, -3.722954341378063 ], [ -38.612569786298693, -3.722905582690696 ], [ -38.612624587534576, -3.722859481293674 ], [ -38.612727140343239, -3.722785141993352 ], [ -38.612823482464243, -3.722711629572642 ], [ -38.613013442708969, -3.722648388381268 ], [ -38.613076159810063, -3.722608435377597 ], [ -38.613124085634993, -3.722559119364322 ], [ -38.613167769184209, -3.722512453311301 ], [ -38.613266778089894, -3.722466438668125 ], [ -38.613346081658413, -3.722445308446031 ], [ -38.613436255353676, -3.722427254118243 ], [ -38.613503366907622, -3.72240509314819 ], [ -38.613552138634837, -3.722397849854688 ], [ -38.613596241889162, -3.722391299893166 ], [ -38.61368658986023, -3.722382253377441 ], [ -38.613783658874119, -3.722383036754709 ], [ -38.613957955281045, -3.722413065718706 ], [ -38.61421273237697, -3.722522206382115 ], [ -38.6142512082439, -3.722568495597331 ], [ -38.614319493914998, -3.722615822668085 ], [ -38.614422219702519, -3.72268331188891 ], [ -38.614456970899518, -3.72271394204075 ], [ -38.614514271350558, -3.722738637740802 ], [ -38.614614696137224, -3.722767022568675 ], [ -38.614705102882965, -3.722779914708318 ], [ -38.614780210954954, -3.722772930644617 ], [ -38.614810776967012, -3.722737732236598 ], [ -38.614855589506853, -3.722700009518837 ], [ -38.614900349694487, -3.722669408076659 ], [ -38.614944944880136, -3.722603803919482 ], [ -38.614991417114993, -3.722533130181809 ], [ -38.615033943200608, -3.722451090663642 ], [ -38.615043301569429, -3.722363983142754 ], [ -38.615048635217093, -3.722260394697657 ], [ -38.615044950199255, -3.722122473052819 ], [ -38.615041366042952, -3.721865723497253 ], [ -38.615051366285776, -3.72180654549646 ], [ -38.615096713333031, -3.721711475131367 ], [ -38.615132493714988, -3.721649660349354 ], [ -38.615174170406966, -3.721592746391539 ], [ -38.615218873492537, -3.721533542456874 ], [ -38.615263287652084, -3.721483969138518 ], [ -38.615361369385134, -3.721434741447557 ], [ -38.615445049510107, -3.721403343828446 ], [ -38.615498588965472, -3.721371784473454 ], [ -38.615540574381264, -3.721331924565347 ], [ -38.615571415730876, -3.721298899246781 ], [ -38.615623029675646, -3.721254690294971 ], [ -38.615722982970006, -3.721197753308318 ], [ -38.615764399572619, -3.721166226530383 ], [ -38.615919247322921, -3.721036327706017 ], [ -38.615957103625661, -3.720977215130158 ], [ -38.615999804235052, -3.720922716734073 ], [ -38.616071089939723, -3.720870513228984 ], [ -38.616128225713261, -3.720825332963707 ], [ -38.616197316755589, -3.720787244870543 ], [ -38.616268837021039, -3.720761021680402 ], [ -38.616342966848876, -3.720744173085002 ], [ -38.616438385001899, -3.720734612609353 ], [ -38.616531858901766, -3.720732001268827 ], [ -38.616601454429976, -3.720731839486585 ], [ -38.616661269372337, -3.720736560691229 ], [ -38.616706689744248, -3.720748461656327 ], [ -38.616864414039107, -3.720870867936903 ], [ -38.616943311560078, -3.720932900882695 ], [ -38.61698632663763, -3.720975634295784 ], [ -38.617038962930536, -3.72103155923799 ], [ -38.617086851314937, -3.721128793108915 ], [ -38.617091645466516, -3.721155052540935 ], [ -38.617101220814739, -3.721195677702025 ], [ -38.617115639467841, -3.721245761055839 ], [ -38.617118044701016, -3.721324645086023 ], [ -38.617110848573425, -3.721439409465177 ], [ -38.617089258461235, -3.721532602867877 ], [ -38.617074891584103, -3.721616263916071 ], [ -38.617065294585458, -3.72166636069376 ], [ -38.617062883062481, -3.721711633401037 ], [ -38.617062870387841, -3.721768846475748 ], [ -38.617072417286003, -3.721814026319678 ], [ -38.617084356424762, -3.721854470122934 ], [ -38.617098700602348, -3.721902185793823 ], [ -38.6171321526759, -3.72196889525594 ], [ -38.617177514373346, -3.722030694656032 ], [ -38.617218072238018, -3.722073399428531 ], [ -38.617275394351324, -3.722082912536598 ], [ -38.617342287284522, -3.722090084325745 ], [ -38.617394845748642, -3.722094862791729 ], [ -38.61745471918649, -3.722097491181581 ], [ -38.61751230913147, -3.722093054989008 ], [ -38.617570009336177, -3.722038550101889 ], [ -38.617621214823409, -3.721977402332278 ], [ -38.617652826563287, -3.721910820781841 ], [ -38.617689275527688, -3.721839347307798 ], [ -38.617728460346363, -3.721729558611672 ], [ -38.617761211513987, -3.721629329334154 ], [ -38.617822545644415, -3.721540640214636 ], [ -38.61785033513614, -3.721492174458882 ], [ -38.617904443704624, -3.721425086676631 ], [ -38.617948870795857, -3.721334269761392 ], [ -38.617972092015414, -3.721272249383117 ], [ -38.618011390907654, -3.721153226075814 ], [ -38.618019689170069, -3.721101110796813 ], [ -38.618029558473204, -3.721039128956603 ], [ -38.618049955066873, -3.720756763081098 ], [ -38.618042287119351, -3.720692463499956 ], [ -38.618041435958155, -3.720635242225187 ], [ -38.618019216271513, -3.720549688948447 ], [ -38.617997415810031, -3.720490386160801 ], [ -38.617978146323139, -3.72041931957405 ], [ -38.617961152303678, -3.720369585590512 ], [ -38.617932634309703, -3.720322263109193 ], [ -38.617864327562401, -3.720253623398487 ], [ -38.617846515667459, -3.720241854745548 ], [ -38.617814792974123, -3.720220894965704 ], [ -38.617803302995291, -3.720213303320189 ], [ -38.617783870745384, -3.7202039648242 ], [ -38.617719019538328, -3.720172799476654 ], [ -38.617693134011496, -3.720160628605567 ], [ -38.617658005105923, -3.72014411167593 ], [ -38.617618102177708, -3.720136817749962 ], [ -38.61755169948389, -3.720143848806664 ], [ -38.617487389804275, -3.720153339341357 ], [ -38.617413592296494, -3.720174710758104 ], [ -38.617356473663015, -3.72018417843567 ], [ -38.617249206625118, -3.72018646846043 ], [ -38.617170452005304, -3.720167305891235 ], [ -38.61706051135085, -3.72012657799089 ], [ -38.616971918039951, -3.72008575418538 ], [ -38.616897494245784, -3.720042376954641 ], [ -38.616861408702796, -3.720011064084809 ], [ -38.616813742882044, -3.719924396196459 ], [ -38.616727753093357, -3.719768046103006 ], [ -38.616723166110475, -3.719759705864535 ], [ -38.616731596706515, -3.719574025084701 ], [ -38.616732102974971, -3.7195628747023 ], [ -38.616741805385026, -3.719546144607387 ], [ -38.61682797126501, -3.71939756670853 ], [ -38.616893798070549, -3.719284059921297 ], [ -38.616959236987377, -3.719210320015974 ], [ -38.617014969425696, -3.719140214612212 ], [ -38.617075572641568, -3.719038498983697 ], [ -38.617119190886655, -3.718975674695148 ], [ -38.617161600701742, -3.718926112629706 ], [ -38.617189490517951, -3.718890996887696 ], [ -38.617241460413588, -3.718827244241238 ], [ -38.617271594074978, -3.718807017694123 ] ] ] ] } },
{ "type": "Feature", "properties": { "nome": "AIS 03", "territorio": "Capital", "casos": 26, "populacao": 282323, "taxa": 9.2093099039043942, "classe": "9.2-11.8" }, "geometry": { "type": "MultiPolygon", "coordinates": [ [ [ [ -38.44524846626819, -3.819555676051022 ], [ -38.445471915998326, -3.820655990996719 ], [ -38.44545896249555, -3.821555285001227 ], [ -38.445740782997753, -3.8264200620031 ], [ -38.447379895996278, -3.8314650559964 ], [ -38.447557869998043, -3.831919704001318 ], [ -38.448340141999459, -3.833918068998449 ], [ -38.44988764899891, -3.837871280002761 ], [ -38.451476760000396, -3.839701164002554 ], [ -38.453295930001012, -3.840370181999234 ], [ -38.455908091001675, -3.840731214001933 ], [ -38.456057972671992, -3.840818623823715 ], [ -38.457183953998573, -3.841475285996945 ], [ -38.458121974996018, -3.84266923399957 ], [ -38.458810039002167, -3.843067131001562 ], [ -38.459310129003107, -3.843088218997486 ], [ -38.459409812335103, -3.84306862903781 ], [ -38.460165216999165, -3.842920174997282 ], [ -38.460208388729086, -3.842917688862618 ], [ -38.460894123001069, -3.842878198997668 ], [ -38.461874029999656, -3.843193168997885 ], [ -38.462665993996701, -3.843486207003896 ], [ -38.463270311678009, -3.84361090374446 ], [ -38.463374116004097, -3.843632323001911 ], [ -38.463624115998819, -3.843611228998205 ], [ -38.46379130600387, -3.843444044998965 ], [ -38.463645116999245, -3.842940905004198 ], [ -38.463624213997477, -3.842479891995471 ], [ -38.4636293918619, -3.842407182421704 ], [ -38.463637870005492, -3.842288128940521 ], [ -38.463645062000566, -3.842187135996988 ], [ -38.464020050997711, -3.842082188995966 ], [ -38.464458011998346, -3.84216627700069 ], [ -38.464625045002926, -3.84233416699854 ], [ -38.464936800003429, -3.842899173004354 ], [ -38.465134621955137, -3.843115879375474 ], [ -38.465166882001697, -3.843151218998114 ], [ -38.465777650903831, -3.843295202238938 ], [ -38.465875096001845, -3.843318173999105 ], [ -38.466333951999324, -3.8435071769979 ], [ -38.466405292127938, -3.843677972037418 ], [ -38.46659391161586, -3.844129544659102 ], [ -38.466605011998581, -3.84415612000024 ], [ -38.466812774000282, -3.844512097995429 ], [ -38.467146837998165, -3.844743159996556 ], [ -38.46731265499912, -3.84535000199654 ], [ -38.467205248497592, -3.845952884996724 ], [ -38.467308334499968, -3.846359456999953 ], [ -38.467432161999831, -3.848057135999903 ], [ -38.467599617999944, -3.848780038999968 ], [ -38.467609683999967, -3.849094062999934 ], [ -38.467661796999934, -3.849387179999794 ], [ -38.467849908999874, -3.849701199999901 ], [ -38.468506908999984, -3.850476227999859 ], [ -38.468676271848565, -3.850745206657641 ], [ -38.468724736999881, -3.850822177999933 ], [ -38.468903038999862, -3.850885191999907 ], [ -38.469028110999922, -3.850895285999918 ], [ -38.469184050999942, -3.850749147999913 ], [ -38.469309344999942, -3.850581018999953 ], [ -38.469444343999882, -3.850382026999913 ], [ -38.469622077999851, -3.850183188999883 ], [ -38.469954961999967, -3.850183243999886 ], [ -38.470381899999936, -3.850256171999855 ], [ -38.47064287899984, -3.850361273999986 ], [ -38.470821921821596, -3.850537535059508 ], [ -38.47105998999988, -3.85069613499996 ], [ -38.471069656999909, -3.851094097999931 ], [ -38.471184975999954, -3.85120923399989 ], [ -38.471330779999839, -3.851304177999909 ], [ -38.471455959999901, -3.85150311399995 ], [ -38.471455903999967, -3.852298892999872 ], [ -38.47130983199996, -3.852444851999898 ], [ -38.471121880999853, -3.852570839999828 ], [ -38.471059911999909, -3.852739011999941 ], [ -38.471142750999945, -3.853042243999895 ], [ -38.47120571899989, -3.853346154 ], [ -38.471309895999973, -3.853629175999878 ], [ -38.471486862999882, -3.853718236999917 ], [ -38.471663829999947, -3.8538072989999 ], [ -38.472071112999899, -3.853838181999937 ], [ -38.47266131801949, -3.85399708900593 ], [ -38.472828279994339, -3.854102106073996 ], [ -38.472963186918982, -3.854311061121625 ], [ -38.473414709999851, -3.854425206000012 ], [ -38.473451292999961, -3.854519189999889 ], [ -38.473490645999817, -3.854613267666541 ], [ -38.473760953231611, -3.85475431147388 ], [ -38.473774411749943, -3.854761333999869 ], [ -38.473907047999944, -3.8548223289999 ], [ -38.474074181999981, -3.854791136999909 ], [ -38.474533242999868, -3.85451921799982 ], [ -38.474782941999933, -3.854477124999926 ], [ -38.474970124999942, -3.854519200999861 ], [ -38.475231115999968, -3.854613297999893 ], [ -38.475688945999906, -3.855011200999947 ], [ -38.475845798999941, -3.855252093999971 ], [ -38.475918911999933, -3.855566075 ], [ -38.475938595999871, -3.855817043999915 ], [ -38.475907610999904, -3.856068976999864 ], [ -38.475813757999944, -3.856435027999912 ], [ -38.475688810999927, -3.856790963999968 ], [ -38.475541994562448, -3.857069450608578 ], [ -38.475522794999939, -3.857105868999889 ], [ -38.475365909999923, -3.857314946999962 ], [ -38.47534470399993, -3.857545980999843 ], [ -38.475344706999955, -3.857818008999875 ], [ -38.475438704999917, -3.858059131999895 ], [ -38.475615962999782, -3.85811124199991 ], [ -38.475911010733391, -3.85812684068213 ], [ -38.476011984999836, -3.858132178999853 ], [ -38.476067222874839, -3.858132166121544 ], [ -38.476252068999862, -3.858132122999894 ], [ -38.476470867999851, -3.858289221999929 ], [ -38.476741949999834, -3.858530368999858 ], [ -38.476950123999913, -3.858645150999787 ], [ -38.477242021999785, -3.858739214999845 ], [ -38.477774024999967, -3.859211168999917 ], [ -38.477908969999923, -3.859504168999777 ], [ -38.478023785999916, -3.859808170999939 ], [ -38.478043902999886, -3.860038088999934 ], [ -38.478043911999904, -3.860227010999947 ], [ -38.477877688999875, -3.860477858999864 ], [ -38.477700885999845, -3.860540867999877 ], [ -38.47753385299989, -3.860770961999849 ], [ -38.477387659999962, -3.86100194999994 ], [ -38.477353491642461, -3.861173018468194 ], [ -38.477345904999872, -3.861211001999891 ], [ -38.477397977544058, -3.861373344172933 ], [ -38.477439914999927, -3.861504088999913 ], [ -38.477774035999964, -3.862007211999951 ], [ -38.477899755065884, -3.862160843980299 ], [ -38.477962348098686, -3.862237304970651 ], [ -38.478482757050514, -3.862198648091914 ], [ -38.478836379230707, -3.862209616650863 ], [ -38.479316794016306, -3.86223506478584 ], [ -38.479712698122782, -3.862277088727838 ], [ -38.479941969204035, -3.862434173697002 ], [ -38.479957807622206, -3.862454079024036 ], [ -38.480191744313423, -3.862748084666134 ], [ -38.480285853193841, -3.862903983936152 ], [ -38.480654775999923, -3.86351513499975 ], [ -38.48069516779406, -3.863553349943349 ], [ -38.48082184599977, -3.863673200999875 ], [ -38.481009147999941, -3.863735272999951 ], [ -38.48119714999995, -3.863683152999879 ], [ -38.481593232999884, -3.863411050999924 ], [ -38.481657124368773, -3.863388887657115 ], [ -38.481920963595364, -3.863297364129875 ], [ -38.482390353850953, -3.863134536480114 ], [ -38.482651183809118, -3.863113423443489 ], [ -38.483047139753062, -3.863134573388697 ], [ -38.483135727410918, -3.863168341451657 ], [ -38.483199554225791, -3.86319267110803 ], [ -38.483264851732088, -3.863217561359946 ], [ -38.483748391297127, -3.863614079068606 ], [ -38.484129546154904, -3.863829732476889 ], [ -38.484243291132984, -3.863850724430646 ], [ -38.484293187132323, -3.863881715411614 ], [ -38.484427165019028, -3.864260755923523 ], [ -38.485392156467739, -3.864488732110124 ], [ -38.485574824072103, -3.864618476423854 ], [ -38.485713729120143, -3.864716316515771 ], [ -38.485832707888598, -3.865003616950153 ], [ -38.48593978595715, -3.865266974468382 ], [ -38.486621959759063, -3.865827032973194 ], [ -38.487854572569113, -3.866357270697147 ], [ -38.488375384458081, -3.866818119444011 ], [ -38.488661046862482, -3.867399661479093 ], [ -38.488785938001044, -3.86790162445446 ], [ -38.488884186519556, -3.869244890554814 ], [ -38.488904021678472, -3.86968490456889 ], [ -38.489029012835019, -3.870103894543603 ], [ -38.489488755666542, -3.871213322666546 ], [ -38.489968943799887, -3.871804957199917 ], [ -38.490442817999956, -3.872466222999836 ], [ -38.490728996999856, -3.872955115 ], [ -38.490943901999962, -3.873228165999871 ], [ -38.491014304999908, -3.873467666399847 ], [ -38.491058019999933, -3.873584096999856 ], [ -38.491114946999957, -3.873656179999899 ], [ -38.491187118999882, -3.873663268999897 ], [ -38.491359132999939, -3.87369924199985 ], [ -38.491436959999866, -3.873763276999965 ], [ -38.4915587979999, -3.873879302999945 ], [ -38.491637986999812, -3.87399413 ], [ -38.491773681999845, -3.874296228999846 ], [ -38.49188093399993, -3.874461171999877 ], [ -38.491880935999866, -3.874576005999875 ], [ -38.491859616999918, -3.874677094999889 ], [ -38.491859727999945, -3.874741992999932 ], [ -38.491787711999969, -3.874856961999896 ], [ -38.491715677999927, -3.874942954999796 ], [ -38.491680696999879, -3.875108044999901 ], [ -38.491665612999881, -3.875267033999815 ], [ -38.491765835999878, -3.875389169999881 ], [ -38.491831070999964, -3.875432199999923 ], [ -38.491860051999865, -3.875410089999872 ], [ -38.491888144999884, -3.87536701099993 ], [ -38.491924152999935, -3.875338266999949 ], [ -38.491987898999902, -3.875346196999859 ], [ -38.492030690999961, -3.875720092999877 ], [ -38.492016610999876, -3.875834969999892 ], [ -38.491994672999837, -3.875964127 ], [ -38.492002970999913, -3.876065089999885 ], [ -38.492037941999968, -3.876194172999778 ], [ -38.492196195999881, -3.876237289999822 ], [ -38.49232492099997, -3.876281241999899 ], [ -38.492395722999895, -3.876353155999974 ], [ -38.492402844999944, -3.876540003999803 ], [ -38.492331634999914, -3.876654960999934 ], [ -38.492317977999832, -3.876748059999888 ], [ -38.49229564199986, -3.876849002999904 ], [ -38.492231822999926, -3.876928019999848 ], [ -38.49223198899994, -3.877000209999707 ], [ -38.492324887999985, -3.877014183999903 ], [ -38.492359750999924, -3.877100101999835 ], [ -38.492395820999874, -3.877172168999853 ], [ -38.492445987999858, -3.877201248999931 ], [ -38.492511027999839, -3.877244162999828 ], [ -38.492538686999801, -3.877309078999871 ], [ -38.492574711999957, -3.87744612999982 ], [ -38.492646630999943, -3.877653979999861 ], [ -38.492674664999974, -3.877913006999902 ], [ -38.492603739999858, -3.87805696099992 ], [ -38.492531804999864, -3.878135856999891 ], [ -38.492488956999978, -3.878200980999855 ], [ -38.492524916999912, -3.878417050999874 ], [ -38.492488922999868, -3.878516960999881 ], [ -38.492431561999908, -3.878654138999857 ], [ -38.492452893999925, -3.878805242999735 ], [ -38.492560924999957, -3.878913096999877 ], [ -38.492567803999911, -3.87912102199988 ], [ -38.492538603999883, -3.879330064999909 ], [ -38.492538621999948, -3.879445002999949 ], [ -38.492517722999757, -3.879538927999858 ], [ -38.492402795999851, -3.879609973999864 ], [ -38.492424858999982, -3.879733072999882 ], [ -38.49251780599996, -3.880006134 ], [ -38.492597028999946, -3.880179157999906 ], [ -38.492754210999969, -3.880258350999867 ], [ -38.492846939999907, -3.880294281999974 ], [ -38.492910975999891, -3.880358245999886 ], [ -38.492989843999837, -3.880409308999915 ], [ -38.49313269699995, -3.88056015799993 ], [ -38.493175874999935, -3.880682067999731 ], [ -38.493190981999852, -3.880826095999906 ], [ -38.493268803999889, -3.88099821099982 ], [ -38.493411647999935, -3.881207131999813 ], [ -38.493419914999883, -3.881286064999948 ], [ -38.493411631999834, -3.881343905999866 ], [ -38.493361888999914, -3.881379935999947 ], [ -38.493383937999965, -3.881495043999914 ], [ -38.493461669999924, -3.881739262999817 ], [ -38.493576928999886, -3.882070073999929 ], [ -38.49359087799985, -3.882178040999885 ], [ -38.493590821999909, -3.882315021999907 ], [ -38.493576867999913, -3.882379011999883 ], [ -38.493569671999978, -3.882494107999857 ], [ -38.493612981999874, -3.882552361999898 ], [ -38.493705966999968, -3.882559164999856 ], [ -38.493855993999929, -3.882609260999895 ], [ -38.493948770999943, -3.882703123999868 ], [ -38.493948673999959, -3.882796069999796 ], [ -38.493919886999876, -3.882897051999888 ], [ -38.493919963999829, -3.882983140999939 ], [ -38.493955904999822, -3.883091153999865 ], [ -38.493927800999913, -3.883234834999853 ], [ -38.493826651999868, -3.883277716999844 ], [ -38.493755691999972, -3.883349952999934 ], [ -38.493776687999855, -3.883573076999882 ], [ -38.493848661999941, -3.883818264999953 ], [ -38.493898796999922, -3.883954173999875 ], [ -38.493948987999879, -3.883969187999905 ], [ -38.494064228999939, -3.883926145999911 ], [ -38.494227922999983, -3.883940191999892 ], [ -38.494363868999919, -3.884098145999932 ], [ -38.494403977499921, -3.884220192499904 ], [ -38.494507049999982, -3.884228283999978 ], [ -38.49455699799995, -3.884176965999846 ], [ -38.494678813999812, -3.884213326999938 ], [ -38.494800805999937, -3.884357258999949 ], [ -38.494809495999952, -3.884384808999929 ], [ -38.494886924999939, -3.884630286999859 ], [ -38.494907839999804, -3.884781131999939 ], [ -38.494993970999914, -3.884868284999853 ], [ -38.495180060999985, -3.884968249999877 ], [ -38.495308941999888, -3.885155225999888 ], [ -38.495451883999969, -3.885306289999964 ], [ -38.495508798999921, -3.885386371999879 ], [ -38.495774149999917, -3.885386294999924 ], [ -38.4959598599999, -3.88543634999988 ], [ -38.496081743999973, -3.885580187999879 ], [ -38.496095762999971, -3.885803064999953 ], [ -38.496038882999969, -3.886026122999873 ], [ -38.496081794999888, -3.886285222999965 ], [ -38.496153310999929, -3.886285215999844 ], [ -38.496224826999928, -3.886285208999913 ], [ -38.496338990999952, -3.886371319999967 ], [ -38.496611223999928, -3.886378342999954 ], [ -38.496754053999886, -3.886428236999784 ], [ -38.496904931999936, -3.886543229999899 ], [ -38.497041018999923, -3.886558249999914 ], [ -38.497197985999946, -3.886608253999948 ], [ -38.497348090999928, -3.886623230999714 ], [ -38.49743400699986, -3.886658293999791 ], [ -38.497483971999841, -3.886788134999902 ], [ -38.497483789999862, -3.887025227999913 ], [ -38.497562908999939, -3.887148227999944 ], [ -38.497785098999927, -3.887284256999895 ], [ -38.497921012999917, -3.887349428999834 ], [ -38.498279058999969, -3.887500219999918 ], [ -38.498644065999869, -3.88758631599993 ], [ -38.498780267999955, -3.887586254999854 ], [ -38.499086939999927, -3.887536144999897 ], [ -38.499302203999875, -3.887529279999969 ], [ -38.49970288799981, -3.887644203999862 ], [ -38.499974862999856, -3.887674176000024 ], [ -38.500181997999846, -3.887759235999938 ], [ -38.500639826999929, -3.88784529999994 ], [ -38.500682975999844, -3.887917261999907 ], [ -38.500732881999951, -3.887964236999758 ], [ -38.500782787999917, -3.888011212999879 ], [ -38.500948134999923, -3.88802526999998 ], [ -38.501069968999943, -3.888047197999917 ], [ -38.501097711999918, -3.888147188999942 ], [ -38.50119114999994, -3.888176301999889 ], [ -38.501327374999953, -3.888104249999772 ], [ -38.501377052999871, -3.888039106999906 ], [ -38.50144899699994, -3.887982186999914 ], [ -38.501542152999932, -3.887975237999964 ], [ -38.501713583043447, -3.888126897419016 ], [ -38.501767578873562, -3.888174666015396 ], [ -38.501875626759308, -3.888182084154663 ], [ -38.502819730387102, -3.888244103729362 ], [ -38.50396381226205, -3.888048342656713 ], [ -38.504554711017924, -3.888240176734826 ], [ -38.504649011884425, -3.888680116648267 ], [ -38.504561949365453, -3.88911291105509 ], [ -38.504642844474134, -3.889262077879635 ], [ -38.505194689209048, -3.889788017059533 ], [ -38.505419824848246, -3.889913260672378 ], [ -38.505468924854327, -3.890313792718944 ], [ -38.505755, -3.890541999872084 ], [ -38.506677500044347, -3.890020999923646 ], [ -38.507570916316382, -3.889445382566393 ], [ -38.508050157545902, -3.889039234081933 ], [ -38.508297633519128, -3.888851243827002 ], [ -38.508505, -3.888747999872157 ], [ -38.509004, -3.888715999872077 ], [ -38.509505, -3.888879999872055 ], [ -38.510856, -3.888697999872185 ], [ -38.511633388799815, -3.889068609124147 ], [ -38.512658785115541, -3.890265125733819 ], [ -38.51274667536876, -3.890719801439082 ], [ -38.51294042133852, -3.891326988220354 ], [ -38.513237334169325, -3.892198900706207 ], [ -38.513551365619769, -3.893141194201869 ], [ -38.514064440494906, -3.894603063324462 ], [ -38.514651, -3.89403499987192 ], [ -38.515793994407602, -3.892925487957364 ], [ -38.516765877164005, -3.892041222616153 ], [ -38.517825446260659, -3.891117111293978 ], [ -38.520200225077183, -3.889014035588712 ], [ -38.526151438732555, -3.883722808072256 ], [ -38.531158, -3.879366999872317 ], [ -38.530744987972426, -3.87919552423682 ], [ -38.530399, -3.878975999872424 ], [ -38.530142746584986, -3.878825619652629 ], [ -38.529976907290816, -3.87861977749784 ], [ -38.529775076863132, -3.878319890018975 ], [ -38.52963607914613, -3.878003859580215 ], [ -38.529422966396908, -3.877258857754905 ], [ -38.529200338559932, -3.876483212739977 ], [ -38.529021, -3.875953999872459 ], [ -38.528830990609165, -3.8755677005729 ], [ -38.528485207226453, -3.874845861772767 ], [ -38.528257965824274, -3.874085274182085 ], [ -38.528062008779251, -3.873347941258876 ], [ -38.527907, -3.872742999872641 ], [ -38.527751737768135, -3.872478418657634 ], [ -38.527454594957433, -3.87206253439557 ], [ -38.527017083671723, -3.871389668111627 ], [ -38.526677346661366, -3.870945924695266 ], [ -38.526452525545253, -3.870693036456534 ], [ -38.525937863016836, -3.870159863040736 ], [ -38.525474499909272, -3.869738999914921 ], [ -38.524793436279509, -3.869246361690765 ], [ -38.524432085364303, -3.868999212190111 ], [ -38.523802, -3.868629999872833 ], [ -38.523078, -3.868261999872772 ], [ -38.522425, -3.867976999872708 ], [ -38.521850499831586, -3.867757500050117 ], [ -38.521259202667906, -3.867555477259049 ], [ -38.520746463752744, -3.867386678792597 ], [ -38.520516, -3.867252999872779 ], [ -38.520361639297413, -3.867117899081867 ], [ -38.520256744507712, -3.866965131031743 ], [ -38.520195, -3.866779999872808 ], [ -38.519927358605941, -3.866202828245247 ], [ -38.519562, -3.865310999872897 ], [ -38.519294, -3.865034999872909 ], [ -38.519095018417801, -3.864827483242982 ], [ -38.518954, -3.864610999872865 ], [ -38.522287294800172, -3.863947136949335 ], [ -38.52322614290442, -3.863744403317066 ], [ -38.524926836631707, -3.863377154763895 ], [ -38.527080792477371, -3.862875708338419 ], [ -38.528477753714476, -3.862541750428202 ], [ -38.529220299418213, -3.862361232482389 ], [ -38.532842549731917, -3.861517555530028 ], [ -38.536131560524588, -3.860762391595633 ], [ -38.539176374623601, -3.859878426103502 ], [ -38.539870526974426, -3.859708260225068 ], [ -38.542319333673007, -3.85919018185028 ], [ -38.541358713244911, -3.853367270832411 ], [ -38.540842316483754, -3.850359186861346 ], [ -38.540390527884163, -3.847571263165785 ], [ -38.539745492922542, -3.843685436326408 ], [ -38.539493657353766, -3.842011644048665 ], [ -38.539339449956501, -3.841795146033268 ], [ -38.539021715740404, -3.841363268157058 ], [ -38.538461877542822, -3.840576309172691 ], [ -38.538390390645219, -3.840515282213592 ], [ -38.538333162371778, -3.840477323455102 ], [ -38.538264562948171, -3.840444252429742 ], [ -38.535852159672494, -3.84315253016014 ], [ -38.53584700535491, -3.843087442673212 ], [ -38.535821147278881, -3.842937888116831 ], [ -38.535792793271376, -3.842907023714166 ], [ -38.535736055768403, -3.84289984594474 ], [ -38.535693553777307, -3.842883176998089 ], [ -38.535603424424686, -3.84283436660079 ], [ -38.53554166698509, -3.842783310026006 ], [ -38.5354921395001, -3.84276907960273 ], [ -38.535407286161501, -3.842790292819833 ], [ -38.535350633933589, -3.84279026211179 ], [ -38.535290577431198, -3.842758294794039 ], [ -38.535244582727898, -3.842704985154499 ], [ -38.535230473172213, -3.842648164747262 ], [ -38.535258782616594, -3.842594895679637 ], [ -38.535290686996007, -3.84255583174912 ], [ -38.535280088087987, -3.842502541436509 ], [ -38.535223584607998, -3.842395851068142 ], [ -38.535156468727493, -3.842260839016971 ], [ -38.535145873648901, -3.842200492351085 ], [ -38.535167081364492, -3.842122341232611 ], [ -38.535209651945003, -3.842012176781962 ], [ -38.53534062482958, -3.841813313349108 ], [ -38.535467976780588, -3.841648191764599 ], [ -38.535545845246901, -3.841552340189502 ], [ -38.535563622735602, -3.841488390359091 ], [ -38.535545908640501, -3.841435096166757 ], [ -38.535446968921605, -3.841356879484442 ], [ -38.535372711029879, -3.841271529440418 ], [ -38.535323230749682, -3.841168461560021 ], [ -38.535305645153798, -3.841044151553277 ], [ -38.535326860496191, -3.840951797251198 ], [ -38.535341135020403, -3.840870114159387 ], [ -38.535312846070802, -3.840719110814697 ], [ -38.535298769212304, -3.840601859077593 ], [ -38.535298815352299, -3.840516549577608 ], [ -38.5353307311386, -3.840456226108478 ], [ -38.535341374217602, -3.840427825562257 ], [ -38.535330763819701, -3.840395794776089 ], [ -38.53529889412539, -3.840370899211347 ], [ -38.535252981914795, -3.840331792806276 ], [ -38.535178733712385, -3.840228711407752 ], [ -38.535125715943408, -3.84017186976543 ], [ -38.535033782260285, -3.840129210052407 ], [ -38.534881681110498, -3.840093573830153 ], [ -38.53473668357929, -3.840079291459067 ], [ -38.534545727736877, -3.840111121652055 ], [ -38.534411246686091, -3.84013592632046 ], [ -38.534308761923199, -3.840118138938288 ], [ -38.534269894142298, -3.840043483169178 ], [ -38.534252207117106, -3.839940432632123 ], [ -38.534270011567308, -3.8398268169704 ], [ -38.534305400904387, -3.839672320252771 ], [ -38.53434086396819, -3.839547948777323 ], [ -38.534379814520911, -3.839469807373445 ], [ -38.534369244553702, -3.839363232550111 ], [ -38.534341035274878, -3.839231769912112 ], [ -38.534242073202194, -3.839029252721052 ], [ -38.534118406384998, -3.838876387893008 ], [ -38.534042430817593, -3.838803521149951 ], [ -38.53395053589179, -3.838689755026057 ], [ -38.533855015228099, -3.838618686900193 ], [ -38.533752477249202, -3.838533321285394 ], [ -38.533650011983404, -3.838479980691136 ], [ -38.5335650901484, -3.838462202857065 ], [ -38.533490799885591, -3.838437284015949 ], [ -38.533427240884009, -3.838387492874966 ], [ -38.533261057762893, -3.838245279664857 ], [ -38.533175024401238, -3.838162309397358 ], [ -38.53303197586991, -3.838035564304072 ], [ -38.532944093913869, -3.83790299790817 ], [ -38.532812259028887, -3.837726234669034 ], [ -38.53268043619817, -3.837527385049496 ], [ -38.532526606952686, -3.837361652905811 ], [ -38.532517988514471, -3.837349252971543 ], [ -38.532427748917797, -3.837195950895307 ], [ -38.532372873835371, -3.837019229819741 ], [ -38.532361993686685, -3.836809403319098 ], [ -38.532406078647575, -3.836610650151747 ], [ -38.532395162465797, -3.836467082745891 ], [ -38.532318286973698, -3.836312435976426 ], [ -38.532191411618186, -3.836200563042572 ], [ -38.531999580793176, -3.836080354204638 ], [ -38.53193564701494, -3.836030728481651 ], [ -38.531812763269684, -3.835925647053758 ], [ -38.531610245766792, -3.835621649675101 ], [ -38.531429614704884, -3.835467448235498 ], [ -38.531220600444051, -3.835265381745054 ], [ -38.531091965121213, -3.835080925481798 ], [ -38.531029126609589, -3.834678592145533 ], [ -38.530965236748287, -3.834580711964869 ], [ -38.530892589524399, -3.834498568624907 ], [ -38.53074732789328, -3.834308447235646 ], [ -38.530664613570487, -3.834176109082338 ], [ -38.530587255399887, -3.834027858965632 ], [ -38.530537793629584, -3.833933138063902 ], [ -38.530461829253106, -3.833771361038062 ], [ -38.530426130870097, -3.833678524153625 ], [ -38.530318661022385, -3.833346445638661 ], [ -38.53031451610115, -3.833257994055707 ], [ -38.530312605172973, -3.833217215327946 ], [ -38.530316832724715, -3.833205910456417 ], [ -38.530349417030422, -3.833118776941556 ], [ -38.530484253926609, -3.833014238830912 ], [ -38.530550295308245, -3.83294967478112 ], [ -38.530723309268126, -3.832780531030958 ], [ -38.530919503478238, -3.832503723924664 ], [ -38.531029901835133, -3.83227609894612 ], [ -38.531109648276036, -3.832085379104504 ], [ -38.531177158731253, -3.831863884196689 ], [ -38.531232379606841, -3.831710072861678 ], [ -38.531226320251449, -3.831586996201804 ], [ -38.531195755514162, -3.831463906083757 ], [ -38.531134535611407, -3.831383874794399 ], [ -38.531103957490757, -3.831285399333868 ], [ -38.531085632062464, -3.83118693060317 ], [ -38.531091832107599, -3.83105155334438 ], [ -38.531122540863464, -3.830910035878918 ], [ -38.531110358524707, -3.83078080218923 ], [ -38.531073654080231, -3.830682323364645 ], [ -38.530981819293302, -3.830571506923557 ], [ -38.530908346789225, -3.830491468896009 ], [ -38.530816475177325, -3.830448342752189 ], [ -38.530712340844211, -3.830423670858894 ], [ -38.530602080181275, -3.830398995585721 ], [ -38.53050406884666, -3.830380480700652 ], [ -38.530357046823127, -3.830361938849209 ], [ -38.530252915875558, -3.830331113238632 ], [ -38.530148811785502, -3.830251058304225 ], [ -38.530099841375701, -3.830177187366869 ], [ -38.529928398000763, -3.830004790365291 ], [ -38.529836560079843, -3.829900127490179 ], [ -38.529622219053408, -3.829752321483085 ], [ -38.52940784785676, -3.829659898401758 ], [ -38.529144455982895, -3.829585909242105 ], [ -38.528911685717951, -3.829530397892591 ], [ -38.528727916025872, -3.829493374517575 ], [ -38.528597873068655, -3.829429320561361 ], [ -38.528533989689535, -3.829434464744185 ], [ -38.52848404296509, -3.829435218736374 ], [ -38.528474224699046, -3.829434472391949 ], [ -38.528464601439993, -3.829432379028802 ], [ -38.528455355468573, -3.829428978298733 ], [ -38.52844666191897, -3.829424334617218 ], [ -38.528438685461573, -3.829418535943451 ], [ -38.528418036699364, -3.829357352536874 ], [ -38.528372778329619, -3.829222380178261 ], [ -38.52833355082533, -3.829105594652597 ], [ -38.528317341029059, -3.829057291367777 ], [ -38.528279679254624, -3.828988635587154 ], [ -38.528218465765065, -3.828901033009703 ], [ -38.528139353138712, -3.828798746856364 ], [ -38.528067288678216, -3.828733858822365 ], [ -38.52798909005233, -3.828683641079412 ], [ -38.527809149166451, -3.828549585089698 ], [ -38.527657945762989, -3.82843069198755 ], [ -38.527551471670982, -3.828382351955166 ], [ -38.527477493782712, -3.828369530734564 ], [ -38.527428484162748, -3.828370450314747 ], [ -38.527390782778234, -3.828374216215917 ], [ -38.527349308867151, -3.82838271347465 ], [ -38.527310194017694, -3.828386005245505 ], [ -38.527260715752533, -3.828382191110192 ], [ -38.527239514305435, -3.828374132518893 ], [ -38.527216432047574, -3.828358499372039 ], [ -38.527192409644755, -3.828338605602594 ], [ -38.527131662880485, -3.828259523427042 ], [ -38.527001234502727, -3.828067273306967 ], [ -38.52698193958927, -3.828019928162052 ], [ -38.526969705501955, -3.827986787264905 ], [ -38.526962173696297, -3.827972109411492 ], [ -38.526951812626038, -3.827960743403965 ], [ -38.52688258434879, -3.827880236486299 ], [ -38.526758716813724, -3.827754731564885 ], [ -38.526623071151313, -3.827624013313885 ], [ -38.526566084795697, -3.827562446943054 ], [ -38.526544423313297, -3.827534034264906 ], [ -38.526493096018214, -3.827464897512434 ], [ -38.526419164255159, -3.827368294243991 ], [ -38.526314613046331, -3.827251320181438 ], [ -38.526268453827818, -3.827210586959219 ], [ -38.526235949667765, -3.827189741777924 ], [ -38.526203914669111, -3.827172683612371 ], [ -38.526155856710929, -3.827157036595183 ], [ -38.526115806202689, -3.827148020839949 ], [ -38.526068685785788, -3.827141367885006 ], [ -38.52604889628298, -3.827136623464137 ], [ -38.526027695140321, -3.827128091503355 ], [ -38.525983412838421, -3.827102032990715 ], [ -38.525935361656032, -3.827074079007155 ], [ -38.525860461480065, -3.827024809620302 ], [ -38.525721965979166, -3.826935270650214 ], [ -38.525598069846218, -3.826862306824193 ], [ -38.525494899715824, -3.826804974859884 ], [ -38.525381847882493, -3.826721603447977 ], [ -38.525310248799315, -3.826668075752644 ], [ -38.525279636161336, -3.826635397977536 ], [ -38.525252789017479, -3.826610769150118 ], [ -38.525227351686773, -3.826593241272966 ], [ -38.525200028614435, -3.826577132381196 ], [ -38.525140673980758, -3.826537811811707 ], [ -38.525100630815722, -3.826515542371375 ], [ -38.52505446518046, -3.826486642704133 ], [ -38.525019610354768, -3.826455855942383 ], [ -38.524976749924825, -3.826415124495703 ], [ -38.52494519196032, -3.826387652975319 ], [ -38.524893845826, -3.826353070287553 ], [ -38.524826947991762, -3.826319898985368 ], [ -38.524731782021831, -3.826275351693457 ], [ -38.524657815079266, -3.826243123137917 ], [ -38.524598446406166, -3.826229363130692 ], [ -38.524581010526582, -3.826229353433176 ], [ -38.524561688382327, -3.826231709408541 ], [ -38.524542835912293, -3.826236905711581 ], [ -38.524509842588714, -3.826248720970738 ], [ -38.524462237692376, -3.826266208233378 ], [ -38.524450455909331, -3.826267621712081 ], [ -38.524427366454447, -3.826265242143595 ], [ -38.524394854288197, -3.826259070575849 ], [ -38.524314757588421, -3.826233465404149 ], [ -38.524293088121404, -3.826219726355342 ], [ -38.52427895901657, -3.826205044813672 ], [ -38.52426577265323, -3.826189890452085 ], [ -38.52424740291216, -3.82617425986095 ], [ -38.524232798391019, -3.826167151565445 ], [ -38.524208771421797, -3.82615577792496 ], [ -38.52417061038971, -3.82613871628267 ], [ -38.524123492405884, -3.82612780313034 ], [ -38.524090982337867, -3.826117844797522 ], [ -38.524068369091985, -3.826106471940566 ], [ -38.524048586681843, -3.826088947181456 ], [ -38.52403116073306, -3.826070950389664 ], [ -38.52401844927342, -3.826049169467209 ], [ -38.523998207120329, -3.826010817295675 ], [ -38.523957725692945, -3.825928906164461 ], [ -38.523907352679828, -3.825838942667858 ], [ -38.523854644381963, -3.825711110313714 ], [ -38.52382829128338, -3.825645300758868 ], [ -38.523792509476877, -3.825586586118189 ], [ -38.523743530615455, -3.82553212422483 ], [ -38.523679951699187, -3.825462507173564 ], [ -38.523613536729783, -3.82540850890452 ], [ -38.523534871896558, -3.825350243704863 ], [ -38.523449605015912, -3.82530049501884 ], [ -38.523364336838142, -3.825253113046841 ], [ -38.523240443787039, -3.825175415488928 ], [ -38.523180617062344, -3.825137987919582 ], [ -38.523096759233702, -3.825096760188159 ], [ -38.523036452384353, -3.825075426051545 ], [ -38.522998760310841, -3.825062624726453 ], [ -38.522980858716018, -3.825052674507348 ], [ -38.522965313056083, -3.825043198946704 ], [ -38.522948592308524, -3.825028279269779 ], [ -38.522929166320552, -3.825005429564833 ], [ -38.522907974822658, -3.824979620472084 ], [ -38.522873595959048, -3.824940550377835 ], [ -38.522843219227859, -3.824907635992792 ], [ -38.522805300709301, -3.824878267480931 ], [ -38.522758664269894, -3.824848894102039 ], [ -38.52271579329495, -3.82482756967704 ], [ -38.522664437138069, -3.824811447301549 ], [ -38.522620149831447, -3.824794855525258 ], [ -38.522568324535435, -3.824774946127663 ], [ -38.522538170737008, -3.824764989059679 ], [ -38.522471733367304, -3.824751698318608 ], [ -38.522380321118142, -3.824736973590226 ], [ -38.522304925233797, -3.824732671375457 ], [ -38.522236127483481, -3.824726952807636 ], [ -38.522166390140477, -3.824716026921692 ], [ -38.522072625380275, -3.82469467402638 ], [ -38.521963778881144, -3.824677099444934 ], [ -38.521847863017008, -3.824660940930211 ], [ -38.521691424022904, -3.824638606259097 ], [ -38.521555239913503, -3.82463142991048 ], [ -38.5215142458038, -3.824624780153267 ], [ -38.521489745318824, -3.824617666279444 ], [ -38.521461477286003, -3.824606290198065 ], [ -38.52143698205311, -3.824589709440107 ], [ -38.521412960685637, -3.824568395503918 ], [ -38.521401659880162, -3.824552295473683 ], [ -38.521391302865581, -3.824533829250174 ], [ -38.521384241372395, -3.824521045002397 ], [ -38.521380005211775, -3.824512049090139 ], [ -38.52120534528553, -3.824206170918527 ], [ -38.521124350029631, -3.824101989830937 ], [ -38.521074919630102, -3.824012500086057 ], [ -38.521046221631586, -3.823926808703744 ], [ -38.521009523619057, -3.8238212323818 ], [ -38.520974244846698, -3.823705716624526 ], [ -38.520963908869298, -3.823649382868723 ], [ -38.52096156765397, -3.823622400934621 ], [ -38.520964880772794, -3.823596368855672 ], [ -38.520972905486019, -3.82357175944812 ], [ -38.520978578210951, -3.823539575215035 ], [ -38.520977652023419, -3.823510227351962 ], [ -38.520973892889153, -3.823490818131981 ], [ -38.52091140527979, -3.823153762021414 ], [ -38.520900142334163, -3.823069500434782 ], [ -38.520891693155207, -3.82300985432569 ], [ -38.520855009113056, -3.822879190764054 ], [ -38.520767564360874, -3.822508986574663 ], [ -38.520721915272567, -3.822399145136937 ], [ -38.520696967009442, -3.822349903359061 ], [ -38.520668247271431, -3.822303499533536 ], [ -38.520649411435159, -3.822278875080292 ], [ -38.520632935467226, -3.822247625129236 ], [ -38.520621175555256, -3.822209751000608 ], [ -38.520602826467112, -3.822157199508435 ], [ -38.520586826208557, -3.822117902971147 ], [ -38.520545872447087, -3.822038831535389 ], [ -38.520516213405784, -3.821986747049488 ], [ -38.520494079707085, -3.821960700713416 ], [ -38.520466764238961, -3.821931338063457 ], [ -38.520414482921844, -3.821884447684452 ], [ -38.520362203188206, -3.821834717238346 ], [ -38.520334411495028, -3.821814347858759 ], [ -38.520300964167028, -3.82179539534087 ], [ -38.520265631102603, -3.821777861797447 ], [ -38.520230765068753, -3.821767902022245 ], [ -38.520188828635959, -3.821761251691167 ], [ -38.520140765856894, -3.821755071267096 ], [ -38.520093647921094, -3.821744631272245 ], [ -38.520069619295128, -3.821736570945207 ], [ -38.520049362146089, -3.82172567266739 ], [ -38.520028164628158, -3.821710987108026 ], [ -38.520008854691092, -3.821691569164741 ], [ -38.519986717068655, -3.821672622979269 ], [ -38.519953744939627, -3.821646570552728 ], [ -38.519920297627884, -3.821627618021783 ], [ -38.519696987038841, -3.821527143751597 ], [ -38.519654582810873, -3.821514339659189 ], [ -38.519481659879482, -3.821476375051115 ], [ -38.519458104349489, -3.821465001564853 ], [ -38.519435965165549, -3.821448895431512 ], [ -38.519411005409815, -3.821420480765184 ], [ -38.519402063498248, -3.821399648600058 ], [ -38.519394537142119, -3.82137550382054 ], [ -38.519385596285083, -3.821352778279209 ], [ -38.519370525396212, -3.821337149458055 ], [ -38.519337082590305, -3.821310150058825 ], [ -38.519317301178155, -3.821291205182233 ], [ -38.519301764324474, -3.821266109214978 ], [ -38.519286702924489, -3.821233440007822 ], [ -38.519201026885419, -3.821073401554471 ], [ -38.519164780920455, -3.821002852912407 ], [ -38.519082896956931, -3.820803055672588 ], [ -38.519022680681047, -3.820619837649183 ], [ -38.519020817086236, -3.820581495725012 ], [ -38.51902513412837, -3.8204451750319 ], [ -38.519021855242066, -3.820409672377421 ], [ -38.519019987165677, -3.820379377301403 ], [ -38.519023765755058, -3.820363759066965 ], [ -38.519031326096233, -3.820326842469785 ], [ -38.519055413444249, -3.820229347103852 ], [ -38.519109185508981, -3.820137548540894 ], [ -38.519138916872045, -3.82005946345174 ], [ -38.519153092955079, -3.819989416475616 ], [ -38.519150301898257, -3.819924093411637 ], [ -38.519138554456362, -3.819863972103442 ], [ -38.519114556194388, -3.81980147719376 ], [ -38.519090091969289, -3.819729515138535 ], [ -38.519089639441574, -3.819695907447903 ], [ -38.519100500530634, -3.819655205948896 ], [ -38.519115131242941, -3.819614979910865 ], [ -38.519127392600403, -3.819598419750726 ], [ -38.519145776073302, -3.819588963191115 ], [ -38.519171224397361, -3.819586137416922 ], [ -38.519214579688928, -3.819583321696903 ], [ -38.519268306386543, -3.81957293829055 ], [ -38.519312141868184, -3.819554029132478 ], [ -38.519345147084429, -3.819520440222507 ], [ -38.51937910319635, -3.819471704830289 ], [ -38.519402697643514, -3.819413023392491 ], [ -38.519420178132016, -3.81933256468896 ], [ -38.519432476601978, -3.81924926301117 ], [ -38.519427329077061, -3.819184411966396 ], [ -38.519406150058586, -3.81913659231606 ], [ -38.519374605962447, -3.819084980094629 ], [ -38.519334588843357, -3.819016796069746 ], [ -38.519319062817914, -3.818972293000485 ], [ -38.519303067928128, -3.818923529570135 ], [ -38.519288964038886, -3.818863880284531 ], [ -38.519271098693252, -3.818789081873148 ], [ -38.51925886552916, -3.818754994224153 ], [ -38.519245219186011, -3.818719959093415 ], [ -38.519233473323297, -3.818656997721786 ], [ -38.519235865841942, -3.818591677565541 ], [ -38.519250043458236, -3.818518790517046 ], [ -38.519268439808123, -3.818486140092881 ], [ -38.51929578831222, -3.818455861413487 ], [ -38.519331145709415, -3.818429373981187 ], [ -38.519381110347545, -3.818404788120696 ], [ -38.519443800706469, -3.818375949298919 ], [ -38.519476333842576, -3.818343780144423 ], [ -38.519507458270581, -3.818302616657941 ], [ -38.519546135354339, -3.818238263539443 ], [ -38.51960038108664, -3.818141731742589 ], [ -38.51961359119607, -3.818113811841684 ], [ -38.519621622453009, -3.818077368840032 ], [ -38.519623063520044, -3.818028141848206 ], [ -38.519616036823834, -3.817952876174946 ], [ -38.519603379774161, -3.817833586330671 ], [ -38.519597749946769, -3.817788615471498 ], [ -38.519581276189435, -3.81775357875995 ], [ -38.519558212247105, -3.817705758058116 ], [ -38.519521028360927, -3.817627162061897 ], [ -38.51948386632062, -3.817509278506211 ], [ -38.519423641666762, -3.817328891077832 ], [ -38.519408516092625, -3.817282486220686 ], [ -38.519410305287025, -3.817239341552812 ], [ -38.51941711544066, -3.817213400924293 ], [ -38.519427963048905, -3.817196839960904 ], [ -38.519436929138642, -3.817174124467042 ], [ -38.519442128244798, -3.817146200073697 ], [ -38.519451103016451, -3.81710786422488 ], [ -38.519453948579454, -3.817075205069012 ], [ -38.519451616612884, -3.817031656091987 ], [ -38.519447867785139, -3.816993786451063 ], [ -38.519441293128779, -3.816953075159886 ], [ -38.519427184508643, -3.816901946070176 ], [ -38.5194130714167, -3.816858863829771 ], [ -38.519386723595943, -3.816784534007928 ], [ -38.51933166863612, -3.81664155317044 ], [ -38.519299674172814, -3.816552546508959 ], [ -38.519274723228079, -3.816508511499435 ], [ -38.519240815149466, -3.816471098283523 ], [ -38.519203140621279, -3.816427529478625 ], [ -38.519176297903904, -3.816395800355475 ], [ -38.519162644745606, -3.816373072172446 ], [ -38.519154177007039, -3.816347033489334 ], [ -38.519145243036121, -3.816312001004452 ], [ -38.519125017872128, -3.816243828088773 ], [ -38.519109962860718, -3.816199798629046 ], [ -38.519099606502884, -3.816180385704946 ], [ -38.519083595072843, -3.816161442951651 ], [ -38.51905675052447, -3.816133027234621 ], [ -38.519043097109567, -3.816110772394553 ], [ -38.519025212593363, -3.816070528099813 ], [ -38.519008280025062, -3.816013243947552 ], [ -38.518974879018799, -3.815911456196775 ], [ -38.518932992385558, -3.815815817157441 ], [ -38.518913702340406, -3.815760898402213 ], [ -38.518901006674739, -3.815711190134535 ], [ -38.518887850836094, -3.815641601151828 ], [ -38.518883622108135, -3.815619351600517 ], [ -38.518876562027636, -3.815604200623059 ], [ -38.518865733393724, -3.815586680809141 ], [ -38.518818182498876, -3.815508078978864 ], [ -38.518776740530846, -3.815460247949544 ], [ -38.518736234186434, -3.815424724393186 ], [ -38.518693364564847, -3.815401979801615 ], [ -38.518643898201404, -3.81537828481541 ], [ -38.518604325376224, -3.815358855480586 ], [ -38.518574177489121, -3.815338958093308 ], [ -38.518542144669006, -3.815319059646447 ], [ -38.518512941360143, -3.815295376034411 ], [ -38.518467730078051, -3.815246596187792 ], [ -38.518418756312094, -3.815184560588671 ], [ -38.518395218883072, -3.815140999701054 ], [ -38.518375444734922, -3.815109274531797 ], [ -38.51835378433632, -3.815079915023329 ], [ -38.51831469752716, -3.815033978676934 ], [ -38.518284562575403, -3.81499088742447 ], [ -38.51825584238118, -3.814945903589601 ], [ -38.518213465649623, -3.814884345033637 ], [ -38.518172963046965, -3.814842194640318 ], [ -38.518153659882671, -3.814810943076473 ], [ -38.518145663945766, -3.814783957965042 ], [ -38.518132979143651, -3.814714842587656 ], [ -38.518116532651163, -3.814631051426857 ], [ -38.518104781089654, -3.814578503619622 ], [ -38.518091131148587, -3.814550095297632 ], [ -38.518072762548123, -3.814533044583083 ], [ -38.518049210120054, -3.814516464298513 ], [ -38.518017649894333, -3.814494199381921 ], [ -38.517979496626509, -3.814464357251329 ], [ -38.517950762220686, -3.814444933986264 ], [ -38.517880568009701, -3.814409867051558 ], [ -38.517796233911199, -3.81437999894534 ], [ -38.517715669155962, -3.814351079640037 ], [ -38.517613434550647, -3.814309841189214 ], [ -38.517545595476143, -3.814276668931602 ], [ -38.517497071678868, -3.814252974421089 ], [ -38.517405673343475, -3.81421552879885 ], [ -38.517343475613323, -3.814206500252006 ], [ -38.517278919079352, -3.814202203813983 ], [ -38.517195985519571, -3.814196003647452 ], [ -38.517083832615683, -3.814194993802425 ], [ -38.516995719990973, -3.814180743850416 ], [ -38.516914215731305, -3.814146617161242 ], [ -38.516871827241062, -3.814106359032003 ], [ -38.516839809048818, -3.814060426615491 ], [ -38.516778135446955, -3.813956729509544 ], [ -38.516720702688708, -3.813853508134921 ], [ -38.516712230547135, -3.813835516285388 ], [ -38.516710359100401, -3.81381137468286 ], [ -38.516715087290336, -3.813782976702992 ], [ -38.516731625376934, -3.813702517530022 ], [ -38.516732114057987, -3.813671277096268 ], [ -38.516727889619979, -3.813641454038729 ], [ -38.516720364703616, -3.813614942529836 ], [ -38.516702944961629, -3.813586532068403 ], [ -38.516683636589143, -3.813564747359416 ], [ -38.516660086067354, -3.813544853635593 ], [ -38.516633243265012, -3.813513597797867 ], [ -38.516612528337809, -3.813479032004986 ], [ -38.516594643186771, -3.813440207710196 ], [ -38.516551813922852, -3.813345514754409 ], [ -38.51650993083441, -3.813244195513912 ], [ -38.516478408782035, -3.81315376902698 ], [ -38.516453930622149, -3.813107367508731 ], [ -38.516425674936386, -3.813074690838152 ], [ -38.516374801428391, -3.81303963469373 ], [ -38.51631638238937, -3.813014987860991 ], [ -38.516258430088392, -3.812998388136822 ], [ -38.516170790956572, -3.812980351631539 ], [ -38.516091161188236, -3.812965159700732 ], [ -38.515915881888141, -3.812930980024716 ], [ -38.515803740293379, -3.81291008959073 ], [ -38.515781596886207, -3.812902030242146 ], [ -38.51576039806249, -3.812890184674135 ], [ -38.515739672325509, -3.812875025964638 ], [ -38.51570999900688, -3.812849448634596 ], [ -38.515662902024097, -3.812802560985014 ], [ -38.515614396913662, -3.812745732314042 ], [ -38.515552702348032, -3.812679902656183 ], [ -38.515511731133252, -3.812633491803903 ], [ -38.51547076866725, -3.812571460603029 ], [ -38.515457593253032, -3.812537372392842 ], [ -38.515449132013323, -3.812499973437365 ], [ -38.515439269798215, -3.812439853178443 ], [ -38.515433193337671, -3.812351334417776 ], [ -38.515428041851678, -3.81229405688371 ], [ -38.515415354103169, -3.812230621620704 ], [ -38.515397009190863, -3.812171443258184 ], [ -38.515356537063916, -3.812075331564047 ], [ -38.515305241195357, -3.81195317983433 ], [ -38.515279353409433, -3.811899677337317 ], [ -38.515247810583354, -3.811846644988826 ], [ -38.515227570689525, -3.811805452625753 ], [ -38.515212981598843, -3.811771363615179 ], [ -38.515177698618558, -3.811665314624773 ], [ -38.515149003871137, -3.811575363052255 ], [ -38.515140544770006, -3.811534177345072 ], [ -38.515137747602431, -3.811480214549543 ], [ -38.515137779942975, -3.811422466600876 ], [ -38.515142998212248, -3.81136046148647 ], [ -38.51514819766016, -3.811332063784791 ], [ -38.515152446958197, -3.811317392521965 ], [ -38.515154339304914, -3.811304139959356 ], [ -38.515115740947593, -3.811138619721947 ], [ -38.514905607039651, -3.811191101516134 ], [ -38.513925906987787, -3.811433754694998 ], [ -38.5138157487077, -3.81146107905076 ], [ -38.513100271188137, -3.811636665541103 ], [ -38.512721103067015, -3.811701305763159 ], [ -38.512438026966031, -3.811734350952432 ], [ -38.512049595498659, -3.811738280887759 ], [ -38.511706641930857, -3.811700729034908 ], [ -38.511375650763966, -3.811641580808443 ], [ -38.51134090963491, -3.81175448055958 ], [ -38.511113120029371, -3.811940098069985 ], [ -38.510964096552897, -3.812038457650849 ], [ -38.510749591319438, -3.812205904703331 ], [ -38.510710184059924, -3.812228990416155 ], [ -38.510556420586475, -3.812342885784904 ], [ -38.510477699237846, -3.812388281858911 ], [ -38.510401807947872, -3.812428946103296 ], [ -38.510162823142892, -3.812553299049825 ], [ -38.510122287051502, -3.812571262959612 ], [ -38.510065729086342, -3.81258921771661 ], [ -38.509988907091049, -3.812609054268785 ], [ -38.509727802189474, -3.812684166708836 ], [ -38.509456326401036, -3.812765899942728 ], [ -38.509071272744563, -3.812866975171698 ], [ -38.508600436046109, -3.813001135120551 ], [ -38.508445843296784, -3.813051694293407 ], [ -38.508359590959977, -3.813081465498148 ], [ -38.508281819712892, -3.813113134929649 ], [ -38.508207816700555, -3.813147646574937 ], [ -38.508141825967414, -3.813179796090505 ], [ -38.508011254146538, -3.813251196065151 ], [ -38.507639332188027, -3.813462093812003 ], [ -38.507225930870057, -3.813691901275758 ], [ -38.507018994519399, -3.813806804786291 ], [ -38.506834609074595, -3.813915803013909 ], [ -38.506827049254412, -3.813923585276721 ], [ -38.50681989981107, -3.813931749476938 ], [ -38.50681317984143, -3.813940273807175 ], [ -38.506806907295207, -3.813949135498114 ], [ -38.506801098927006, -3.813958310879355 ], [ -38.506795770251536, -3.813967775442534 ], [ -38.506790935502245, -3.813977503906889 ], [ -38.506786607593178, -3.813987470286756 ], [ -38.5067827980847, -3.813997647960957 ], [ -38.506779517152331, -3.814008009743906 ], [ -38.506776773559807, -3.814018527958325 ], [ -38.50677457463555, -3.814029174508978 ], [ -38.506772926253127, -3.814039920957943 ], [ -38.506771832815502, -3.814050738600379 ], [ -38.506771297243453, -3.814061598541297 ], [ -38.506771320967509, -3.814072471772752 ], [ -38.506771903924317, -3.814083329251253 ], [ -38.506773044556802, -3.81409414197541 ], [ -38.506774739818226, -3.814104881063424 ], [ -38.506776985180387, -3.814115517830069 ], [ -38.506779774645743, -3.814126023863561 ], [ -38.506783100763364, -3.814136371101183 ], [ -38.506786954648895, -3.81414653190448 ], [ -38.506822728088402, -3.814217080643683 ], [ -38.506880640005122, -3.814304209132639 ], [ -38.507027074013848, -3.814513511113988 ], [ -38.507198450783306, -3.814780101967077 ], [ -38.507303455023909, -3.814921691996102 ], [ -38.507459334908638, -3.815094078570248 ], [ -38.506964929513714, -3.815238164093429 ], [ -38.506491271735683, -3.815358594087854 ], [ -38.506092543931388, -3.815471966832001 ], [ -38.505636325365671, -3.815585779563784 ], [ -38.504754040092031, -3.815825255254234 ], [ -38.503856671452652, -3.816070874700581 ], [ -38.502406929035487, -3.816469535733742 ], [ -38.502199368536559, -3.816524834895124 ], [ -38.501864456306834, -3.816614063527675 ], [ -38.501764616435977, -3.816642618960689 ], [ -38.501636299029009, -3.816128624422598 ], [ -38.501494915661951, -3.816220269292383 ], [ -38.50136382875835, -3.816309531171035 ], [ -38.501130946016509, -3.816471752266695 ], [ -38.500836788407071, -3.816659024770495 ], [ -38.500407332325629, -3.816940413515576 ], [ -38.500091476884641, -3.81716364712545 ], [ -38.499990674296157, -3.817092113533353 ], [ -38.49968168169827, -3.816856208425803 ], [ -38.499459357777134, -3.816686621852345 ], [ -38.499240329012871, -3.816523190614104 ], [ -38.49902317978087, -3.81636922728479 ], [ -38.498981728024795, -3.816340329141112 ], [ -38.498956760915718, -3.816326114260366 ], [ -38.498934619009752, -3.816315687773154 ], [ -38.498904938477438, -3.816303363506368 ], [ -38.498720724339208, -3.816237934470054 ], [ -38.49849316643698, -3.816155913038319 ], [ -38.497997068391363, -3.815966285499394 ], [ -38.498441073836581, -3.814973945677754 ], [ -38.498688798995566, -3.814407499257378 ], [ -38.498908666589337, -3.813901708818372 ], [ -38.498652221008896, -3.81378443949325 ], [ -38.498103771033527, -3.813541257528533 ], [ -38.497604278770247, -3.813315780533515 ], [ -38.497002282745612, -3.813052584330499 ], [ -38.496606053976528, -3.812875585885103 ], [ -38.496153978896224, -3.812686257712663 ], [ -38.49559253198867, -3.812428464281378 ], [ -38.494969121665392, -3.812152188908839 ], [ -38.494370192408169, -3.81188130739485 ], [ -38.493808742183084, -3.811631198403946 ], [ -38.493103488574121, -3.811315677622103 ], [ -38.492792929900062, -3.811180998325084 ], [ -38.492751147605681, -3.811163433625393 ], [ -38.492363895803038, -3.812150651319921 ], [ -38.492206827128555, -3.812524840884596 ], [ -38.492071991382545, -3.812822957388201 ], [ -38.491968572308167, -3.813041163554206 ], [ -38.491947504257787, -3.813087648182059 ], [ -38.491936771394386, -3.813123763543843 ], [ -38.491931765863278, -3.813178711704904 ], [ -38.491933272411288, -3.813219061326349 ], [ -38.491943957448335, -3.813264411941776 ], [ -38.491958467176516, -3.813311301917262 ], [ -38.491975272712928, -3.813357424705344 ], [ -38.492002765547973, -3.813445055373761 ], [ -38.49201648309171, -3.813538057712972 ], [ -38.492031658233607, -3.813754797018137 ], [ -38.492046013208785, -3.814065298597641 ], [ -38.492062699636968, -3.814314317780137 ], [ -38.492067938150527, -3.814514143158714 ], [ -38.492066387604737, -3.81454872686461 ], [ -38.492061012362768, -3.814581771210126 ], [ -38.491985829330275, -3.814924498715155 ], [ -38.491556531982397, -3.815034915002478 ], [ -38.491002488773923, -3.815198286747522 ], [ -38.4903130155055, -3.815367725965616 ], [ -38.489460543298591, -3.815584717428563 ], [ -38.488941704582267, -3.815731969224949 ], [ -38.48882768575438, -3.815758800370865 ], [ -38.488719028216366, -3.815776412137333 ], [ -38.488655517320581, -3.815786365357307 ], [ -38.488572883869473, -3.815787084600966 ], [ -38.488065604103433, -3.815795235772475 ], [ -38.48795006866677, -3.815799009489995 ], [ -38.487793207633175, -3.815818129429872 ], [ -38.487686849087261, -3.815829594062174 ], [ -38.487601911630776, -3.815844914220788 ], [ -38.487467227689805, -3.815883261022876 ], [ -38.487183320670667, -3.815963020045696 ], [ -38.486649952440821, -3.816096427838752 ], [ -38.486167848984088, -3.816226791829834 ], [ -38.485734725469136, -3.816336434170357 ], [ -38.485155446006075, -3.816475961788306 ], [ -38.484828694670554, -3.816551082954823 ], [ -38.484534852185249, -3.816611621406333 ], [ -38.484601183555078, -3.817004388452479 ], [ -38.484656080295039, -3.817326442362785 ], [ -38.484685807773531, -3.817514754081443 ], [ -38.484201420826572, -3.817623596147081 ], [ -38.48344461702581, -3.817788377568661 ], [ -38.483182918369593, -3.81783356394506 ], [ -38.483032765736482, -3.817867614300209 ], [ -38.483033261288753, -3.817961590958355 ], [ -38.482994227448529, -3.818244596367653 ], [ -38.482935302142252, -3.818386846698685 ], [ -38.482798094813717, -3.818713223396836 ], [ -38.482533546068012, -3.819033567793575 ], [ -38.482389154608747, -3.819153944441513 ], [ -38.482130887275929, -3.819351839120025 ], [ -38.48172818410071, -3.819743613581106 ], [ -38.481486110386548, -3.82005381466651 ], [ -38.481313143555802, -3.820370182813756 ], [ -38.48095469344743, -3.820157888708754 ], [ -38.480897532197922, -3.820129990148674 ], [ -38.480840380521897, -3.820086169361068 ], [ -38.48080226543297, -3.820029455632907 ], [ -38.480019450200587, -3.820316632874662 ], [ -38.479952534382278, -3.820321393101082 ], [ -38.479813145943297, -3.82029890434065 ], [ -38.479686515846566, -3.820254819384203 ], [ -38.479610480070839, -3.820191961747013 ], [ -38.479572244120007, -3.820191938504407 ], [ -38.479403384104884, -3.820166231183492 ], [ -38.478686540270694, -3.820032970845587 ], [ -38.478538533768472, -3.819962122829339 ], [ -38.478489044927123, -3.819938433414714 ], [ -38.478363228467572, -3.819866343687153 ], [ -38.478255642771863, -3.819820175440226 ], [ -38.478138606833745, -3.819768501192164 ], [ -38.477448941323424, -3.819553729523936 ], [ -38.476451846409802, -3.819181853110736 ], [ -38.476212883762706, -3.819162503498482 ], [ -38.475857679059317, -3.819046265131118 ], [ -38.475353169650006, -3.818861931541468 ], [ -38.47468589217705, -3.818618886219695 ], [ -38.474556346462016, -3.818584584208958 ], [ -38.474409799069413, -3.818546087336379 ], [ -38.474359295867288, -3.818486012772746 ], [ -38.474273872038118, -3.818387583806259 ], [ -38.474144311868834, -3.818255008708736 ], [ -38.474038506150421, -3.818159410464304 ], [ -38.473877810324147, -3.818025678916261 ], [ -38.473785575884278, -3.81795567825403 ], [ -38.473695038770984, -3.817887384577985 ], [ -38.473624306055534, -3.817835025276148 ], [ -38.473575074001751, -3.817802013297509 ], [ -38.473511122922439, -3.817768992270474 ], [ -38.473200420270032, -3.817612422396613 ], [ -38.472872348076585, -3.817450907642499 ], [ -38.472854626855643, -3.817442183221573 ], [ -38.472308495840238, -3.817161502395282 ], [ -38.471497504029571, -3.816748162435706 ], [ -38.471203782167152, -3.81659728891467 ], [ -38.471065128740712, -3.816523847455078 ], [ -38.470883464138197, -3.816428202069201 ], [ -38.470706890086575, -3.816339952244452 ], [ -38.470199811397386, -3.816077491183012 ], [ -38.469573313146739, -3.815765483409212 ], [ -38.4690254732105, -3.815505839769513 ], [ -38.468465182958546, -3.815239932958029 ], [ -38.467779820702837, -3.814910828043242 ], [ -38.466832988040515, -3.814462143610299 ], [ -38.466152146243488, -3.814148962563868 ], [ -38.465852193528228, -3.814007181966327 ], [ -38.465630908542138, -3.813901275242377 ], [ -38.46541188982016, -3.813792526623902 ], [ -38.465198528071816, -3.813690605291836 ], [ -38.4649438587725, -3.813558519703158 ], [ -38.464813696746916, -3.813487357269523 ], [ -38.464726547724581, -3.813434987111448 ], [ -38.464624689275006, -3.813367254212794 ], [ -38.464389851716398, -3.813206748382904 ], [ -38.46412107284231, -3.813005278522862 ], [ -38.463924169946409, -3.8128368351922 ], [ -38.46383251152038, -3.812753186405813 ], [ -38.463691641163656, -3.812605249447132 ], [ -38.463366916630704, -3.81224395387811 ], [ -38.463111522879686, -3.811911987071694 ], [ -38.463039125125995, -3.811807878888344 ], [ -38.46296164084761, -3.811690119934817 ], [ -38.462890375705982, -3.811585443815612 ], [ -38.46284060693413, -3.811506370368133 ], [ -38.462805545074417, -3.811446640221585 ], [ -38.462760876615221, -3.811359040222148 ], [ -38.462698685892171, -3.811227643247268 ], [ -38.462590709701331, -3.810984193631987 ], [ -38.462487267399176, -3.810732785762854 ], [ -38.462406436392669, -3.810534845104666 ], [ -38.462351614383742, -3.810388667842061 ], [ -38.462301896558913, -3.810227708884222 ], [ -38.462260666873924, -3.810072441737645 ], [ -38.462143167329316, -3.809667489684319 ], [ -38.461923142317119, -3.808902802562776 ], [ -38.461767795995897, -3.808365331442428 ], [ -38.461654252147063, -3.807972323485065 ], [ -38.461603740023321, -3.807793797322128 ], [ -38.461379044714619, -3.807751621425894 ], [ -38.461215607741913, -3.807719922181014 ], [ -38.461068456414957, -3.80769443962711 ], [ -38.460970165494039, -3.807681964944544 ], [ -38.460733138692667, -3.80766037551883 ], [ -38.460451177504993, -3.80763537243979 ], [ -38.460086096455676, -3.807590004842048 ], [ -38.459874917369696, -3.807553761523179 ], [ -38.459690697396105, -3.807522048931938 ], [ -38.459487387170419, -3.807477911290317 ], [ -38.459222294219778, -3.807425835527594 ], [ -38.458901049017328, -3.807344384501553 ], [ -38.458697747355934, -3.807286705236972 ], [ -38.458504556435656, -3.807229032301637 ], [ -38.458285537653026, -3.807154416224273 ], [ -38.457982282090825, -3.807049278685159 ], [ -38.457785728116036, -3.80698031893778 ], [ -38.457649818623985, -3.806942994155937 ], [ -38.457520365054158, -3.806911597815544 ], [ -38.457307647287756, -3.806866325298822 ], [ -38.456836580780696, -3.80676376144372 ], [ -38.456566998830311, -3.806705052409084 ], [ -38.456232830097385, -3.806631491460773 ], [ -38.455726662659096, -3.806520441412721 ], [ -38.455228215291292, -3.806415038248661 ], [ -38.454950906634622, -3.806361966107103 ], [ -38.454837174216053, -3.806341440728126 ], [ -38.454594260738475, -3.806303201255171 ], [ -38.454168811827785, -3.806235223871764 ], [ -38.453712473690388, -3.806160173814697 ], [ -38.453199970528289, -3.806076624386681 ], [ -38.452857366251145, -3.806019983632523 ], [ -38.452631297043816, -3.80599303888813 ], [ -38.452445946097477, -3.805974583433139 ], [ -38.452071026112939, -3.805946133115942 ], [ -38.451878652115781, -3.805930494196369 ], [ -38.451450027302073, -3.805889226097846 ], [ -38.451260988357078, -3.805873765493141 ], [ -38.451097751716134, -3.805859908216908 ], [ -38.450843945614551, -3.80583752963857 ], [ -38.450561704931189, -3.805812487995491 ], [ -38.450308950063437, -3.805793283708941 ], [ -38.450009331374531, -3.805768759734616 ], [ -38.449805021864798, -3.80575223111904 ], [ -38.44954963508237, -3.805731438042357 ], [ -38.449255807704226, -3.805709033369762 ], [ -38.449001474838568, -3.805687182885034 ], [ -38.448632610898009, -3.80565917578636 ], [ -38.448278768158652, -3.805610548654391 ], [ -38.447807248137572, -3.805534868711931 ], [ -38.447387855806291, -3.805467949916651 ], [ -38.447125638680404, -3.805423348457506 ], [ -38.446968075958083, -3.805389525753225 ], [ -38.446686516574751, -3.805329042860772 ], [ -38.446420748065471, -3.805279678253832 ], [ -38.446124254564999, -3.805231284443098 ], [ -38.445995532784643, -3.805212331012718 ], [ -38.445795566930975, -3.80555043515647 ], [ -38.445585689429699, -3.805905297617805 ], [ -38.445466362906679, -3.806192447276351 ], [ -38.445335183263985, -3.80638384703447 ], [ -38.445263513737721, -3.806671027397392 ], [ -38.44508457718397, -3.807017977356453 ], [ -38.444381050669357, -3.807927073475177 ], [ -38.443166761002161, -3.809278938002804 ], [ -38.442218905997791, -3.8116729599987 ], [ -38.442270783002812, -3.81373203599874 ], [ -38.442603756002171, -3.815791095004112 ], [ -38.443961015997012, -3.817928125999762 ], [ -38.445189671998257, -3.819266159995658 ], [ -38.44524846626819, -3.819555676051022 ] ] ] ] } },
{ "type": "Feature", "properties": { "nome": "AIS 02", "territorio": "Capital", "casos": 25, "populacao": 271536, "taxa": 9.2068823286783363, "classe": "5.9-9.2" }, "geometry": { "type": "MultiPolygon", "coordinates": [ [ [ [ -38.597863503146506, -3.759469616961093 ], [ -38.597796177283499, -3.759473845982545 ], [ -38.597720374060671, -3.759468485744325 ], [ -38.597655175470685, -3.759457805219117 ], [ -38.597558168359349, -3.75945137012216 ], [ -38.59746221634137, -3.759456118392072 ], [ -38.597274549272591, -3.759474137157885 ], [ -38.597109146310622, -3.759493231231618 ], [ -38.596999400686585, -3.759521403875273 ], [ -38.596908731663419, -3.759565560899692 ], [ -38.596822296659525, -3.759624630394007 ], [ -38.596755473742334, -3.75968796911863 ], [ -38.596697132569616, -3.759751311769785 ], [ -38.59667008156223, -3.759784847891067 ], [ -38.596653106796602, -3.759809335869779 ], [ -38.596590488016716, -3.759952554299718 ], [ -38.596439251251141, -3.760290633364978 ], [ -38.596392557738035, -3.760385932500444 ], [ -38.596370795061809, -3.760447162022593 ], [ -38.596344248899129, -3.760535547764557 ], [ -38.596314534318068, -3.760597306111606 ], [ -38.596271571878702, -3.760648407937683 ], [ -38.596216948970735, -3.760695244199182 ], [ -38.596153318350069, -3.760733023459797 ], [ -38.595976218640814, -3.76082613191829 ], [ -38.595868047458524, -3.760888386306688 ], [ -38.59578850270838, -3.760949588950913 ], [ -38.595714251935242, -3.761026237081828 ], [ -38.595649016215845, -3.761095966658104 ], [ -38.595462871117526, -3.761261493291562 ], [ -38.595394449540507, -3.761342404247968 ], [ -38.595356784678167, -3.761400963740871 ], [ -38.595329724232656, -3.761454735502066 ], [ -38.595305303528185, -3.761531939299158 ], [ -38.59529361358134, -3.761591575915156 ], [ -38.595291466853148, -3.761648554381508 ], [ -38.595291688219895, -3.761742722611928 ], [ -38.59529190999757, -3.761837066090579 ], [ -38.595290287235819, -3.76190735775965 ], [ -38.595287075614657, -3.76197445357866 ], [ -38.595278562146163, -3.76204314448416 ], [ -38.59525944965074, -3.762104907715603 ], [ -38.59521487855433, -3.762195415082663 ], [ -38.59517774866454, -3.76224332444345 ], [ -38.595142749046573, -3.762269934060242 ], [ -38.595099800218769, -3.76229121478901 ], [ -38.595058971341651, -3.762313561539719 ], [ -38.595030328133262, -3.762350824479419 ], [ -38.595012284931727, -3.762392885021906 ], [ -38.594985189511014, -3.762522274353576 ], [ -38.594944836133898, -3.762662840389566 ], [ -38.594913478892757, -3.762837491788134 ], [ -38.594891665118197, -3.763008952522297 ], [ -38.594881563725849, -3.763072317494391 ], [ -38.594867230049687, -3.763117042351675 ], [ -38.594836450119196, -3.763189450493722 ], [ -38.594798775040914, -3.763269843193686 ], [ -38.594740914857042, -3.763438624517752 ], [ -38.594713831162849, -3.763542452956674 ], [ -38.594696281843618, -3.763662793908736 ], [ -38.59468506432043, -3.763847040009785 ], [ -38.594680795852653, -3.763906680068541 ], [ -38.594681833428012, -3.763955672236424 ], [ -38.594685528702833, -3.76398922261334 ], [ -38.594695583353349, -3.764027036103344 ], [ -38.59475487640087, -3.764199067174079 ], [ -38.59477288003152, -3.764242742072746 ], [ -38.594789827869761, -3.764276831149226 ], [ -38.594807838641188, -3.764305063019911 ], [ -38.594836452889837, -3.764330637244028 ], [ -38.594857120623907, -3.764345024877028 ], [ -38.594877259230763, -3.764357282189599 ], [ -38.594895805778719, -3.764373266387563 ], [ -38.594910639326521, -3.764394041518677 ], [ -38.594922822067254, -3.764415347931874 ], [ -38.59493182142775, -3.764442510562044 ], [ -38.595006431093431, -3.764737294235632 ], [ -38.595061473741573, -3.764930091526973 ], [ -38.595066231224671, -3.764959382252189 ], [ -38.595067805079665, -3.764995061713043 ], [ -38.595066732799374, -3.765021154610587 ], [ -38.595059822882327, -3.765061090262752 ], [ -38.595032215684611, -3.765150540467973 ], [ -38.595018410360879, -3.76519899319732 ], [ -38.59501148936635, -3.765262892167258 ], [ -38.595013590870479, -3.765303897056864 ], [ -38.595017799784479, -3.765373126399442 ], [ -38.595019376589271, -3.765402415641573 ], [ -38.595014593515103, -3.765428506808271 ], [ -38.595003447362338, -3.765458322635808 ], [ -38.594985414661863, -3.765477484885542 ], [ -38.594944581933433, -3.765507819385652 ], [ -38.594891024766881, -3.76554187557623 ], [ -38.59481917795825, -3.76557752078513 ], [ -38.594751569586137, -3.765618493148084 ], [ -38.594700397791783, -3.765652816697531 ], [ -38.594662480052278, -3.765684483838437 ], [ -38.594650541039549, -3.765698282931655 ], [ -38.594606523191288, -3.765749158689794 ], [ -38.594576028506403, -3.765777634181577 ], [ -38.594545527783055, -3.765819156366842 ], [ -38.594524838216238, -3.765851896580356 ], [ -38.594512369468106, -3.765875854080436 ], [ -38.594502025730797, -3.76588996098456 ], [ -38.594487168761255, -3.765919775069847 ], [ -38.594464882565539, -3.765966093751521 ], [ -38.59445426723866, -3.765994312261979 ], [ -38.594449483896398, -3.76602093594118 ], [ -38.594448942445922, -3.766045431528339 ], [ -38.59445025885654, -3.766064602800581 ], [ -38.594452897716145, -3.766089898650421 ], [ -38.594453685245782, -3.766106407084343 ], [ -38.594451026052901, -3.766125043981543 ], [ -38.594446248871151, -3.766138354706912 ], [ -38.594430329696102, -3.766172428440349 ], [ -38.594404856893334, -3.76623152606895 ], [ -38.594393179608062, -3.766263471709689 ], [ -38.594384148451674, -3.766305003914858 ], [ -38.594354877076491, -3.766553676263756 ], [ -38.59434686151323, -3.766691594745065 ], [ -38.594347892892202, -3.766753899861836 ], [ -38.594351582976401, -3.766798633118652 ], [ -38.594353695048007, -3.766816739725857 ], [ -38.594348913175011, -3.766840168294386 ], [ -38.594337232918278, -3.76687850415039 ], [ -38.594330325903947, -3.76691204957232 ], [ -38.594329239784059, -3.7669679634803 ], [ -38.59432284266083, -3.767045175636063 ], [ -38.594301061626958, -3.767145278886491 ], [ -38.594255943237904, -3.767271997139731 ], [ -38.59412218646807, -3.767634579520793 ], [ -38.594102015475315, -3.767692082056204 ], [ -38.594085033803147, -3.767730947944708 ], [ -38.593967801276833, -3.767897571311267 ], [ -38.593946578431904, -3.767936967729899 ], [ -38.593929597487943, -3.767974236059615 ], [ -38.593923753636993, -3.768001391753828 ], [ -38.593922680568774, -3.768029082198328 ], [ -38.593953184807617, -3.7682660670708 ], [ -38.593966394217553, -3.768359796454684 ], [ -38.593990748876941, -3.768425840106424 ], [ -38.594025705834333, -3.768491888717784 ], [ -38.594047950657242, -3.768535033098741 ], [ -38.594063834845194, -3.768576576949269 ], [ -38.5940691197004, -3.76861172562304 ], [ -38.594043004336569, -3.768913118708565 ], [ -38.594032891659104, -3.769000446961907 ], [ -38.594046581566559, -3.769201212727655 ], [ -38.594079901049383, -3.769368971549065 ], [ -38.594090469529604, -3.769441931486667 ], [ -38.594097851393052, -3.769527670370008 ], [ -38.594093043565223, -3.769607013331721 ], [ -38.594081338308492, -3.769699133502463 ], [ -38.594072789541563, -3.76984344193236 ], [ -38.59406109637753, -3.769909468716155 ], [ -38.594060007499685, -3.769971240316521 ], [ -38.59406369830581, -3.770014376016918 ], [ -38.594072157930711, -3.770062306612655 ], [ -38.594093765494868, -3.770336563590614 ], [ -38.594096406442809, -3.770357333035755 ], [ -38.594101697229391, -3.77037970127549 ], [ -38.594115465178568, -3.770412191327714 ], [ -38.594132411601755, -3.770449475530812 ], [ -38.594145652647164, -3.770475042599744 ], [ -38.594156769772404, -3.77050806392936 ], [ -38.594161529210417, -3.770533094511245 ], [ -38.594154592759836, -3.770630009575604 ], [ -38.594154578190221, -3.770661428141783 ], [ -38.594158272704462, -3.770696576070875 ], [ -38.594165679513225, -3.770728530627964 ], [ -38.594322476872868, -3.770981017609189 ], [ -38.594394265050745, -3.771072910576791 ], [ -38.594430822222535, -3.771117925462154 ], [ -38.594464471038116, -3.77114722969935 ], [ -38.594495210014877, -3.771164018397039 ], [ -38.594647577899707, -3.771251688878137 ], [ -38.594747215871067, -3.771303389714721 ], [ -38.594844725252173, -3.771372662647882 ], [ -38.594904610177757, -3.771412096974721 ], [ -38.594992588330776, -3.77145793463872 ], [ -38.595107593817431, -3.771522423053806 ], [ -38.595168006172742, -3.771567715311641 ], [ -38.595219938145313, -3.771609808497564 ], [ -38.595318498721426, -3.771698785050671 ], [ -38.595356650135436, -3.771735546615458 ], [ -38.595376257068665, -3.771751531313114 ], [ -38.595393746983035, -3.771760059766959 ], [ -38.595413889698115, -3.771763796794037 ], [ -38.595431913669792, -3.77176380520426 ], [ -38.595461602673701, -3.771758493874138 ], [ -38.595510372189779, -3.771761179218347 ], [ -38.595561985884238, -3.771775115334883 ], [ -38.59561286873172, -3.771793244689039 ], [ -38.595719934126194, -3.771832700969816 ], [ -38.595778236157287, -3.771856158957113 ], [ -38.595833351094335, -3.771893460930442 ], [ -38.595894817108963, -3.771953131628921 ], [ -38.595947792897995, -3.772030903988864 ], [ -38.595981949909294, -3.772107868799497 ], [ -38.596002051568014, -3.772200536349155 ], [ -38.59600477086218, -3.772248454427469 ], [ -38.596012568330302, -3.772385857614146 ], [ -38.596016203896681, -3.772548809903927 ], [ -38.596028879985909, -3.772649994285443 ], [ -38.596098775073791, -3.772824160335631 ], [ -38.596117867266486, -3.772875524696112 ], [ -38.596144308627039, -3.772946660758007 ], [ -38.596196218108958, -3.773037745570307 ], [ -38.596246547818652, -3.77310593135795 ], [ -38.59627938365098, -3.773174108994946 ], [ -38.596301609266824, -3.773259322274651 ], [ -38.596308464664553, -3.77333760565713 ], [ -38.59630207203228, -3.773405232502853 ], [ -38.596289325604218, -3.773456348321528 ], [ -38.596240512346967, -3.773548184986608 ], [ -38.596218231411058, -3.773582788294452 ], [ -38.596190121388524, -3.773612596220891 ], [ -38.596159894826727, -3.773633882867399 ], [ -38.596084069260264, -3.773674318918926 ], [ -38.596023091666396, -3.773704644037501 ], [ -38.595963693350789, -3.773758933209677 ], [ -38.595936112940109, -3.773789806409672 ], [ -38.595840615633499, -3.773954310018466 ], [ -38.595825225468829, -3.773990514081697 ], [ -38.595819379153632, -3.774022994968368 ], [ -38.595820424867135, -3.774054414033123 ], [ -38.595825182639103, -3.774083172238032 ], [ -38.595840002812523, -3.774133235866481 ], [ -38.595850593363402, -3.774158801682328 ], [ -38.595865956702539, -3.774180642096352 ], [ -38.595888740714457, -3.774204616044035 ], [ -38.595927955443031, -3.774234987872729 ], [ -38.59596398995636, -3.774264293180448 ], [ -38.595992603060822, -3.774293062508352 ], [ -38.596010615275411, -3.774318631783305 ], [ -38.596043449401549, -3.774390537057336 ], [ -38.596067274470563, -3.774456047911413 ], [ -38.596082101796974, -3.774490668511069 ], [ -38.596096915347559, -3.774555110127093 ], [ -38.59609796180775, -3.774584931637802 ], [ -38.596086817016534, -3.7746115523555 ], [ -38.596073023353838, -3.774634444210144 ], [ -38.596059757348534, -3.774662661493148 ], [ -38.596051259211272, -3.774697803736241 ], [ -38.596039044091029, -3.774746257202532 ], [ -38.595997144537314, -3.774789904162132 ], [ -38.595824275868516, -3.774897924736003 ], [ -38.59574897167365, -3.774956999125161 ], [ -38.595690628807652, -3.775021406605042 ], [ -38.595640248554055, -3.775062386994599 ], [ -38.595592511745643, -3.77511881164328 ], [ -38.595567050765055, -3.775151815886844 ], [ -38.595493872182089, -3.775199708359074 ], [ -38.595453569344365, -3.775229510558662 ], [ -38.595424925916397, -3.775266240938313 ], [ -38.595403164912327, -3.775322677705191 ], [ -38.595386170539101, -3.775388702025408 ], [ -38.595375545726341, -3.775437156219422 ], [ -38.595374400438807, -3.775620874465816 ], [ -38.595371187674971, -3.775690100331651 ], [ -38.595361626052892, -3.775732164802931 ], [ -38.595335089272169, -3.775798717180458 ], [ -38.5952862467879, -3.775953124636413 ], [ -38.595228896721324, -3.776162910002837 ], [ -38.595196516512679, -3.776255553032948 ], [ -38.595142903880934, -3.776407828171299 ], [ -38.595125366015381, -3.776502608207937 ], [ -38.595116856959002, -3.776561181229127 ], [ -38.595115772044885, -3.776614432539565 ], [ -38.595122111027784, -3.776662894657528 ], [ -38.59515755626628, -3.776820004092152 ], [ -38.595202039459387, -3.776921203342792 ], [ -38.5952486502959, -3.77700696055938 ], [ -38.595287312053813, -3.777086856358706 ], [ -38.59534028928028, -3.777161966184025 ], [ -38.59538637199433, -3.777243463003252 ], [ -38.595405441522331, -3.777275423006057 ], [ -38.595510878479644, -3.777398483974242 ], [ -38.5955702198981, -3.777467739062341 ], [ -38.595657102072167, -3.777592122644416 ], [ -38.595665577589543, -3.777605972076163 ], [ -38.595675116059184, -3.777613964304082 ], [ -38.595686511552358, -3.777618496030905 ], [ -38.595704003799781, -3.77762223182753 ], [ -38.595725203686378, -3.777632892091876 ], [ -38.595759107734793, -3.777684029671701 ], [ -38.595791405408903, -3.777769780183988 ], [ -38.595807806125542, -3.777841145281553 ], [ -38.59581521647835, -3.77786564457907 ], [ -38.595821037455423, -3.777888013061637 ], [ -38.595822086854817, -3.777911444352727 ], [ -38.595818364429746, -3.777936470970402 ], [ -38.595765291253507, -3.778068510702246 ], [ -38.595728145096949, -3.778149968638826 ], [ -38.595687294743193, -3.778217046851434 ], [ -38.595637434301828, -3.778279860706641 ], [ -38.595603482901986, -3.778330966591056 ], [ -38.595586500049805, -3.778371962556637 ], [ -38.595573757176361, -3.778415090575584 ], [ -38.595557290138778, -3.778486972835815 ], [ -38.595540830249774, -3.778543412071422 ], [ -38.595522260972793, -3.778575887002536 ], [ -38.595510590172829, -3.77859345464816 ], [ -38.595487255477714, -3.778613679433066 ], [ -38.595471345188642, -3.778628049987485 ], [ -38.59544058879785, -3.778648271301941 ], [ -38.595421495314447, -3.778667965549038 ], [ -38.595407701066648, -3.778691922418273 ], [ -38.595400801598693, -3.778708959774314 ], [ -38.595377960256222, -3.778808529993201 ], [ -38.595261286478454, -3.778910186404981 ], [ -38.595223107142715, -3.778933066829174 ], [ -38.595041772126741, -3.779005404462572 ], [ -38.59487793602527, -3.77906709988416 ], [ -38.594838696431566, -3.779089979793124 ], [ -38.594781948502565, -3.779143737553036 ], [ -38.59474375233988, -3.779202829177832 ], [ -38.594729955098757, -3.779233176249094 ], [ -38.594715091434757, -3.779276835773532 ], [ -38.594703417148381, -3.779301858657221 ], [ -38.594633900794513, -3.779453593756657 ], [ -38.594608963082663, -3.779500976185362 ], [ -38.594578719454972, -3.779558473970976 ], [ -38.594561208630822, -3.779594676997227 ], [ -38.594520864987977, -3.779711812074476 ], [ -38.594498563524212, -3.779790081783369 ], [ -38.594495899559952, -3.779818836512104 ], [ -38.594484219569736, -3.779856107304614 ], [ -38.594465119358986, -3.779890179510288 ], [ -38.594416858000109, -3.779933823371302 ], [ -38.594359053208258, -3.77998012534511 ], [ -38.594313969600243, -3.780030160906087 ], [ -38.594303357018916, -3.780051989171 ], [ -38.594298045159867, -3.780074884957607 ], [ -38.594303334251556, -3.780100980823784 ], [ -38.594308627055561, -3.78011908892049 ], [ -38.594308622848551, -3.780128141725908 ], [ -38.594300663844514, -3.780143581017982 ], [ -38.594278395015579, -3.780151558346107 ], [ -38.594225357832983, -3.780205317797283 ], [ -38.594208917124398, -3.780220220591915 ], [ -38.594193003814112, -3.780240981332316 ], [ -38.594181330487913, -3.780263874133609 ], [ -38.594170187530487, -3.780286234665364 ], [ -38.594158516926299, -3.780303269768716 ], [ -38.594090094304853, -3.780382582858738 ], [ -38.593985066749873, -3.780518858194206 ], [ -38.593920867729928, -3.780635449512807 ], [ -38.593862469062138, -3.780818608303311 ], [ -38.593821573819824, -3.780981539620791 ], [ -38.593804586857424, -3.781031055821028 ], [ -38.593773808532085, -3.781098138638549 ], [ -38.593752034846133, -3.781181201224844 ], [ -38.593741926080526, -3.781259476627103 ], [ -38.593743491162918, -3.78131379420125 ], [ -38.593738156471488, -3.781385681629219 ], [ -38.59368661433335, -3.781643928657176 ], [ -38.593662710458297, -3.781747758439683 ], [ -38.59360590671966, -3.78192080010154 ], [ -38.593542730316607, -3.782117802071332 ], [ -38.593501323662139, -3.782240261747296 ], [ -38.593482739581646, -3.782304155170291 ], [ -38.593446068530184, -3.7825027671411 ], [ -38.593417891343194, -3.782675822238619 ], [ -38.593387053347691, -3.782870709319309 ], [ -38.593363139210908, -3.782996372315645 ], [ -38.593350397876854, -3.783035772653021 ], [ -38.593332352575182, -3.783081028192742 ], [ -38.593326507313328, -3.783110846449852 ], [ -38.593326991506991, -3.783209362503781 ], [ -38.593322199787373, -3.783253559241698 ], [ -38.593301198698342, -3.783384815042316 ], [ -38.593306475354048, -3.783437536804435 ], [ -38.593306977419651, -3.783497711571747 ], [ -38.593305106715533, -3.783530460546934 ], [ -38.593299783253414, -3.783578118400718 ], [ -38.593296325280924, -3.78360421015428 ], [ -38.59329862864368, -3.783780474686415 ], [ -38.593303384611509, -3.783812960520478 ], [ -38.593318205237743, -3.783861959147427 ], [ -38.593351019789651, -3.78397593343314 ], [ -38.59337748874988, -3.784055823582499 ], [ -38.593389646099197, -3.784131979372342 ], [ -38.593391197489119, -3.7842155854237 ], [ -38.593389043719476, -3.784286941818328 ], [ -38.59338425646078, -3.78432155323384 ], [ -38.593314172016015, -3.784553165568896 ], [ -38.59328870244633, -3.784603742788004 ], [ -38.593269605793928, -3.784629827179643 ], [ -38.593253164979473, -3.784644729943775 ], [ -38.593055929593291, -3.784706941680214 ], [ -38.593037372252724, -3.784713323155834 ], [ -38.593018289261522, -3.784710119060549 ], [ -38.5930013285085, -3.784703188338847 ], [ -38.592972713965871, -3.784677081481819 ], [ -38.592950983585169, -3.784666953404952 ], [ -38.592920767484188, -3.784664809099066 ], [ -38.592884715041421, -3.784673312401058 ], [ -38.592862974467309, -3.784685017552446 ], [ -38.592841235633323, -3.784692995078507 ], [ -38.592725130162172, -3.784710513454247 ], [ -38.592668928258867, -3.784729125089997 ], [ -38.592623862700272, -3.784739754203418 ], [ -38.592551759546673, -3.78475303315521 ], [ -38.59251782709854, -3.784762602476571 ], [ -38.592409130165656, -3.784808347750391 ], [ -38.592369359373443, -3.784832824812564 ], [ -38.592336478206484, -3.784861565266353 ], [ -38.592170452322883, -3.785068636375693 ], [ -38.592134906815033, -3.785126664045569 ], [ -38.592113152268951, -3.785168190170032 ], [ -38.592077578596495, -3.785286392342709 ], [ -38.592066400624383, -3.785383305317219 ], [ -38.59206744392943, -3.785419517024895 ], [ -38.592080674126784, -3.785468514915739 ], [ -38.592100269063963, -3.785510593079338 ], [ -38.592111912377533, -3.785552134970515 ], [ -38.592114012694665, -3.785595269909605 ], [ -38.592102853158444, -3.785652776570399 ], [ -38.592078438251043, -3.785715069632503 ], [ -38.592061460791626, -3.78574381758026 ], [ -38.591946893198674, -3.785873165310072 ], [ -38.591919845846505, -3.785896583318759 ], [ -38.591894391361684, -3.785914676900453 ], [ -38.591868940615988, -3.785924782715305 ], [ -38.591844553112423, -3.785928498817551 ], [ -38.591709889096094, -3.785954528552689 ], [ -38.591519557686595, -3.785989584746745 ], [ -38.591478202430835, -3.78600128058171 ], [ -38.59144638668208, -3.786018838622538 ], [ -38.591423582811167, -3.78603693344252 ], [ -38.59140502019077, -3.786054497750189 ], [ -38.591388581315933, -3.786065140330378 ], [ -38.591371084187507, -3.786071522267103 ], [ -38.591352528556058, -3.786074176077975 ], [ -38.591331323546783, -3.786074166045932 ], [ -38.591305878035115, -3.786073088971392 ], [ -38.591278308526711, -3.786079466140448 ], [ -38.591249144147106, -3.786095427874373 ], [ -38.59117755525979, -3.786142255561481 ], [ -38.591143085127349, -3.786167800100523 ], [ -38.591116571369064, -3.786183763083994 ], [ -38.591083695856497, -3.786200255572625 ], [ -38.59105399659714, -3.786226334883895 ], [ -38.591041265094283, -3.786244434460972 ], [ -38.591028531591853, -3.786266794179146 ], [ -38.591013668841228, -3.786307791011427 ], [ -38.590982350459896, -3.786395109098187 ], [ -38.590973325332129, -3.786422795749024 ], [ -38.590959523576245, -3.786462195528767 ], [ -38.590951024073362, -3.786499467748174 ], [ -38.590945693325025, -3.786562302321623 ], [ -38.590947267954753, -3.786595851687548 ], [ -38.590957828474231, -3.786685319676205 ], [ -38.590963106484857, -3.78673484632948 ], [ -38.590963080739876, -3.786789695648511 ], [ -38.59095988198915, -3.786828035413546 ], [ -38.590941808472074, -3.786932932855018 ], [ -38.590909879676722, -3.787191188850131 ], [ -38.590911969928676, -3.787255624490547 ], [ -38.590926231576475, -3.787365862425144 ], [ -38.590934698091729, -3.787398882537739 ], [ -38.591014648132067, -3.787609797447343 ], [ -38.591028405914962, -3.78766412077666 ], [ -38.591033686929244, -3.78770725721759 ], [ -38.591033137305196, -3.787748793343478 ], [ -38.590992197582118, -3.788004382479155 ], [ -38.590972561153428, -3.788050702221819 ], [ -38.590940197437043, -3.788106068735404 ], [ -38.590918448749278, -3.788134814389275 ], [ -38.590901475949863, -3.788153444468176 ], [ -38.590813990075056, -3.788185354072238 ], [ -38.59079596127205, -3.788194930846417 ], [ -38.590784823612729, -3.788205575922175 ], [ -38.590733891189174, -3.788291287135355 ], [ -38.590707891719191, -3.788340798959292 ], [ -38.590689842143192, -3.788394574693436 ], [ -38.590658498858041, -3.788534611996818 ], [ -38.590653711451061, -3.788569223379505 ], [ -38.590651576178757, -3.788600640913374 ], [ -38.590661097438009, -3.788645376918272 ], [ -38.590697633893164, -3.788735389741002 ], [ -38.590716159304215, -3.78879717058271 ], [ -38.590726205690125, -3.788852557191002 ], [ -38.590728309682177, -3.788887704359325 ], [ -38.590720853622322, -3.788960655753844 ], [ -38.590710747926622, -3.78903147582066 ], [ -38.590712313281934, -3.789084728336377 ], [ -38.590726597682348, -3.789146507167132 ], [ -38.590778498337713, -3.789256762948016 ], [ -38.590808165189891, -3.789299910950701 ], [ -38.590830947772425, -3.789327346415587 ], [ -38.590843929883597, -3.789340132995966 ], [ -38.59087359173806, -3.789393931349443 ], [ -38.590879683197564, -3.789404584591922 ], [ -38.590882328955267, -3.789414969942084 ], [ -38.590882853828802, -3.789426153063446 ], [ -38.590878600802228, -3.789451711898856 ], [ -38.590872224013829, -3.789484192458041 ], [ -38.590867969985702, -3.789511881363783 ], [ -38.590867421844514, -3.789550222381118 ], [ -38.590878238915856, -3.789657796092403 ], [ -38.590880602972291, -3.78970359373859 ], [ -38.590884564916955, -3.789733416610198 ], [ -38.590889856808992, -3.789753388534122 ], [ -38.590897800089053, -3.789771764161803 ], [ -38.590906275498376, -3.789785879899779 ], [ -38.59091554647442, -3.789799197238215 ], [ -38.590929586846855, -3.789816244461687 ], [ -38.590980963936346, -3.789912654526323 ], [ -38.590994200865737, -3.789947274453681 ], [ -38.591001607893425, -3.789978696511248 ], [ -38.591016958080907, -3.790028760454585 ], [ -38.591041852318419, -3.790075101296966 ], [ -38.591078410117596, -3.790119850113122 ], [ -38.591113383289262, -3.790152350269026 ], [ -38.591364589091604, -3.79031169208234 ], [ -38.591417589127623, -3.790338875587442 ], [ -38.591447268539596, -3.790355397692116 ], [ -38.591481190474894, -3.790368726697971 ], [ -38.591517765299322, -3.790377264298616 ], [ -38.591566003687262, -3.79038420986575 ], [ -38.591641798734798, -3.790412469184111 ], [ -38.591702217081483, -3.790447111433222 ], [ -38.591743020449734, -3.790482276915212 ], [ -38.59177798966698, -3.790523297330865 ], [ -38.591804474842029, -3.790568573873798 ], [ -38.591818243438794, -3.790599998937425 ], [ -38.591828829021132, -3.790636215155124 ], [ -38.591834644450337, -3.790670299044901 ], [ -38.591838343612018, -3.790695329131021 ], [ -38.591843634905835, -3.790716632345873 ], [ -38.591850516833858, -3.790737403795415 ], [ -38.591858450779327, -3.790775748829646 ], [ -38.591864263463698, -3.790815690413703 ], [ -38.591868482268509, -3.790863086492769 ], [ -38.591875335985442, -3.79094403243899 ], [ -38.591877430282956, -3.790999947797504 ], [ -38.591875284053309, -3.79105479611422 ], [ -38.591871639378475, -3.791101996174812 ], [ -38.591857419834575, -3.79127854867702 ], [ -38.591836626433668, -3.791405396407525 ], [ -38.591814899009812, -3.791514256427378 ], [ -38.59178941598438, -3.791592820323947 ], [ -38.591752616436885, -3.791686526035017 ], [ -38.591713942637512, -3.791757510098194 ], [ -38.591665832327045, -3.791854050543921 ], [ -38.591634703008445, -3.791914624492933 ], [ -38.591619602464952, -3.791960058858364 ], [ -38.591611102632953, -3.79199792276307 ], [ -38.591609200847984, -3.792033896395462 ], [ -38.591603519927155, -3.79208974890116 ], [ -38.591595016538172, -3.792135186389548 ], [ -38.591589338725306, -3.792184412008719 ], [ -38.591584609139268, -3.792221330999829 ], [ -38.591579885773299, -3.792244996218589 ], [ -38.591577991983478, -3.792263929286242 ], [ -38.591577984874078, -3.792279076454512 ], [ -38.591580806008174, -3.79229233156575 ], [ -38.591585512712093, -3.792304167522632 ], [ -38.591592105208065, -3.792314110976125 ], [ -38.591606707654577, -3.792325951619326 ], [ -38.591624138789392, -3.792334953507154 ], [ -38.591672191607742, -3.792361010462606 ], [ -38.591714113828807, -3.792397004844712 ], [ -38.591754146486068, -3.792442938662127 ], [ -38.591784752408294, -3.792493601506917 ], [ -38.591799811430356, -3.792536683405706 ], [ -38.591840761014936, -3.79263705280353 ], [ -38.591861464762218, -3.792701438084154 ], [ -38.59188544133896, -3.792820733412073 ], [ -38.591900960050751, -3.792888429682022 ], [ -38.591920719578084, -3.792956601308064 ], [ -38.591943302469076, -3.793033294554356 ], [ -38.591961156671893, -3.793145013397839 ], [ -38.591965822312325, -3.793244418922304 ], [ -38.591962964315734, -3.793309739748929 ], [ -38.5919619734618, -3.793412929388968 ], [ -38.591943088878089, -3.79348865631033 ], [ -38.59190440611475, -3.793578574332619 ], [ -38.591877055433095, -3.793620216107215 ], [ -38.591825187640396, -3.793690247219336 ], [ -38.591762952853578, -3.793760273417967 ], [ -38.591579320630011, -3.793950709447904 ], [ -38.591506129712783, -3.793975694311724 ], [ -38.59173588550243, -3.794210644872209 ], [ -38.594961054651527, -3.797547040405786 ], [ -38.596156045856929, -3.79877850519773 ], [ -38.597494952781652, -3.800167817787788 ], [ -38.598817993599489, -3.801561752033624 ], [ -38.600170346368202, -3.802930084321702 ], [ -38.601152125926681, -3.803948161686848 ], [ -38.601959618531659, -3.804790990353861 ], [ -38.602328176709065, -3.805161448542947 ], [ -38.602724852291345, -3.805564961454309 ], [ -38.604475340510781, -3.807376343022485 ], [ -38.604718290046492, -3.807627743097165 ], [ -38.605019204609725, -3.807939124124531 ], [ -38.605298967180445, -3.808227610016869 ], [ -38.606980362267855, -3.809968487567803 ], [ -38.607899907148862, -3.810904747665917 ], [ -38.60813872257399, -3.811148941971223 ], [ -38.608842130866208, -3.811865764602102 ], [ -38.609577866001842, -3.812622759840581 ], [ -38.610593442572814, -3.813655606259799 ], [ -38.611268024243337, -3.814341657269139 ], [ -38.611846792162744, -3.814930264277292 ], [ -38.614267166461964, -3.817400054689647 ], [ -38.614622907593699, -3.817764338049502 ], [ -38.615548172172609, -3.818711818530173 ], [ -38.61575994235568, -3.818927505492675 ], [ -38.616044399610558, -3.819217223668705 ], [ -38.617781035125439, -3.820992651796381 ], [ -38.617861008324738, -3.820950895232187 ], [ -38.61813467102953, -3.821218005433833 ], [ -38.619001999712971, -3.820344751383415 ], [ -38.619798725390545, -3.819568138507641 ], [ -38.6205997351693, -3.81880014364249 ], [ -38.62140502780737, -3.818043639115025 ], [ -38.622500260935922, -3.816965685066863 ], [ -38.621520134222813, -3.815259110727556 ], [ -38.625541659162039, -3.812230836061548 ], [ -38.626860839850437, -3.811228538933944 ], [ -38.627673428494248, -3.810646149897007 ], [ -38.628066919057048, -3.810371186813483 ], [ -38.628204464458342, -3.810353441212314 ], [ -38.630527040578471, -3.809744072487308 ], [ -38.630153560800039, -3.808254323905317 ], [ -38.629767703847776, -3.806536654448664 ], [ -38.633228775377951, -3.805670135011973 ], [ -38.635279395399301, -3.805230343552064 ], [ -38.635484427769157, -3.805191538023415 ], [ -38.636107138120764, -3.805073968473289 ], [ -38.636149848502953, -3.805065899711427 ], [ -38.636341308114957, -3.805029729507643 ], [ -38.636623849039751, -3.804944716818594 ], [ -38.636665425870163, -3.804932206911081 ], [ -38.636751239781596, -3.804863306943702 ], [ -38.636971174511842, -3.804818132762362 ], [ -38.637165359810126, -3.80478148062646 ], [ -38.637397834841352, -3.80474184663667 ], [ -38.63772610914581, -3.804688223862816 ], [ -38.63790293798445, -3.801395372116682 ], [ -38.637856455738877, -3.801323191302031 ], [ -38.63777214908233, -3.801192274117164 ], [ -38.637667186939801, -3.801135622249187 ], [ -38.63753282192414, -3.801102149766052 ], [ -38.637355912220706, -3.801028352599265 ], [ -38.637341335797323, -3.801014891470123 ], [ -38.637252091381512, -3.800932475449618 ], [ -38.637178336109301, -3.800895294242439 ], [ -38.637120815193697, -3.800847003916914 ], [ -38.637103118175752, -3.800836562154846 ], [ -38.637075208051264, -3.80083038190645 ], [ -38.637046608331396, -3.800824029773098 ], [ -38.637020049397378, -3.800816004196434 ], [ -38.636986132191723, -3.800806069589804 ], [ -38.636961590086386, -3.800804438427032 ], [ -38.636918916073817, -3.80079382666801 ], [ -38.636890333992916, -3.800783919446545 ], [ -38.636855365179315, -3.800772203658196 ], [ -38.63683186532986, -3.80076732123405 ], [ -38.636814872430243, -3.800750844156751 ], [ -38.636798023701182, -3.800739375566482 ], [ -38.636781194968869, -3.80072175092226 ], [ -38.636763754442121, -3.800703792724222 ], [ -38.636745172474697, -3.800676996282953 ], [ -38.636724289119527, -3.800646944255003 ], [ -38.636709123259045, -3.80062723628392 ], [ -38.636686380050307, -3.800601929458848 ], [ -38.63665138219767, -3.80057194731913 ], [ -38.636625783327531, -3.800552029422225 ], [ -38.636597336729487, -3.800534261810014 ], [ -38.636570573794238, -3.800516441604555 ], [ -38.63654668698473, -3.800501921692131 ], [ -38.636524486150996, -3.800491959584914 ], [ -38.636493713956092, -3.800477472193272 ], [ -38.636468805422119, -3.80046738701027 ], [ -38.636438252603007, -3.800455823282838 ], [ -38.63640717653611, -3.800442533850158 ], [ -38.636378116837832, -3.800424427404459 ], [ -38.636349449247206, -3.800408536534415 ], [ -38.636119574958101, -3.800296342779086 ], [ -38.636093514703177, -3.800279576618496 ], [ -38.63607336798777, -3.800266208632164 ], [ -38.636043120658165, -3.800247617926913 ], [ -38.636021081071675, -3.800235221382178 ], [ -38.635996965886456, -3.800224420166746 ], [ -38.635977065737698, -3.800219004293044 ], [ -38.635948614350397, -3.800208970308623 ], [ -38.635922041159326, -3.800199107575774 ], [ -38.635886629462227, -3.80019427069432 ], [ -38.635856813852975, -3.800186723306812 ], [ -38.635824406810215, -3.800174902256719 ], [ -38.635795189279413, -3.800167548517062 ], [ -38.635754854591902, -3.800163418274164 ], [ -38.635729356958834, -3.800154697957944 ], [ -38.63570065368026, -3.800136518709496 ], [ -38.635683904634561, -3.800121884223172 ], [ -38.63566622505099, -3.800101103952296 ], [ -38.635645916110995, -3.80007340120443 ], [ -38.635617869233421, -3.800037984158137 ], [ -38.635605610468126, -3.800020526096918 ], [ -38.635588606183909, -3.79999821010362 ], [ -38.635577841345558, -3.799981948522308 ], [ -38.635565326541503, -3.799965175989758 ], [ -38.635556934222954, -3.799948193947897 ], [ -38.635545962771602, -3.799927428134639 ], [ -38.635536442900978, -3.799899663285523 ], [ -38.635525732812852, -3.79987201913768 ], [ -38.63551567694163, -3.799853033205838 ], [ -38.635505669858638, -3.799827760972627 ], [ -38.635478351803791, -3.799778338211837 ], [ -38.6354704001618, -3.799750142372235 ], [ -38.635429979789485, -3.799632712199407 ], [ -38.635422479258636, -3.79958409950755 ], [ -38.635418900669379, -3.799528666701528 ], [ -38.635419406542844, -3.799497218288281 ], [ -38.635418933401745, -3.799455277729829 ], [ -38.635415390173677, -3.799415359992325 ], [ -38.635404397253851, -3.799339600337586 ], [ -38.635384928805472, -3.799269525427133 ], [ -38.635365653005742, -3.79919956160047 ], [ -38.635346621008111, -3.799148930396433 ], [ -38.635315796933355, -3.799093905793634 ], [ -38.635288592702892, -3.799063672174103 ], [ -38.635228401839711, -3.799043751635194 ], [ -38.635191025014315, -3.799038839173192 ], [ -38.635182743142593, -3.799068780316875 ], [ -38.63514013997262, -3.799067429843846 ], [ -38.63510641825512, -3.7990884130197 ], [ -38.635084462595756, -3.799090101687249 ], [ -38.635064162614519, -3.799093084700275 ], [ -38.635041219556051, -3.799088123294742 ], [ -38.635019639191036, -3.79908727980291 ], [ -38.634996830814025, -3.799074694684637 ], [ -38.634981913687099, -3.799057495846312 ], [ -38.634963358947232, -3.799023610729643 ], [ -38.634944244935731, -3.79896599570827 ], [ -38.634928170038933, -3.798940379839002 ], [ -38.634887759744323, -3.798924169215583 ], [ -38.634855597304281, -3.798916366282062 ], [ -38.634816381912898, -3.798867299518025 ], [ -38.63480257574345, -3.798833359560021 ], [ -38.634792802785626, -3.79879413616175 ], [ -38.634797314432575, -3.798731412895714 ], [ -38.634817187665121, -3.798675620647856 ], [ -38.634827558734933, -3.798649947998564 ], [ -38.634828031380422, -3.79860219889282 ], [ -38.634827584691003, -3.798552971791235 ], [ -38.634827193477228, -3.798509834894685 ], [ -38.634812752345994, -3.798476145607026 ], [ -38.634726016958759, -3.798444450394359 ], [ -38.634687653441603, -3.798430634074932 ], [ -38.634648679415029, -3.798413588554973 ], [ -38.634613787835157, -3.798382151144879 ], [ -38.634604426149387, -3.798364672850742 ], [ -38.63459431841909, -3.798323372659987 ], [ -38.634581318913412, -3.798287232791559 ], [ -38.63457297189229, -3.798255017420819 ], [ -38.634567726366491, -3.798219976660656 ], [ -38.634565845543989, -3.798192686698577 ], [ -38.634563149614664, -3.798175055304664 ], [ -38.63455448814382, -3.798145590383611 ], [ -38.63454114381247, -3.798107956275227 ], [ -38.634525451973097, -3.798063461085919 ], [ -38.63447816201095, -3.797977053495338 ], [ -38.634452498539282, -3.797899522876629 ], [ -38.634410074070495, -3.797811040295767 ], [ -38.634379738832351, -3.797753230551871 ], [ -38.63436383479344, -3.797702104161177 ], [ -38.634359516221387, -3.797657907602262 ], [ -38.634352899584684, -3.797584463111204 ], [ -38.634352750289416, -3.797514454420479 ], [ -38.634361030928041, -3.797459612594705 ], [ -38.634376404208602, -3.797430379030395 ], [ -38.634384649354701, -3.797403378652676 ], [ -38.634415246323016, -3.79732714175513 ], [ -38.634422156770974, -3.797293398430491 ], [ -38.634430154138315, -3.797269386215626 ], [ -38.634440029902905, -3.797248353512745 ], [ -38.634452543011996, -3.797205617680386 ], [ -38.63446665251189, -3.797178279528636 ], [ -38.634489390510559, -3.797154073764461 ], [ -38.634503723672438, -3.797118676983423 ], [ -38.634520001468609, -3.797106399067661 ], [ -38.634538392326611, -3.797094929202517 ], [ -38.634555718019698, -3.79708049257659 ], [ -38.634580433178236, -3.797065388099427 ], [ -38.634603783412061, -3.797054702680669 ], [ -38.634678941225424, -3.797022646028965 ], [ -38.634722558589921, -3.797010351680012 ], [ -38.634777529356406, -3.796983481726672 ], [ -38.634810690397259, -3.796971668065929 ], [ -38.634844119073541, -3.796961004884464 ], [ -38.634897149982173, -3.796933878441515 ], [ -38.634946678417052, -3.796912503157024 ], [ -38.634996684826817, -3.79686934371647 ], [ -38.635032007286249, -3.796827397797669 ], [ -38.635070118996666, -3.796800973175139 ], [ -38.635122408047195, -3.796777098598185 ], [ -38.635168844073824, -3.796722988252016 ], [ -38.635188444264287, -3.796696361507176 ], [ -38.635216641019738, -3.796650877838549 ], [ -38.635223947123151, -3.79663417084099 ], [ -38.635234003125447, -3.796611209323933 ], [ -38.635243166043033, -3.796589606727084 ], [ -38.635255749949231, -3.796554609425779 ], [ -38.635261788287458, -3.796532619659031 ], [ -38.635268702116818, -3.796513375260854 ], [ -38.635290752247705, -3.796472765602039 ], [ -38.635297200178975, -3.79645222622854 ], [ -38.635300879970757, -3.796420742729832 ], [ -38.63530499878172, -3.796351538138913 ], [ -38.635306640375887, -3.796294554088411 ], [ -38.635311962373926, -3.796265275058556 ], [ -38.635322189712234, -3.796241243862048 ], [ -38.635336947994169, -3.796215742810091 ], [ -38.63535114106638, -3.796195485440484 ], [ -38.635357511579265, -3.796119979296322 ], [ -38.635362122133607, -3.796091379330859 ], [ -38.635352369108972, -3.79604654574273 ], [ -38.635318930986955, -3.796006326943597 ], [ -38.635289607689749, -3.795984224549053 ], [ -38.635263780569886, -3.795964757391681 ], [ -38.635224577042344, -3.79594211695189 ], [ -38.63519483469107, -3.795911295631355 ], [ -38.635177668142006, -3.795873477081926 ], [ -38.635159542961944, -3.795829760595525 ], [ -38.635141195587309, -3.795792169693621 ], [ -38.63512447970664, -3.795739224064994 ], [ -38.635124864946128, -3.795670041613797 ], [ -38.6351327126877, -3.79563439506079 ], [ -38.635145945449622, -3.79559392834236 ], [ -38.635154826210389, -3.795555101211474 ], [ -38.635167668547794, -3.795521757779343 ], [ -38.635179831531836, -3.79549851284142 ], [ -38.63520090433542, -3.79547346946892 ], [ -38.635217557791172, -3.795459507620917 ], [ -38.635264731551437, -3.795420108315742 ], [ -38.635307308302558, -3.795348875150277 ], [ -38.635360621719251, -3.795266520260303 ], [ -38.635380965055461, -3.795223198533659 ], [ -38.63539552034532, -3.795172795953621 ], [ -38.635412196512867, -3.795114543671997 ], [ -38.635420762642866, -3.79507782837856 ], [ -38.635435324966103, -3.795036819702589 ], [ -38.63545431089107, -3.794998331391596 ], [ -38.635483394927277, -3.79495566235554 ], [ -38.635507296024329, -3.794942446918531 ], [ -38.635565490793695, -3.794918632204357 ], [ -38.63559982191331, -3.794897030974358 ], [ -38.63562827921794, -3.794871494033004 ], [ -38.635667262123611, -3.794793266297433 ], [ -38.635680616663599, -3.794742224518458 ], [ -38.635682674491065, -3.79469175225069 ], [ -38.635693702043234, -3.794601136448061 ], [ -38.635695853533669, -3.794552914530977 ], [ -38.635713035420423, -3.794503595302816 ], [ -38.635712884571326, -3.794435048888861 ], [ -38.635684804296801, -3.794367450403251 ], [ -38.635659766638362, -3.794313125759951 ], [ -38.635647827028635, -3.794288102066889 ], [ -38.635631142114583, -3.794262364676326 ], [ -38.63562240048708, -3.79423644202842 ], [ -38.635618646927135, -3.794205203335378 ], [ -38.635611334605962, -3.794177345175414 ], [ -38.635603136490545, -3.794153975137352 ], [ -38.635594345018042, -3.794130400041687 ], [ -38.635584070170118, -3.794107346783914 ], [ -38.635575556010785, -3.794082964244199 ], [ -38.635568376777329, -3.794049734771778 ], [ -38.635564589793169, -3.794028375562144 ], [ -38.635560637781424, -3.794005456560343 ], [ -38.635556414768132, -3.793983697766139 ], [ -38.635557673558395, -3.79395628292627 ], [ -38.635543528533944, -3.793874963040868 ], [ -38.635539841910315, -3.793846036486348 ], [ -38.635530192411053, -3.793806363485871 ], [ -38.635518292540745, -3.79376462853097 ], [ -38.635514923531588, -3.793727996656683 ], [ -38.635509061255675, -3.793696220945867 ], [ -38.635484049622917, -3.793659206414564 ], [ -38.635460311714127, -3.793627179823901 ], [ -38.635450631234406, -3.793614119162863 ], [ -38.635392544792538, -3.793584073952328 ], [ -38.635355036979718, -3.793574485511544 ], [ -38.635326469977443, -3.793567896700299 ], [ -38.635288014497675, -3.793558827181713 ], [ -38.635265022593693, -3.793560284718462 ], [ -38.635245282097181, -3.793549104910004 ], [ -38.635234008289231, -3.793542720115174 ], [ -38.635205824091976, -3.793545951649528 ], [ -38.635185246860871, -3.793538192027573 ], [ -38.635158268867897, -3.79353419710168 ], [ -38.635128730081007, -3.793530753770196 ], [ -38.635094277674384, -3.793526868236253 ], [ -38.635059578611582, -3.793520563254556 ], [ -38.635033715946768, -3.793512801831981 ], [ -38.635009129191729, -3.793509047891612 ], [ -38.634983760161312, -3.793497163894195 ], [ -38.634958939800512, -3.793479826243169 ], [ -38.634945056490089, -3.793468040273146 ], [ -38.634925372889647, -3.793456111549444 ], [ -38.634905897005105, -3.793443981891663 ], [ -38.634889330927969, -3.793417887160464 ], [ -38.634879986620888, -3.793395942120799 ], [ -38.634875655362528, -3.793373047067871 ], [ -38.634873984465671, -3.793345121238113 ], [ -38.634874604892055, -3.793310071407979 ], [ -38.634879165493068, -3.793284322364353 ], [ -38.634891681735986, -3.793256865600654 ], [ -38.634898154903723, -3.793233282868606 ], [ -38.634909505470723, -3.793217037376143 ], [ -38.634920650012035, -3.793194856941033 ], [ -38.634944242341795, -3.793164583458638 ], [ -38.634955740815933, -3.793138837295163 ], [ -38.634975975752646, -3.793093529366835 ], [ -38.63497880383084, -3.793043217435693 ], [ -38.634934286169553, -3.792971255135811 ], [ -38.634899176483522, -3.792950271429283 ], [ -38.634861869783073, -3.792933427254906 ], [ -38.634857557660936, -3.792911781619512 ], [ -38.63485344588949, -3.792891141687178 ], [ -38.634872113542848, -3.79283624023319 ], [ -38.634931447609844, -3.792775593005878 ], [ -38.634952742900794, -3.792747488619315 ], [ -38.634970304380921, -3.792725654270506 ], [ -38.634989406709238, -3.792708686991576 ], [ -38.635021675945048, -3.792686841913897 ], [ -38.635049103063849, -3.792670191479833 ], [ -38.635082895127333, -3.792657341590113 ], [ -38.635093063218243, -3.792652734094416 ], [ -38.635109573787567, -3.792640936944327 ], [ -38.635136284889015, -3.792626916491505 ], [ -38.635158531070111, -3.792606467269831 ], [ -38.635169651863393, -3.792576388464556 ], [ -38.635173878243258, -3.792550108142315 ], [ -38.635174444998405, -3.79251907626507 ], [ -38.63517540497962, -3.792485701179279 ], [ -38.635174737978318, -3.792464687752114 ], [ -38.635166137511739, -3.792432557210265 ], [ -38.635159998306783, -3.792412931477109 ], [ -38.635153831462979, -3.792394703144096 ], [ -38.635148096176579, -3.792370500146995 ], [ -38.635142221475, -3.792342271884436 ], [ -38.635163933106384, -3.79223839294537 ], [ -38.635185497200915, -3.792214857813553 ], [ -38.635207940036445, -3.792197606376823 ], [ -38.635221547737181, -3.792180895732144 ], [ -38.635235233406085, -3.792163040049723 ], [ -38.635248267278115, -3.792140414669762 ], [ -38.635255509933579, -3.792119994911502 ], [ -38.635265244829164, -3.79209362681837 ], [ -38.635271821615454, -3.792067336621764 ], [ -38.635277168722666, -3.792043518785512 ], [ -38.635278521587352, -3.792021272978727 ], [ -38.635280012232698, -3.791999621468093 ], [ -38.635277218632972, -3.79198019638978 ], [ -38.635273466033468, -3.791958352579791 ], [ -38.635267538216553, -3.791934508641102 ], [ -38.635254447171093, -3.791893133115221 ], [ -38.63524428288958, -3.791866690547251 ], [ -38.635236132944307, -3.791848687453045 ], [ -38.635217400230694, -3.791825994687877 ], [ -38.63519133653616, -3.791808897148182 ], [ -38.635167601520578, -3.791800435831604 ], [ -38.635144189164983, -3.791790599926816 ], [ -38.635126080390521, -3.79178186178689 ], [ -38.635104046914641, -3.791766315360882 ], [ -38.63508018701495, -3.791746824749018 ], [ -38.635064113449225, -3.791730490210443 ], [ -38.635053452687345, -3.791717116175197 ], [ -38.634990111856048, -3.791594985297737 ], [ -38.634987965922846, -3.791570063520232 ], [ -38.634983078077767, -3.791548785025585 ], [ -38.634976313417525, -3.791523365913549 ], [ -38.634968351410492, -3.791500903329236 ], [ -38.634961046543481, -3.791482504876176 ], [ -38.634952225224445, -3.791457769669952 ], [ -38.634379245398208, -3.79123031361539 ], [ -38.633855122034518, -3.790748546984263 ], [ -38.633429273710455, -3.790580853460924 ], [ -38.631544297774354, -3.783687416070196 ], [ -38.631457547361762, -3.783713636765131 ], [ -38.631376426070105, -3.783742364012186 ], [ -38.631196614395108, -3.783781345355449 ], [ -38.631094403345834, -3.783789012879244 ], [ -38.630995064980247, -3.783808399489616 ], [ -38.630953839091475, -3.783824402258169 ], [ -38.63090094259595, -3.783870194526273 ], [ -38.630277949682572, -3.784053345819274 ], [ -38.628028308083799, -3.784677680534204 ], [ -38.62781681743445, -3.784003746824837 ], [ -38.627622910880412, -3.783309514056143 ], [ -38.627607879705501, -3.783250067775543 ], [ -38.627560575252147, -3.783062984963071 ], [ -38.627451862285589, -3.782629767534037 ], [ -38.626461687680269, -3.782898756731051 ], [ -38.626009005125994, -3.78302430799664 ], [ -38.625806208110298, -3.782314914060039 ], [ -38.625632116535897, -3.781650493180862 ], [ -38.62557869557677, -3.781450102878343 ], [ -38.625503426899755, -3.78116775826552 ], [ -38.625447656107063, -3.780958553174979 ], [ -38.625391454901226, -3.78097405419444 ], [ -38.624022313852947, -3.781351679671122 ], [ -38.623952302483879, -3.781370989575246 ], [ -38.62251637153777, -3.781787501651653 ], [ -38.622125866533175, -3.780366057869537 ], [ -38.621940648175574, -3.779682169090573 ], [ -38.62173116502597, -3.778974637808041 ], [ -38.621336591546189, -3.777565290502924 ], [ -38.621193092179787, -3.777058916774435 ], [ -38.621186410545967, -3.777035337114095 ], [ -38.621453167033032, -3.777028675975944 ], [ -38.621012773073431, -3.776168151819668 ], [ -38.620573137470757, -3.775334252344336 ], [ -38.620470929380751, -3.775148270297057 ], [ -38.620346437840205, -3.774908473098929 ], [ -38.620251161432385, -3.774743903138018 ], [ -38.620224944466521, -3.774691434230896 ], [ -38.61985988666293, -3.77397366015352 ], [ -38.619544901329405, -3.773366116014798 ], [ -38.619458654623401, -3.773203508571891 ], [ -38.619359860769833, -3.773008027066077 ], [ -38.619226600817967, -3.77275765028961 ], [ -38.619144774185315, -3.772603661768474 ], [ -38.619067045646574, -3.772442624933212 ], [ -38.619010412654113, -3.772341494798379 ], [ -38.618911119925187, -3.772150446836162 ], [ -38.618849887773742, -3.772034538663355 ], [ -38.618784254468572, -3.771910299236671 ], [ -38.618712761355781, -3.771774967759573 ], [ -38.61851337873258, -3.771402102703353 ], [ -38.61832088205842, -3.771013026209034 ], [ -38.618166523846583, -3.770667153710531 ], [ -38.617922247454707, -3.770299926613053 ], [ -38.617633039317411, -3.769934023098454 ], [ -38.617385355452477, -3.769589582167612 ], [ -38.6171153617884, -3.769250579272644 ], [ -38.616837754197789, -3.768875784128765 ], [ -38.616792908275272, -3.768828851657443 ], [ -38.616821350055083, -3.768782963877972 ], [ -38.616946708203393, -3.768664198707826 ], [ -38.616751739531772, -3.768364046513897 ], [ -38.616619478403116, -3.768112499253524 ], [ -38.616398935345799, -3.76762043579473 ], [ -38.616136301349265, -3.767016260318284 ], [ -38.615781776987177, -3.766219546244336 ], [ -38.615618716157854, -3.765824748557111 ], [ -38.615356007719996, -3.765242613417191 ], [ -38.615055919399005, -3.764565286567315 ], [ -38.614854198825356, -3.764096762615624 ], [ -38.614560503809862, -3.763414755004634 ], [ -38.614159507749598, -3.762474814181538 ], [ -38.614019222276312, -3.762140096071072 ], [ -38.613763057307253, -3.761573963238188 ], [ -38.613473239950473, -3.760918653291187 ], [ -38.613141346618384, -3.760153188812049 ], [ -38.612570254619257, -3.758837061615332 ], [ -38.6119364333235, -3.757438031699763 ], [ -38.611847024839093, -3.757273454080122 ], [ -38.611560781409693, -3.756746554413303 ], [ -38.6112167719266, -3.756173669309973 ], [ -38.611210973247985, -3.756164831764602 ], [ -38.610997525125164, -3.755860393181948 ], [ -38.610891105674767, -3.755708608263311 ], [ -38.610852754677559, -3.755663568206879 ], [ -38.609831237121199, -3.754463878640803 ], [ -38.609341813949364, -3.753996147008376 ], [ -38.609249923210278, -3.753919586656855 ], [ -38.608667864144444, -3.753434633618744 ], [ -38.608648185473236, -3.753419583185635 ], [ -38.608262688607994, -3.753131490537968 ], [ -38.607906153709351, -3.752865041679175 ], [ -38.607010296643928, -3.752258642504051 ], [ -38.606328687841682, -3.751808973647289 ], [ -38.605572607054413, -3.751289359569209 ], [ -38.604750797760161, -3.750742886183918 ], [ -38.604145498458038, -3.75033379244369 ], [ -38.603462743885864, -3.74987101884157 ], [ -38.602696167320161, -3.749370398613088 ], [ -38.602123712700937, -3.748974919033642 ], [ -38.602106240034232, -3.7489628480521 ], [ -38.601539475516049, -3.748647247345533 ], [ -38.601332441024923, -3.748465566726712 ], [ -38.601159749015679, -3.748256835370489 ], [ -38.600994191336021, -3.748035801404875 ], [ -38.600795844067164, -3.747682548563088 ], [ -38.60064174153343, -3.747334694760612 ], [ -38.600459468467285, -3.746820515085327 ], [ -38.600178930715693, -3.745991368080934 ], [ -38.599897675673894, -3.745172963671119 ], [ -38.599888378657347, -3.745145910908483 ], [ -38.599867922504949, -3.74508349728604 ], [ -38.599577004255011, -3.744195877817893 ], [ -38.59942692770327, -3.743749931055619 ], [ -38.599389551636349, -3.743640080280277 ], [ -38.599196277903189, -3.743072035385002 ], [ -38.598931069665625, -3.742229135594698 ], [ -38.598758779321386, -3.742482531235508 ], [ -38.598512613845287, -3.74273787542037 ], [ -38.598256185925834, -3.742979639754706 ], [ -38.598079380188366, -3.743202909334828 ], [ -38.598043429285326, -3.74326336334301 ], [ -38.598023982804754, -3.743325775606441 ], [ -38.598013280212243, -3.743375512584179 ], [ -38.598009365475825, -3.743443783982148 ], [ -38.59802864607213, -3.7437451702623 ], [ -38.598034432341848, -3.743831002089461 ], [ -38.598027607565044, -3.743893420159091 ], [ -38.598012044226678, -3.743956809538169 ], [ -38.597963453765281, -3.744056270976983 ], [ -38.597912925047723, -3.744147928868231 ], [ -38.597865315699963, -3.74422495812862 ], [ -38.597689479600128, -3.744450178695112 ], [ -38.597579706638207, -3.744583748514468 ], [ -38.597534043049265, -3.744652000664984 ], [ -38.597499046016189, -3.744749517668466 ], [ -38.597491253403625, -3.744805107962359 ], [ -38.597495572013841, -3.744915566225602 ], [ -38.59754589569355, -3.745273048351443 ], [ -38.597584644954999, -3.745463255819448 ], [ -38.597631172815625, -3.745628595922936 ], [ -38.597712137486937, -3.745860274424686 ], [ -38.597777592668493, -3.746037327221673 ], [ -38.597801841667241, -3.746089030954893 ], [ -38.597829978737643, -3.746130983165561 ], [ -38.597858606605534, -3.746161231625611 ], [ -38.597889663293977, -3.746188067544008 ], [ -38.597915384463221, -3.746205147690416 ], [ -38.598291036096363, -3.746398923920699 ], [ -38.598328403908624, -3.746425275064401 ], [ -38.598372076376499, -3.746465283747184 ], [ -38.598473978002033, -3.746560425440586 ], [ -38.598511825499877, -3.746599456106631 ], [ -38.598538025923041, -3.746630191097339 ], [ -38.598560341617706, -3.746663362629263 ], [ -38.598580224273427, -3.746709212350166 ], [ -38.598598645017603, -3.746767253041185 ], [ -38.598610267651324, -3.74682919193127 ], [ -38.598614612276862, -3.746882837157123 ], [ -38.59861603463073, -3.746957450664425 ], [ -38.598613098356857, -3.747009141878837 ], [ -38.598605192317493, -3.74708466445487 ], [ -38.598603328056811, -3.747152801413828 ], [ -38.598618634275553, -3.74729925111339 ], [ -38.598644498128223, -3.747543156601861 ], [ -38.598644950561699, -3.747713562812971 ], [ -38.59863857306906, -3.747749238636332 ], [ -38.598617866786057, -3.747820054106259 ], [ -38.598600873402248, -3.747886078614512 ], [ -38.598597124327362, -3.747970214852736 ], [ -38.598618280124782, -3.748076195817015 ], [ -38.598645812695388, -3.748148098514334 ], [ -38.598706198780022, -3.748248239816949 ], [ -38.59878884871371, -3.748349456393006 ], [ -38.59885454847393, -3.748421909156124 ], [ -38.598968482037733, -3.748506632020804 ], [ -38.599109430995306, -3.748635033827544 ], [ -38.59919951118335, -3.748717083111128 ], [ -38.599292239722786, -3.74880392627266 ], [ -38.599355814298107, -3.748887028404903 ], [ -38.59941090626279, -3.748972256713356 ], [ -38.599457516099228, -3.749058546161955 ], [ -38.599483984921946, -3.749138436135341 ], [ -38.599500900255983, -3.749243882623878 ], [ -38.599508227205817, -3.749451568318094 ], [ -38.59949753450443, -3.749650725436136 ], [ -38.599475171753426, -3.749866917794153 ], [ -38.599453898279812, -3.750019208395751 ], [ -38.599314759835707, -3.75057083392253 ], [ -38.599283939575734, -3.750733770500641 ], [ -38.599274351614753, -3.750834944658795 ], [ -38.599261521412842, -3.751071377090764 ], [ -38.599263436123898, -3.751522953875279 ], [ -38.59926443228774, -3.751663539283653 ], [ -38.599257961367108, -3.751904234783256 ], [ -38.599251403082718, -3.752336636988375 ], [ -38.599259735289657, -3.752664672363806 ], [ -38.599272327264764, -3.752951173234995 ], [ -38.599286009057998, -3.753172707320768 ], [ -38.599289060579494, -3.753456008689758 ], [ -38.599267733520364, -3.753725453356859 ], [ -38.599269722378708, -3.754014079420308 ], [ -38.599288536258449, -3.754606248891676 ], [ -38.599278908875625, -3.75479369105005 ], [ -38.599267211076146, -3.754871433399862 ], [ -38.599235336186069, -3.755021589008923 ], [ -38.599226836504506, -3.755060991481877 ], [ -38.599208791010462, -3.755108909860815 ], [ -38.599156805548567, -3.755185568627691 ], [ -38.598917027520315, -3.755557156269039 ], [ -38.598810923405857, -3.755738163739099 ], [ -38.598766347213456, -3.755841451821087 ], [ -38.598742984549624, -3.755924513966785 ], [ -38.598714290159883, -3.756074671005269 ], [ -38.598644094092812, -3.756560295661332 ], [ -38.598623887707134, -3.756696611119236 ], [ -38.598600416467249, -3.757017176520819 ], [ -38.598565346583413, -3.757198216685033 ], [ -38.598513325386442, -3.75735262309457 ], [ -38.59845601866683, -3.757472945867723 ], [ -38.598384933981123, -3.75758261190469 ], [ -38.598131403254897, -3.757886030476095 ], [ -38.597829046490745, -3.758311373142025 ], [ -38.597781295226504, -3.758401879227835 ], [ -38.59776643314963, -3.758443408806145 ], [ -38.597761119130901, -3.758471629833783 ], [ -38.59776110668912, -3.758498788275131 ], [ -38.597809773771537, -3.758723533609613 ], [ -38.597902955657645, -3.758979718114027 ], [ -38.597942144476875, -3.759065471716502 ], [ -38.597971264639597, -3.759143765404792 ], [ -38.597982354015087, -3.759237493798849 ], [ -38.597973291671963, -3.759347720955696 ], [ -38.597960016740856, -3.75939617401064 ], [ -38.597938264933802, -3.759433972775725 ], [ -38.597908568799575, -3.759455792310813 ], [ -38.597863503146506, -3.759469616961093 ] ] ] ] } },
{ "type": "Feature", "properties": { "nome": "AIS 07", "territorio": "Capital", "casos": 25, "populacao": 314282, "taxa": 7.9546394639209375, "classe": "5.9-9.2" }, "geometry": { "type": "MultiPolygon", "coordinates": [ [ [ [ -38.446124254564999, -3.805231284443098 ], [ -38.446420748065471, -3.805279678253832 ], [ -38.446686516574751, -3.805329042860772 ], [ -38.446968075958083, -3.805389525753225 ], [ -38.447125638680404, -3.805423348457506 ], [ -38.447387855806291, -3.805467949916651 ], [ -38.447807248137565, -3.805534868711931 ], [ -38.448278768158652, -3.805610548654391 ], [ -38.448632610898009, -3.80565917578636 ], [ -38.449001474838568, -3.805687182885034 ], [ -38.449255807704219, -3.805709033369762 ], [ -38.44954963508237, -3.805731438042357 ], [ -38.449805021864798, -3.80575223111904 ], [ -38.450009331374531, -3.805768759734616 ], [ -38.45030895006343, -3.805793283708925 ], [ -38.450561704931189, -3.805812487995491 ], [ -38.450843945614544, -3.80583752963857 ], [ -38.451097751716134, -3.805859908216908 ], [ -38.451260988357078, -3.805873765493141 ], [ -38.451450027302073, -3.805889226097846 ], [ -38.451878652115781, -3.805930494196369 ], [ -38.452071026112939, -3.805946133115942 ], [ -38.452445946097477, -3.805974583433139 ], [ -38.452631297043816, -3.80599303888813 ], [ -38.452857366251145, -3.806019983632523 ], [ -38.453199970528289, -3.806076624386681 ], [ -38.453712473690395, -3.80616017381468 ], [ -38.454168811827785, -3.806235223871747 ], [ -38.454594260738475, -3.806303201255171 ], [ -38.454837174216053, -3.806341440728126 ], [ -38.454950906634622, -3.806361966107103 ], [ -38.455228215291292, -3.806415038248661 ], [ -38.455726662659096, -3.806520441412721 ], [ -38.456232830097385, -3.806631491460773 ], [ -38.456566998830311, -3.806705052409084 ], [ -38.456836580780696, -3.80676376144372 ], [ -38.457307647287756, -3.806866325298822 ], [ -38.457520365054158, -3.806911597815544 ], [ -38.457649818623985, -3.806942994155937 ], [ -38.457785728116036, -3.80698031893778 ], [ -38.457982282090825, -3.807049278685159 ], [ -38.458285537653026, -3.807154416224273 ], [ -38.458504556435656, -3.807229032301637 ], [ -38.458697747355934, -3.807286705236972 ], [ -38.458901049017328, -3.807344384501537 ], [ -38.459222294219778, -3.807425835527578 ], [ -38.459487387170419, -3.807477911290317 ], [ -38.459690697396105, -3.807522048931938 ], [ -38.459874917369696, -3.807553761523179 ], [ -38.460086096455676, -3.807590004842048 ], [ -38.460451177504993, -3.80763537243979 ], [ -38.460733138692667, -3.80766037551883 ], [ -38.460970165494039, -3.807681964944544 ], [ -38.461068456414957, -3.80769443962711 ], [ -38.461215607741913, -3.807719922181014 ], [ -38.461379044714619, -3.807751621425894 ], [ -38.461603740023321, -3.807793797322128 ], [ -38.461654252147063, -3.807972323485065 ], [ -38.461767795995897, -3.808365331442428 ], [ -38.461923142317119, -3.808902802562776 ], [ -38.462143167329316, -3.809667489684319 ], [ -38.462260666873924, -3.810072441737645 ], [ -38.462301896558913, -3.810227708884222 ], [ -38.462351614383735, -3.810388667842061 ], [ -38.462406436392669, -3.810534845104666 ], [ -38.462487267399176, -3.810732785762854 ], [ -38.462590709701331, -3.81098419363197 ], [ -38.462698685892171, -3.811227643247268 ], [ -38.462760876615221, -3.811359040222148 ], [ -38.462805545074417, -3.811446640221585 ], [ -38.46284060693413, -3.811506370368133 ], [ -38.462890375705982, -3.811585443815612 ], [ -38.46296164084761, -3.811690119934817 ], [ -38.463039125125995, -3.811807878888326 ], [ -38.463111522879686, -3.811911987071677 ], [ -38.463366916630704, -3.81224395387811 ], [ -38.463691641163656, -3.812605249447132 ], [ -38.463832511520373, -3.812753186405796 ], [ -38.463924169946402, -3.812836835192182 ], [ -38.46412107284231, -3.813005278522862 ], [ -38.464389851716398, -3.813206748382904 ], [ -38.464624689274999, -3.813367254212794 ], [ -38.464726547724581, -3.813434987111448 ], [ -38.464813696746916, -3.813487357269523 ], [ -38.4649438587725, -3.813558519703158 ], [ -38.465198528071816, -3.813690605291836 ], [ -38.46541188982016, -3.813792526623867 ], [ -38.465630908542138, -3.813901275242377 ], [ -38.465852193528228, -3.814007181966327 ], [ -38.466152146243488, -3.814148962563868 ], [ -38.466832988040515, -3.814462143610299 ], [ -38.467779820702837, -3.814910828043242 ], [ -38.468465182958539, -3.815239932958029 ], [ -38.4690254732105, -3.815505839769513 ], [ -38.469573313146739, -3.815765483409212 ], [ -38.470199811397379, -3.816077491183012 ], [ -38.470706890086575, -3.816339952244452 ], [ -38.470883464138197, -3.816428202069201 ], [ -38.471065128740719, -3.816523847455078 ], [ -38.471203782167152, -3.81659728891467 ], [ -38.471497504029564, -3.816748162435706 ], [ -38.472308495840238, -3.817161502395282 ], [ -38.472854626855643, -3.817442183221555 ], [ -38.472872348076585, -3.817450907642499 ], [ -38.473200420270032, -3.817612422396596 ], [ -38.473511122922439, -3.817768992270474 ], [ -38.473575074001751, -3.817802013297509 ], [ -38.473624306055534, -3.817835025276148 ], [ -38.473695038770984, -3.817887384577969 ], [ -38.473785575884278, -3.81795567825403 ], [ -38.473877810324147, -3.818025678916261 ], [ -38.474038506150421, -3.818159410464287 ], [ -38.474144311868834, -3.818255008708736 ], [ -38.474273872038118, -3.818387583806259 ], [ -38.474359295867288, -3.818486012772746 ], [ -38.474409799069413, -3.818546087336363 ], [ -38.474556346462016, -3.818584584208958 ], [ -38.47468589217705, -3.818618886219695 ], [ -38.475353169650006, -3.818861931541468 ], [ -38.475857679059317, -3.819046265131118 ], [ -38.476212883762706, -3.819162503498482 ], [ -38.476451846409802, -3.819181853110736 ], [ -38.477448941323424, -3.819553729523919 ], [ -38.478138606833745, -3.819768501192164 ], [ -38.478255642771863, -3.819820175440226 ], [ -38.478363228467572, -3.819866343687137 ], [ -38.478489044927123, -3.819938433414714 ], [ -38.478538533768472, -3.819962122829339 ], [ -38.478686540270694, -3.820032970845571 ], [ -38.479403384104884, -3.820166231183492 ], [ -38.479572244120007, -3.820191938504407 ], [ -38.479610480070839, -3.820191961747013 ], [ -38.479686515846566, -3.820254819384203 ], [ -38.479813145943297, -3.820298904340632 ], [ -38.479952534382278, -3.820321393101082 ], [ -38.480019450200587, -3.820316632874662 ], [ -38.48080226543297, -3.820029455632907 ], [ -38.480840380521897, -3.820086169361068 ], [ -38.480897532197922, -3.820129990148674 ], [ -38.48095469344743, -3.820157888708754 ], [ -38.481313143555802, -3.820370182813756 ], [ -38.481486110386548, -3.82005381466651 ], [ -38.48172818410071, -3.819743613581106 ], [ -38.482130887275929, -3.819351839120025 ], [ -38.482389154608747, -3.819153944441513 ], [ -38.482533546068012, -3.81903356779356 ], [ -38.482798094813717, -3.818713223396836 ], [ -38.482935302142252, -3.818386846698685 ], [ -38.482994227448529, -3.818244596367653 ], [ -38.483033261288753, -3.817961590958355 ], [ -38.483032765736482, -3.817867614300209 ], [ -38.483182918369593, -3.81783356394506 ], [ -38.48344461702581, -3.817788377568661 ], [ -38.484201420826572, -3.817623596147081 ], [ -38.484685807773531, -3.817514754081443 ], [ -38.484656080295039, -3.817326442362785 ], [ -38.484601183555071, -3.817004388452479 ], [ -38.484534852185249, -3.816611621406317 ], [ -38.484828694670554, -3.816551082954823 ], [ -38.485155446006075, -3.816475961788306 ], [ -38.485734725469136, -3.816336434170357 ], [ -38.486167848984088, -3.816226791829834 ], [ -38.486649952440821, -3.816096427838752 ], [ -38.487183320670667, -3.815963020045696 ], [ -38.487467227689805, -3.815883261022876 ], [ -38.487601911630776, -3.815844914220788 ], [ -38.487686849087261, -3.815829594062174 ], [ -38.48779320763316, -3.815818129429872 ], [ -38.48795006866677, -3.815799009489977 ], [ -38.488065604103433, -3.815795235772475 ], [ -38.488572883869473, -3.815787084600966 ], [ -38.488655517320581, -3.815786365357307 ], [ -38.488719028216366, -3.815776412137333 ], [ -38.48882768575438, -3.815758800370865 ], [ -38.488941704582267, -3.81573196922495 ], [ -38.489460543298591, -3.815584717428563 ], [ -38.4903130155055, -3.815367725965616 ], [ -38.491002488773923, -3.815198286747522 ], [ -38.491556531982397, -3.815034915002478 ], [ -38.491985829330268, -3.814924498715155 ], [ -38.492061012362768, -3.814581771210126 ], [ -38.492066387604737, -3.81454872686461 ], [ -38.492067938150527, -3.814514143158714 ], [ -38.492062699636961, -3.814314317780137 ], [ -38.492046013208778, -3.814065298597641 ], [ -38.492031658233607, -3.813754797018137 ], [ -38.49201648309171, -3.813538057712972 ], [ -38.492002765547973, -3.813445055373761 ], [ -38.491975272712928, -3.813357424705344 ], [ -38.491958467176509, -3.813311301917262 ], [ -38.491943957448335, -3.813264411941758 ], [ -38.491933272411288, -3.813219061326332 ], [ -38.491931765863278, -3.813178711704904 ], [ -38.491936771394386, -3.813123763543843 ], [ -38.491947504257787, -3.813087648182043 ], [ -38.491968572308167, -3.81304116355419 ], [ -38.492071991382545, -3.812822957388184 ], [ -38.492206827128555, -3.812524840884596 ], [ -38.492363895803038, -3.812150651319921 ], [ -38.492751147605681, -3.811163433625393 ], [ -38.492792929900062, -3.811180998325084 ], [ -38.493103488574121, -3.811315677622103 ], [ -38.493808742183077, -3.811631198403946 ], [ -38.494370192408169, -3.81188130739485 ], [ -38.494969121665392, -3.812152188908839 ], [ -38.49559253198867, -3.812428464281378 ], [ -38.496153978896224, -3.812686257712663 ], [ -38.496606053976528, -3.812875585885103 ], [ -38.497002282745612, -3.813052584330482 ], [ -38.497604278770247, -3.813315780533515 ], [ -38.498103771033527, -3.813541257528517 ], [ -38.498652221008896, -3.81378443949325 ], [ -38.498908666589337, -3.813901708818356 ], [ -38.498688798995559, -3.814407499257378 ], [ -38.498441073836581, -3.814973945677738 ], [ -38.497997068391363, -3.815966285499394 ], [ -38.49849316643698, -3.816155913038319 ], [ -38.498720724339208, -3.816237934470054 ], [ -38.498904938477438, -3.816303363506368 ], [ -38.498934619009752, -3.816315687773154 ], [ -38.498956760915718, -3.816326114260366 ], [ -38.498981728024795, -3.816340329141112 ], [ -38.49902317978087, -3.81636922728479 ], [ -38.499240329012864, -3.816523190614104 ], [ -38.499459357777134, -3.816686621852328 ], [ -38.49968168169827, -3.816856208425786 ], [ -38.499990674296157, -3.817092113533353 ], [ -38.500091476884641, -3.81716364712545 ], [ -38.500407332325629, -3.816940413515576 ], [ -38.500836788407071, -3.816659024770495 ], [ -38.501130946016509, -3.816471752266679 ], [ -38.50136382875835, -3.816309531171018 ], [ -38.501494915661929, -3.816220269292383 ], [ -38.501636299029009, -3.816128624422598 ], [ -38.501764616435977, -3.816642618960671 ], [ -38.501864456306834, -3.816614063527675 ], [ -38.502199368536559, -3.816524834895124 ], [ -38.502406929035487, -3.816469535733742 ], [ -38.503856671452652, -3.816070874700581 ], [ -38.504754040092031, -3.815825255254234 ], [ -38.505636325365671, -3.815585779563784 ], [ -38.506092543931388, -3.815471966832001 ], [ -38.506491271735683, -3.815358594087854 ], [ -38.506964929513714, -3.815238164093429 ], [ -38.507459334908638, -3.815094078570248 ], [ -38.507303455023909, -3.814921691996102 ], [ -38.507198450783306, -3.814780101967077 ], [ -38.507027074013848, -3.814513511113988 ], [ -38.506880640005122, -3.814304209132639 ], [ -38.506822728088402, -3.814217080643683 ], [ -38.506786954648888, -3.81414653190448 ], [ -38.506783100763364, -3.814136371101183 ], [ -38.506779774645743, -3.814126023863561 ], [ -38.506776985180387, -3.814115517830053 ], [ -38.506774739818226, -3.814104881063424 ], [ -38.506773044556802, -3.81409414197541 ], [ -38.506771903924317, -3.814083329251253 ], [ -38.506771320967509, -3.814072471772752 ], [ -38.506771297243453, -3.814061598541297 ], [ -38.506771832815502, -3.814050738600379 ], [ -38.50677292625312, -3.814039920957943 ], [ -38.506774574635543, -3.814029174508978 ], [ -38.506776773559807, -3.814018527958325 ], [ -38.506779517152331, -3.814008009743888 ], [ -38.5067827980847, -3.813997647960957 ], [ -38.506786607593178, -3.813987470286756 ], [ -38.506790935502238, -3.813977503906889 ], [ -38.506795770251536, -3.813967775442517 ], [ -38.506801098927006, -3.813958310879339 ], [ -38.506806907295207, -3.813949135498097 ], [ -38.50681317984143, -3.813940273807175 ], [ -38.50681989981107, -3.813931749476938 ], [ -38.506827049254412, -3.813923585276721 ], [ -38.506834609074595, -3.813915803013909 ], [ -38.507018994519399, -3.813806804786291 ], [ -38.507225930870057, -3.813691901275758 ], [ -38.507639332188027, -3.813462093811986 ], [ -38.508011254146538, -3.813251196065135 ], [ -38.508141825967414, -3.813179796090505 ], [ -38.508207816700555, -3.813147646574937 ], [ -38.508281819712892, -3.813113134929649 ], [ -38.508359590959977, -3.813081465498148 ], [ -38.508445843296784, -3.813051694293407 ], [ -38.508600436046109, -3.813001135120534 ], [ -38.509071272744556, -3.812866975171681 ], [ -38.509456326401036, -3.812765899942728 ], [ -38.509727802189474, -3.81268416670882 ], [ -38.509988907091049, -3.812609054268785 ], [ -38.510065729086342, -3.812589217716594 ], [ -38.510122287051502, -3.812571262959612 ], [ -38.510162823142892, -3.812553299049825 ], [ -38.510401807947872, -3.812428946103296 ], [ -38.510477699237846, -3.812388281858911 ], [ -38.510556420586475, -3.812342885784904 ], [ -38.510710184059924, -3.812228990416155 ], [ -38.510749591319438, -3.812205904703331 ], [ -38.510964096552897, -3.812038457650849 ], [ -38.511113120029371, -3.811940098069985 ], [ -38.51134090963491, -3.81175448055958 ], [ -38.511375650763966, -3.811641580808443 ], [ -38.511706641930857, -3.811700729034908 ], [ -38.512049595498659, -3.811738280887759 ], [ -38.512438026966031, -3.811734350952432 ], [ -38.512721103067015, -3.811701305763159 ], [ -38.513100271188137, -3.811636665541103 ], [ -38.513815748707685, -3.81146107905076 ], [ -38.513925906987787, -3.811433754694998 ], [ -38.514905607039651, -3.811191101516134 ], [ -38.515115740947586, -3.811138619721947 ], [ -38.515154339304914, -3.811304139959356 ], [ -38.515152446958197, -3.811317392521965 ], [ -38.51514819766016, -3.811332063784791 ], [ -38.515142998212248, -3.81136046148647 ], [ -38.515137779942975, -3.811422466600876 ], [ -38.515137747602431, -3.811480214549543 ], [ -38.515140544770006, -3.811534177345054 ], [ -38.515149003871123, -3.811575363052255 ], [ -38.515177698618558, -3.811665314624773 ], [ -38.515212981598843, -3.811771363615179 ], [ -38.515227570689525, -3.811805452625737 ], [ -38.515247810583354, -3.811846644988826 ], [ -38.51527935340944, -3.811899677337317 ], [ -38.515305241195364, -3.81195317983433 ], [ -38.515356537063909, -3.812075331564047 ], [ -38.515397009190863, -3.812171443258184 ], [ -38.515415354103169, -3.812230621620704 ], [ -38.515428041851671, -3.81229405688371 ], [ -38.515433193337671, -3.812351334417776 ], [ -38.515439269798215, -3.812439853178443 ], [ -38.515449132013323, -3.812499973437365 ], [ -38.515457593253032, -3.812537372392842 ], [ -38.51547076866725, -3.812571460603029 ], [ -38.515511731133252, -3.812633491803903 ], [ -38.515552702348032, -3.812679902656183 ], [ -38.515614396913662, -3.812745732314042 ], [ -38.515662902024097, -3.812802560985014 ], [ -38.51570999900688, -3.812849448634596 ], [ -38.515739672325502, -3.812875025964638 ], [ -38.51576039806249, -3.812890184674135 ], [ -38.515781596886207, -3.812902030242146 ], [ -38.515803740293379, -3.812910089590714 ], [ -38.515915881888141, -3.812930980024701 ], [ -38.516091161188236, -3.812965159700732 ], [ -38.516170790956572, -3.812980351631539 ], [ -38.516258430088392, -3.812998388136805 ], [ -38.51631638238937, -3.813014987860973 ], [ -38.516374801428391, -3.81303963469373 ], [ -38.516425674936386, -3.813074690838152 ], [ -38.516453930622149, -3.813107367508731 ], [ -38.516478408782035, -3.81315376902698 ], [ -38.51650993083441, -3.813244195513912 ], [ -38.516551813922852, -3.813345514754409 ], [ -38.516594643186771, -3.813440207710196 ], [ -38.516612528337809, -3.813479032004969 ], [ -38.516633243265012, -3.81351359779785 ], [ -38.516660086067354, -3.813544853635593 ], [ -38.516683636589143, -3.813564747359398 ], [ -38.516702944961622, -3.813586532068403 ], [ -38.516720364703616, -3.813614942529836 ], [ -38.516727889619979, -3.813641454038712 ], [ -38.516732114057987, -3.813671277096268 ], [ -38.516731625376934, -3.813702517530022 ], [ -38.516715087290336, -3.813782976702975 ], [ -38.516710359100401, -3.81381137468286 ], [ -38.516712230547135, -3.813835516285388 ], [ -38.516720702688708, -3.813853508134921 ], [ -38.516778135446948, -3.813956729509526 ], [ -38.516839809048818, -3.814060426615491 ], [ -38.516871827241062, -3.814106359032003 ], [ -38.516914215731305, -3.814146617161242 ], [ -38.516995719990973, -3.814180743850416 ], [ -38.517083832615683, -3.814194993802425 ], [ -38.517195985519571, -3.814196003647435 ], [ -38.517278919079352, -3.814202203813983 ], [ -38.517343475613323, -3.814206500252006 ], [ -38.517405673343475, -3.81421552879885 ], [ -38.517497071678875, -3.814252974421089 ], [ -38.517545595476143, -3.814276668931602 ], [ -38.517613434550647, -3.814309841189198 ], [ -38.517715669155962, -3.814351079640037 ], [ -38.517796233911199, -3.81437999894534 ], [ -38.517880568009701, -3.814409867051542 ], [ -38.517950762220686, -3.814444933986247 ], [ -38.517979496626509, -3.814464357251329 ], [ -38.518017649894333, -3.814494199381921 ], [ -38.518049210120054, -3.814516464298513 ], [ -38.518072762548123, -3.814533044583066 ], [ -38.518091131148587, -3.814550095297632 ], [ -38.518104781089654, -3.814578503619622 ], [ -38.518116532651163, -3.814631051426857 ], [ -38.518132979143651, -3.814714842587656 ], [ -38.518145663945766, -3.814783957965042 ], [ -38.518153659882671, -3.814810943076473 ], [ -38.518172963046965, -3.814842194640318 ], [ -38.518213465649623, -3.814884345033637 ], [ -38.518255842381173, -3.814945903589584 ], [ -38.518284562575403, -3.81499088742447 ], [ -38.51831469752716, -3.815033978676934 ], [ -38.51835378433632, -3.815079915023329 ], [ -38.518375444734922, -3.815109274531797 ], [ -38.518395218883072, -3.815140999701037 ], [ -38.518418756312094, -3.815184560588671 ], [ -38.518467730078051, -3.815246596187792 ], [ -38.518512941360143, -3.815295376034411 ], [ -38.518542144669006, -3.815319059646447 ], [ -38.518574177489121, -3.815338958093308 ], [ -38.518604325376224, -3.815358855480586 ], [ -38.518643898201404, -3.81537828481541 ], [ -38.518693364564847, -3.815401979801615 ], [ -38.518736234186434, -3.815424724393186 ], [ -38.518776740530846, -3.815460247949544 ], [ -38.518818182498876, -3.815508078978864 ], [ -38.518865733393724, -3.815586680809124 ], [ -38.518876562027636, -3.815604200623059 ], [ -38.518883622108135, -3.815619351600517 ], [ -38.518887850836094, -3.815641601151828 ], [ -38.518901006674739, -3.815711190134535 ], [ -38.518913702340406, -3.815760898402213 ], [ -38.518932992385558, -3.815815817157441 ], [ -38.518974879018799, -3.815911456196758 ], [ -38.519008280025062, -3.816013243947552 ], [ -38.519025212593363, -3.816070528099813 ], [ -38.519043097109567, -3.816110772394553 ], [ -38.51905675052447, -3.816133027234621 ], [ -38.519083595072843, -3.816161442951651 ], [ -38.519099606502884, -3.816180385704946 ], [ -38.519109962860718, -3.816199798629046 ], [ -38.519125017872128, -3.816243828088773 ], [ -38.519145243036114, -3.816312001004452 ], [ -38.519154177007039, -3.816347033489334 ], [ -38.519162644745592, -3.81637307217243 ], [ -38.519176297903904, -3.816395800355475 ], [ -38.519203140621279, -3.816427529478625 ], [ -38.519240815149466, -3.816471098283523 ], [ -38.519274723228079, -3.816508511499435 ], [ -38.519299674172814, -3.816552546508959 ], [ -38.51933166863612, -3.81664155317044 ], [ -38.519386723595943, -3.816784534007928 ], [ -38.5194130714167, -3.816858863829771 ], [ -38.519427184508636, -3.816901946070176 ], [ -38.519441293128779, -3.816953075159886 ], [ -38.519447867785139, -3.816993786451063 ], [ -38.519451616612884, -3.817031656091987 ], [ -38.519453948579454, -3.817075205069012 ], [ -38.519451103016436, -3.81710786422488 ], [ -38.519442128244776, -3.817146200073697 ], [ -38.519436929138642, -3.817174124467042 ], [ -38.519427963048905, -3.817196839960887 ], [ -38.51941711544066, -3.817213400924293 ], [ -38.519410305287025, -3.817239341552812 ], [ -38.519408516092625, -3.817282486220686 ], [ -38.519423641666762, -3.817328891077832 ], [ -38.51948386632062, -3.817509278506211 ], [ -38.519521028360927, -3.817627162061897 ], [ -38.519558212247105, -3.817705758058116 ], [ -38.519581276189435, -3.817753578759933 ], [ -38.519597749946769, -3.817788615471481 ], [ -38.519603379774161, -3.817833586330671 ], [ -38.519616036823834, -3.817952876174946 ], [ -38.519623063520044, -3.818028141848206 ], [ -38.519621622453009, -3.818077368840032 ], [ -38.51961359119607, -3.818113811841684 ], [ -38.51960038108664, -3.818141731742589 ], [ -38.519546135354339, -3.818238263539443 ], [ -38.519507458270581, -3.818302616657941 ], [ -38.519476333842576, -3.818343780144423 ], [ -38.519443800706469, -3.818375949298919 ], [ -38.519381110347545, -3.818404788120696 ], [ -38.519331145709408, -3.818429373981187 ], [ -38.51929578831222, -3.818455861413487 ], [ -38.519268439808123, -3.818486140092881 ], [ -38.519250043458236, -3.818518790517046 ], [ -38.519235865841942, -3.818591677565541 ], [ -38.519233473323297, -3.818656997721786 ], [ -38.519245219186011, -3.818719959093415 ], [ -38.519258865529153, -3.818754994224153 ], [ -38.519271098693252, -3.818789081873148 ], [ -38.519288964038886, -3.818863880284531 ], [ -38.519303067928128, -3.818923529570135 ], [ -38.519319062817914, -3.818972293000485 ], [ -38.51933458884335, -3.819016796069746 ], [ -38.519374605962447, -3.819084980094629 ], [ -38.519406150058586, -3.81913659231606 ], [ -38.519427329077054, -3.819184411966396 ], [ -38.51943247660197, -3.81924926301117 ], [ -38.519420178132016, -3.81933256468896 ], [ -38.519402697643514, -3.819413023392491 ], [ -38.51937910319635, -3.819471704830289 ], [ -38.519345147084437, -3.819520440222507 ], [ -38.519312141868184, -3.819554029132478 ], [ -38.519268306386543, -3.81957293829055 ], [ -38.519214579688928, -3.819583321696903 ], [ -38.519171224397361, -3.819586137416905 ], [ -38.519145776073294, -3.819588963191115 ], [ -38.519127392600403, -3.819598419750726 ], [ -38.519115131242941, -3.819614979910865 ], [ -38.519100500530634, -3.819655205948896 ], [ -38.519089639441574, -3.819695907447903 ], [ -38.519090091969289, -3.819729515138535 ], [ -38.519114556194388, -3.81980147719376 ], [ -38.519138554456362, -3.819863972103442 ], [ -38.519150301898257, -3.819924093411637 ], [ -38.519153092955079, -3.819989416475616 ], [ -38.519138916872045, -3.820059463451723 ], [ -38.519109185508981, -3.820137548540894 ], [ -38.519055413444242, -3.820229347103852 ], [ -38.519031326096233, -3.820326842469785 ], [ -38.519023765755058, -3.820363759066965 ], [ -38.519019987165677, -3.820379377301386 ], [ -38.519021855242066, -3.820409672377404 ], [ -38.51902513412837, -3.8204451750319 ], [ -38.519020817086236, -3.820581495725012 ], [ -38.519022680681047, -3.820619837649183 ], [ -38.519082896956931, -3.820803055672588 ], [ -38.519164780920455, -3.821002852912407 ], [ -38.519201026885419, -3.821073401554471 ], [ -38.519286702924489, -3.821233440007804 ], [ -38.519301764324474, -3.821266109214978 ], [ -38.519317301178155, -3.821291205182217 ], [ -38.519337082590305, -3.821310150058825 ], [ -38.519370525396212, -3.821337149458055 ], [ -38.519385596285083, -3.821352778279209 ], [ -38.519394537142112, -3.82137550382054 ], [ -38.519402063498241, -3.821399648600058 ], [ -38.519411005409815, -3.821420480765184 ], [ -38.519435965165549, -3.821448895431512 ], [ -38.519458104349489, -3.821465001564853 ], [ -38.519481659879482, -3.821476375051115 ], [ -38.519654582810873, -3.821514339659172 ], [ -38.519696987038834, -3.821527143751597 ], [ -38.519920297627884, -3.821627618021783 ], [ -38.519953744939627, -3.821646570552711 ], [ -38.519986717068655, -3.821672622979269 ], [ -38.520008854691092, -3.821691569164741 ], [ -38.520028164628158, -3.821710987108026 ], [ -38.520049362146089, -3.821725672667373 ], [ -38.520069619295128, -3.821736570945207 ], [ -38.520093647921094, -3.821744631272245 ], [ -38.520140765856894, -3.821755071267096 ], [ -38.520188828635959, -3.821761251691167 ], [ -38.520230765068753, -3.821767902022245 ], [ -38.520265631102596, -3.821777861797447 ], [ -38.520300964167028, -3.821795395340854 ], [ -38.520334411495028, -3.821814347858759 ], [ -38.520362203188206, -3.821834717238329 ], [ -38.520414482921844, -3.821884447684452 ], [ -38.520466764238961, -3.821931338063457 ], [ -38.520494079707078, -3.821960700713416 ], [ -38.520516213405784, -3.821986747049488 ], [ -38.520545872447087, -3.822038831535373 ], [ -38.520586826208557, -3.82211790297113 ], [ -38.520602826467112, -3.822157199508418 ], [ -38.520621175555256, -3.822209751000608 ], [ -38.520632935467226, -3.822247625129219 ], [ -38.520649411435159, -3.822278875080292 ], [ -38.520668247271431, -3.822303499533519 ], [ -38.520696967009442, -3.822349903359044 ], [ -38.520721915272567, -3.822399145136937 ], [ -38.520767564360874, -3.822508986574663 ], [ -38.520855009113056, -3.822879190764054 ], [ -38.520891693155207, -3.82300985432569 ], [ -38.520900142334163, -3.823069500434782 ], [ -38.52091140527979, -3.823153762021414 ], [ -38.520973892889153, -3.823490818131981 ], [ -38.520977652023419, -3.823510227351962 ], [ -38.520978578210951, -3.823539575215035 ], [ -38.520972905486019, -3.82357175944812 ], [ -38.520964880772794, -3.823596368855672 ], [ -38.52096156765397, -3.823622400934621 ], [ -38.520963908869298, -3.823649382868723 ], [ -38.520974244846698, -3.823705716624526 ], [ -38.521009523619057, -3.8238212323818 ], [ -38.521046221631586, -3.823926808703744 ], [ -38.521074919630102, -3.824012500086057 ], [ -38.521124350029609, -3.824101989830937 ], [ -38.521205345285516, -3.824206170918508 ], [ -38.521380005211768, -3.824512049090139 ], [ -38.521384241372395, -3.824521045002397 ], [ -38.521391302865581, -3.824533829250174 ], [ -38.521401659880162, -3.824552295473683 ], [ -38.521412960685637, -3.824568395503918 ], [ -38.52143698205311, -3.824589709440107 ], [ -38.521461477286003, -3.824606290198065 ], [ -38.521489745318824, -3.824617666279444 ], [ -38.5215142458038, -3.824624780153267 ], [ -38.521555239913503, -3.82463142991048 ], [ -38.521691424022897, -3.824638606259097 ], [ -38.521847863017008, -3.824660940930195 ], [ -38.521963778881144, -3.824677099444934 ], [ -38.522072625380275, -3.82469467402638 ], [ -38.522166390140477, -3.824716026921692 ], [ -38.522236127483481, -3.824726952807636 ], [ -38.522304925233797, -3.824732671375457 ], [ -38.522380321118142, -3.824736973590226 ], [ -38.522471733367304, -3.824751698318608 ], [ -38.522538170737008, -3.824764989059679 ], [ -38.522568324535435, -3.824774946127663 ], [ -38.522620149831447, -3.824794855525258 ], [ -38.522664437138069, -3.824811447301549 ], [ -38.522715793294942, -3.82482756967704 ], [ -38.52275866426988, -3.824848894102039 ], [ -38.522805300709301, -3.824878267480931 ], [ -38.522843219227859, -3.824907635992776 ], [ -38.522873595959048, -3.824940550377835 ], [ -38.522907974822658, -3.824979620472067 ], [ -38.522929166320552, -3.825005429564833 ], [ -38.522948592308524, -3.825028279269763 ], [ -38.522965313056083, -3.825043198946704 ], [ -38.522980858716004, -3.825052674507348 ], [ -38.522998760310841, -3.825062624726453 ], [ -38.523036452384353, -3.825075426051545 ], [ -38.523096759233702, -3.825096760188159 ], [ -38.523180617062344, -3.825137987919582 ], [ -38.523240443787039, -3.825175415488928 ], [ -38.523364336838142, -3.825253113046841 ], [ -38.523449605015912, -3.82530049501884 ], [ -38.523534871896558, -3.825350243704863 ], [ -38.523613536729783, -3.82540850890452 ], [ -38.523679951699187, -3.825462507173547 ], [ -38.523743530615455, -3.825532124224813 ], [ -38.52379250947687, -3.825586586118189 ], [ -38.52382829128338, -3.825645300758868 ], [ -38.523854644381963, -3.825711110313714 ], [ -38.523907352679828, -3.825838942667858 ], [ -38.523957725692945, -3.825928906164444 ], [ -38.523998207120329, -3.826010817295675 ], [ -38.52401844927342, -3.826049169467209 ], [ -38.524031160733067, -3.826070950389664 ], [ -38.524048586681843, -3.82608894718144 ], [ -38.524068369091985, -3.826106471940566 ], [ -38.524090982337867, -3.826117844797522 ], [ -38.524123492405884, -3.82612780313034 ], [ -38.52417061038971, -3.82613871628267 ], [ -38.524208771421797, -3.82615577792496 ], [ -38.524232798391012, -3.826167151565445 ], [ -38.52424740291216, -3.82617425986095 ], [ -38.52426577265323, -3.826189890452085 ], [ -38.52427895901657, -3.826205044813655 ], [ -38.524293088121404, -3.826219726355342 ], [ -38.524314757588421, -3.826233465404149 ], [ -38.524394854288197, -3.826259070575849 ], [ -38.524427366454447, -3.826265242143595 ], [ -38.524450455909331, -3.826267621712081 ], [ -38.524462237692369, -3.826266208233378 ], [ -38.524509842588706, -3.826248720970738 ], [ -38.524542835912293, -3.826236905711581 ], [ -38.524561688382327, -3.826231709408541 ], [ -38.524581010526575, -3.826229353433176 ], [ -38.524598446406166, -3.826229363130692 ], [ -38.524657815079266, -3.826243123137917 ], [ -38.524731782021831, -3.826275351693457 ], [ -38.524826947991762, -3.826319898985368 ], [ -38.524893845826, -3.826353070287553 ], [ -38.52494519196032, -3.826387652975319 ], [ -38.524976749924832, -3.826415124495703 ], [ -38.525019610354768, -3.826455855942383 ], [ -38.52505446518046, -3.826486642704133 ], [ -38.525100630815722, -3.826515542371375 ], [ -38.525140673980758, -3.826537811811707 ], [ -38.525200028614435, -3.826577132381196 ], [ -38.525227351686766, -3.82659324127295 ], [ -38.525252789017479, -3.826610769150118 ], [ -38.525279636161336, -3.826635397977536 ], [ -38.525310248799315, -3.826668075752644 ], [ -38.525381847882485, -3.826721603447977 ], [ -38.525494899715824, -3.826804974859884 ], [ -38.525598069846218, -3.826862306824176 ], [ -38.525721965979166, -3.826935270650214 ], [ -38.525860461480065, -3.827024809620284 ], [ -38.525935361656032, -3.827074079007155 ], [ -38.525983412838421, -3.827102032990715 ], [ -38.526027695140321, -3.827128091503355 ], [ -38.52604889628298, -3.827136623464137 ], [ -38.526068685785788, -3.827141367885006 ], [ -38.526115806202689, -3.827148020839931 ], [ -38.526155856710929, -3.827157036595183 ], [ -38.526203914669111, -3.827172683612371 ], [ -38.526235949667765, -3.827189741777907 ], [ -38.526268453827818, -3.827210586959202 ], [ -38.526314613046331, -3.827251320181438 ], [ -38.526419164255159, -3.827368294243991 ], [ -38.526493096018221, -3.827464897512434 ], [ -38.526544423313297, -3.827534034264906 ], [ -38.526566084795697, -3.827562446943054 ], [ -38.526623071151299, -3.827624013313868 ], [ -38.526758716813724, -3.827754731564885 ], [ -38.52688258434879, -3.827880236486299 ], [ -38.526951812626038, -3.827960743403965 ], [ -38.526962173696297, -3.827972109411475 ], [ -38.526969705501955, -3.827986787264905 ], [ -38.52698193958927, -3.828019928162052 ], [ -38.527001234502727, -3.82806727330695 ], [ -38.527131662880485, -3.828259523427042 ], [ -38.527192409644755, -3.828338605602578 ], [ -38.527216432047574, -3.828358499372039 ], [ -38.527239514305435, -3.828374132518893 ], [ -38.527260715752533, -3.828382191110192 ], [ -38.527310194017694, -3.828386005245505 ], [ -38.527349308867151, -3.828382713474634 ], [ -38.527390782778234, -3.828374216215917 ], [ -38.527428484162748, -3.828370450314747 ], [ -38.527477493782712, -3.828369530734564 ], [ -38.527551471670975, -3.828382351955166 ], [ -38.527657945762989, -3.82843069198755 ], [ -38.527809149166451, -3.828549585089698 ], [ -38.52798909005233, -3.828683641079412 ], [ -38.528067288678216, -3.828733858822365 ], [ -38.528139353138712, -3.828798746856364 ], [ -38.528218465765065, -3.828901033009703 ], [ -38.528279679254624, -3.828988635587137 ], [ -38.528317341029052, -3.829057291367777 ], [ -38.52833355082533, -3.829105594652597 ], [ -38.529084019022079, -3.828934708447485 ], [ -38.529414840089174, -3.828856201951212 ], [ -38.530986985843946, -3.828488813356218 ], [ -38.532545260218491, -3.828196076818703 ], [ -38.53402320169198, -3.82792600196138 ], [ -38.534390075503588, -3.827833629372911 ], [ -38.537422239480144, -3.826361564897207 ], [ -38.538402403535649, -3.825882882741678 ], [ -38.538739457620068, -3.825753092248802 ], [ -38.539485151338333, -3.825604290519712 ], [ -38.539651343542438, -3.825563973668131 ], [ -38.541320242967245, -3.825189526496912 ], [ -38.541954187627667, -3.825027848267023 ], [ -38.543765113561591, -3.824565995323017 ], [ -38.543776368532981, -3.824563868819445 ], [ -38.5445797297876, -3.824410195507356 ], [ -38.546058550177825, -3.824196116578408 ], [ -38.548911063064892, -3.823783169991787 ], [ -38.549726566246498, -3.823631124649028 ], [ -38.554686507287549, -3.822131180010627 ], [ -38.555660706371881, -3.821834021212815 ], [ -38.555932627222852, -3.821749975755401 ], [ -38.558114842108203, -3.821068063241869 ], [ -38.558072836311759, -3.820814652719048 ], [ -38.558005931707804, -3.820517859850468 ], [ -38.557856499095088, -3.820031352756379 ], [ -38.557200069204754, -3.817894211349032 ], [ -38.556115250487863, -3.81436234301974 ], [ -38.555813964685989, -3.813386729465078 ], [ -38.55525646285448, -3.811587730587804 ], [ -38.554614978346507, -3.809472771433531 ], [ -38.554578396944891, -3.809352163158742 ], [ -38.554435584210971, -3.808877182317277 ], [ -38.553764366193818, -3.806644772571921 ], [ -38.553199847286621, -3.80469348960437 ], [ -38.552957565747064, -3.803896485440886 ], [ -38.552639889577321, -3.802820656721603 ], [ -38.552517769016227, -3.802426555226892 ], [ -38.55204703248296, -3.800897314180196 ], [ -38.551617728979323, -3.799478236906888 ], [ -38.551193362857546, -3.798086448972105 ], [ -38.550767967283363, -3.796691891124275 ], [ -38.550332516684342, -3.795279142521683 ], [ -38.549906310845586, -3.793885159429006 ], [ -38.549796911730411, -3.793528840181037 ], [ -38.549639644859631, -3.793016612439347 ], [ -38.549529561633612, -3.7930544610294 ], [ -38.549495456514009, -3.793061255124491 ], [ -38.549466973010979, -3.793062502498684 ], [ -38.549446447733274, -3.793064174783046 ], [ -38.549420892583761, -3.793072576477452 ], [ -38.549385696772951, -3.793094016458296 ], [ -38.549363909667605, -3.793105786139672 ], [ -38.549338773381784, -3.793114188050318 ], [ -38.549309032627157, -3.79311669701923 ], [ -38.549284321527566, -3.793112897329803 ], [ -38.549211868924743, -3.793091401077944 ], [ -38.549147798213404, -3.793061073402377 ], [ -38.549059030150886, -3.793000438631621 ], [ -38.549039348712391, -3.792990330279895 ], [ -38.549024271740024, -3.79298611486996 ], [ -38.549010448964729, -3.792986528392452 ], [ -38.548994109725562, -3.79299325188471 ], [ -38.548984052594257, -3.793001661672411 ], [ -38.548974414328157, -3.793010071679062 ], [ -38.548861716415239, -3.793054612475175 ], [ -38.54882820260174, -3.793063430739514 ], [ -38.54878170396038, -3.793072242207168 ], [ -38.54873143705754, -3.793078106433146 ], [ -38.548696671884521, -3.793076825979492 ], [ -38.548652695602293, -3.793067967159471 ], [ -38.548551766511302, -3.793034254127714 ], [ -38.548455442982799, -3.793004330268487 ], [ -38.548416912394252, -3.792994632784268 ], [ -38.548376705908595, -3.792985775925366 ], [ -38.548336497021232, -3.79298154733966 ], [ -38.548290841356085, -3.792980261165284 ], [ -38.548252722863943, -3.792983607213646 ], [ -38.548127480385169, -3.792986907604922 ], [ -38.548115752156278, -3.792986901458335 ], [ -38.54808601097043, -3.792990251889636 ], [ -38.548036158784832, -3.793004110587377 ], [ -38.548004737546641, -3.79301629593473 ], [ -38.547986301788697, -3.793027225831414 ], [ -38.54797289153985, -3.793039841371848 ], [ -38.547957804080319, -3.79305582205155 ], [ -38.547938520970575, -3.793085264606576 ], [ -38.5478861275976, -3.793152978263647 ], [ -38.547812367924898, -3.793228675005214 ], [ -38.547752859726224, -3.793285024606815 ], [ -38.5476891676782, -3.793332115456793 ], [ -38.547651036700572, -3.793359444353159 ], [ -38.54760830060728, -3.793382142555355 ], [ -38.54756221402571, -3.793403997492254 ], [ -38.547506911963488, -3.793426689094237 ], [ -38.547414748202421, -3.793452306608167 ], [ -38.547350235909704, -3.793465736813078 ], [ -38.547315886092157, -3.793471188557314 ], [ -38.547290754380946, -3.79347075460832 ], [ -38.547257249520527, -3.793462321967466 ], [ -38.547225841616317, -3.793448841398912 ], [ -38.547177678217956, -3.793437035038083 ], [ -38.547124483835653, -3.793434061830385 ], [ -38.547072960534578, -3.793439504543428 ], [ -38.547024364690571, -3.793453784589826 ], [ -38.546973667506009, -3.79348152760265 ], [ -38.546924221655459, -3.793519369324734 ], [ -38.546911231565176, -3.793529460552825 ], [ -38.546846704358657, -3.793571501866281 ], [ -38.546769193191409, -3.793611853338877 ], [ -38.546733160450607, -3.793631609751598 ], [ -38.546674089445034, -3.793652616304942 ], [ -38.546642253470132, -3.79365680708597 ], [ -38.5466020445702, -3.793652578416737 ], [ -38.546542151622361, -3.793643290364641 ], [ -38.546466342224775, -3.793633152430599 ], [ -38.546416078141718, -3.793633546737776 ], [ -38.546311354518309, -3.793647376455373 ], [ -38.546253124747629, -3.79366165138516 ], [ -38.546234271847865, -3.793669215002369 ], [ -38.546217511958503, -3.793679304234411 ], [ -38.546202007348398, -3.793691918640362 ], [ -38.54618524240945, -3.793711685170756 ], [ -38.546164703728195, -3.793739023254494 ], [ -38.546152131614306, -3.793750797698617 ], [ -38.546129508921759, -3.79375835932852 ], [ -38.546103956804529, -3.793760870388376 ], [ -38.546079242198815, -3.793763802640699 ], [ -38.546050339815629, -3.793765049678061 ], [ -38.546007192709034, -3.793772600496272 ], [ -38.545969068035596, -3.793787727497764 ], [ -38.545780950374265, -3.79387766937344 ], [ -38.545728162540051, -3.793898258415594 ], [ -38.545694642961905, -3.793918016104899 ], [ -38.54564101079869, -3.793951227262658 ], [ -38.545598267599857, -3.793987389422202 ], [ -38.545563488780708, -3.794012195468354 ], [ -38.545543793081052, -3.794029435925293 ], [ -38.545369053521561, -3.794168192007293 ], [ -38.545342655743021, -3.794185849675889 ], [ -38.545288610404945, -3.794208121032951 ], [ -38.545250483502841, -3.794227455519446 ], [ -38.545219896402799, -3.794246373230071 ], [ -38.545198944314151, -3.794263192262487 ], [ -38.545181761356538, -3.794281275539693 ], [ -38.545167088072191, -3.794306092175836 ], [ -38.545157860262293, -3.794330490933035 ], [ -38.545133104928681, -3.794411262288163 ], [ -38.545108348489265, -3.79449413740216 ], [ -38.545086109421533, -3.794569019552126 ], [ -38.545069330133586, -3.794616134939268 ], [ -38.545044177266739, -3.794656093118571 ], [ -38.545008965890737, -3.794706985543159 ], [ -38.544993039737811, -3.794724648726262 ], [ -38.54496957663855, -3.794737258903598 ], [ -38.544936902009987, -3.794743132181667 ], [ -38.544887474723808, -3.794745209842418 ], [ -38.544847681355144, -3.79474729258826 ], [ -38.544809983637826, -3.794746851926144 ], [ -38.544781921379823, -3.79474347108676 ], [ -38.544729152198038, -3.794728296134817 ], [ -38.544681824090063, -3.794721118345344 ], [ -38.544632402755063, -3.794711835686614 ], [ -38.544605179112779, -3.79470677227623 ], [ -38.544571672481865, -3.79470170554483 ], [ -38.544534392091421, -3.794704210356489 ], [ -38.544476581980625, -3.794716802367111 ], [ -38.544419606514502, -3.794735285344753 ], [ -38.544379387227451, -3.794750831912084 ], [ -38.54435508660913, -3.794763020876637 ], [ -38.544324922087235, -3.794774785987816 ], [ -38.544300206349966, -3.794779821944906 ], [ -38.544274652660071, -3.794785278210325 ], [ -38.544248263663697, -3.794786105759768 ], [ -38.544220200526681, -3.794784407910275 ], [ -38.544190461926092, -3.794782709173742 ], [ -38.544163237844771, -3.794778487253476 ], [ -38.544139781351646, -3.794778474846449 ], [ -38.544095376929, -3.794787287152007 ], [ -38.544065631490376, -3.794798631723161 ], [ -38.544041749071397, -3.79481208315576 ], [ -38.544009484699181, -3.794834365947032 ], [ -38.543981820128437, -3.794871377494741 ], [ -38.543949966012605, -3.794910069832626 ], [ -38.543916438636657, -3.794944553762317 ], [ -38.543872024272609, -3.794972299894463 ], [ -38.543799544777826, -3.795002134927849 ], [ -38.543689776485522, -3.795050463302628 ], [ -38.543678880889622, -3.795060134831319 ], [ -38.543668824792121, -3.795066440787661 ], [ -38.543657930520716, -3.795073587804176 ], [ -38.54364326512961, -3.795083257336019 ], [ -38.543626086320934, -3.795093346288596 ], [ -38.543604301089339, -3.795101329040699 ], [ -38.543587544679667, -3.79510468618273 ], [ -38.543502090479031, -3.79511515972074 ], [ -38.543419571653878, -3.795119323524196 ], [ -38.54328761779319, -3.79514029120378 ], [ -38.543210536710681, -3.795158763438868 ], [ -38.543140575022619, -3.7951797639535 ], [ -38.54308527143391, -3.795204979754928 ], [ -38.54301571489578, -3.79525206710056 ], [ -38.542957886159748, -3.79530000216416 ], [ -38.542879103934389, -3.795367280701539 ], [ -38.542774352436155, -3.795433703946459 ], [ -38.54267045459023, -3.795469833483642 ], [ -38.542569076132558, -3.795494183288121 ], [ -38.54245263000125, -3.795496645974171 ], [ -38.54240572407393, -3.795483157001018 ], [ -38.542330330375776, -3.795478909438936 ], [ -38.542226446690414, -3.795488110799058 ], [ -38.542114171942323, -3.795523394311116 ], [ -38.541943254589142, -3.795561171146389 ], [ -38.541734629508483, -3.795617440978422 ], [ -38.541557850220521, -3.795651007095529 ], [ -38.541367688956093, -3.795643332360499 ], [ -38.541145688984507, -3.795644897171576 ], [ -38.54096641647935, -3.795640594162718 ], [ -38.540861706602094, -3.795627915814122 ], [ -38.540677435279072, -3.795571436845077 ], [ -38.540552637188107, -3.795525929103128 ], [ -38.540440405983716, -3.795478745039591 ], [ -38.54039769676934, -3.795450111131045 ], [ -38.540368382373863, -3.795438314441558 ], [ -38.540329848477548, -3.795434927870836 ], [ -38.54027539366782, -3.795439106338326 ], [ -38.540199988435738, -3.795456737683345 ], [ -38.540125421378562, -3.795473527964934 ], [ -38.54003577024438, -3.795499566729053 ], [ -38.539925176693451, -3.795523911293798 ], [ -38.539826790917651, -3.795544770365241 ], [ -38.539723260535617, -3.795566720146946 ], [ -38.539703152291281, -3.795571758427397 ], [ -38.539678852267251, -3.79558268499387 ], [ -38.539650357789476, -3.795604548866695 ], [ -38.539627724761985, -3.795631464892366 ], [ -38.539600059992225, -3.795668476272975 ], [ -38.539576576750747, -3.795718953945886 ], [ -38.539564536864944, -3.795744402949044 ], [ -38.539553093951945, -3.795768590114319 ], [ -38.53951326244303, -3.795842621150721 ], [ -38.539486430712898, -3.795888468759915 ], [ -38.53944996483358, -3.795934731969752 ], [ -38.539405544727188, -3.79597299664032 ], [ -38.539359036305342, -3.795999899892148 ], [ -38.53929871176058, -3.796014593950199 ], [ -38.539204877467348, -3.79603011158527 ], [ -38.539133670203498, -3.796030073496899 ], [ -38.539071261808751, -3.796024991088417 ], [ -38.539003398559728, -3.79603799808443 ], [ -38.538941395643164, -3.796058160991723 ], [ -38.538860117064175, -3.796093039889918 ], [ -38.538810679683351, -3.796114051016301 ], [ -38.538739465272293, -3.796127476948035 ], [ -38.538710562159416, -3.796129985983323 ], [ -38.538659872194309, -3.796143422897545 ], [ -38.538487676828268, -3.796221169747906 ], [ -38.538377912405672, -3.79626150310857 ], [ -38.538328482827801, -3.796267787897018 ], [ -38.53829413511896, -3.796269031744522 ], [ -38.538251835431687, -3.796258069527478 ], [ -38.538210801509067, -3.796229857164834 ], [ -38.538196568996057, -3.796213019465231 ], [ -38.538182342742495, -3.796184400719665 ], [ -38.53817691446951, -3.79615242067619 ], [ -38.538170646228934, -3.796124647699986 ], [ -38.538161444136762, -3.796100239165104 ], [ -38.538145955475052, -3.796082559288125 ], [ -38.538128366223454, -3.796076659333937 ], [ -38.538103235368197, -3.796074542101933 ], [ -38.538072653439308, -3.796083361492014 ], [ -38.538017342526821, -3.796122040994832 ], [ -38.53794944907245, -3.796191849374178 ], [ -38.537899999815473, -3.796235160280758 ], [ -38.537834643029896, -3.796260791077047 ], [ -38.537770967299593, -3.796275903976594 ], [ -38.53769848843843, -3.796304055450638 ], [ -38.537586615323761, -3.796371315683117 ], [ -38.53750910042767, -3.796417556759962 ], [ -38.537429487385538, -3.7964709494812 ], [ -38.537377524890374, -3.796514259002854 ], [ -38.537338117632032, -3.796577771345925 ], [ -38.537321352448807, -3.796597537671247 ], [ -38.537313370245094, -3.796642133064251 ], [ -38.5373087403159, -3.796684205747445 ], [ -38.537275610664935, -3.796757819498643 ], [ -38.537236628749824, -3.796809130263811 ], [ -38.537195123100311, -3.796880215000106 ], [ -38.537168292786468, -3.796923117256066 ], [ -38.53713099304597, -3.796961806367821 ], [ -38.537075681141808, -3.797002168803592 ], [ -38.537034200796647, -3.797025708602701 ], [ -38.537008227704511, -3.797032005916637 ], [ -38.536957545741295, -3.797030295664656 ], [ -38.536854924544038, -3.797028136730771 ], [ -38.536778266574068, -3.797038193546725 ], [ -38.53670914640761, -3.797051620423481 ], [ -38.536650502391367, -3.797056637897109 ], [ -38.536559194408568, -3.797047332235641 ], [ -38.536488415603976, -3.797029201828014 ], [ -38.536409267775873, -3.796995499099646 ], [ -38.536328874354311, -3.79694117886378 ], [ -38.536270683561668, -3.796881821555687 ], [ -38.536234256545555, -3.796854873838671 ], [ -38.536207878510055, -3.796835084309086 ], [ -38.53617814752328, -3.796819079738012 ], [ -38.536143385873693, -3.796811066737952 ], [ -38.536104850384561, -3.79681062523345 ], [ -38.536060028529974, -3.796816491615715 ], [ -38.536029444316043, -3.796829518442416 ], [ -38.536003045621172, -3.79684843804531 ], [ -38.535956111684854, -3.796887542662005 ], [ -38.535924685465552, -3.796908563311561 ], [ -38.535890747169233, -3.796927478848129 ], [ -38.53586351320731, -3.796941769728158 ], [ -38.535827483047939, -3.79695605586695 ], [ -38.535787684662104, -3.79696739471194 ], [ -38.535752918067708, -3.796968638228532 ], [ -38.535690928971874, -3.796962714292208 ], [ -38.535637735174568, -3.796958478099696 ], [ -38.535591242117874, -3.796956349274932 ], [ -38.535562339430626, -3.796958016697103 ], [ -38.535525890175769, -3.796972723348175 ], [ -38.53550535649763, -3.796989963090286 ], [ -38.535478955539112, -3.797013090189723 ], [ -38.535446269107389, -3.797040842165528 ], [ -38.535415262188408, -3.797061021517212 ], [ -38.535393056638902, -3.797071528328885 ], [ -38.535375875462876, -3.797085824614591 ], [ -38.535357004647977, -3.79712662733797 ], [ -38.535346094320786, -3.797163647591125 ], [ -38.535319245013945, -3.797241892899246 ], [ -38.535299513509607, -3.797325611816853 ], [ -38.535288611276599, -3.797347485016175 ], [ -38.535268498701463, -3.797360517462277 ], [ -38.535244616775785, -3.797372706370604 ], [ -38.535220735074518, -3.797384474526735 ], [ -38.535165852962166, -3.797404220230445 ], [ -38.535139042118388, -3.797410517032741 ], [ -38.535111810156714, -3.797421021122488 ], [ -38.535093372369076, -3.797435316722685 ], [ -38.535062353947204, -3.797476954382113 ], [ -38.535026303267898, -3.797529528863546 ], [ -38.535010791464728, -3.797555186333291 ], [ -38.53499486529698, -3.797572428547788 ], [ -38.534977268840386, -3.797579992574219 ], [ -38.534960931911058, -3.79758208751024 ], [ -38.534939154442753, -3.797575343725295 ], [ -38.534922407204057, -3.797561449880085 ], [ -38.534898127571154, -3.797534087917023 ], [ -38.53484956988644, -3.797476418729374 ], [ -38.534822778409428, -3.797446530898754 ], [ -38.534810219391382, -3.797433480817122 ], [ -38.534787186004017, -3.797425474095923 ], [ -38.534766242220037, -3.79742630428536 ], [ -38.53474696827103, -3.797437654164917 ], [ -38.534728107330942, -3.797459943807194 ], [ -38.534665234519409, -3.797539852629657 ], [ -38.534629188096389, -3.797584432814299 ], [ -38.534599854805265, -3.797607979048316 ], [ -38.534570526470631, -3.797622268750156 ], [ -38.534536174889425, -3.79763066521444 ], [ -38.534506019638791, -3.79762475839364 ], [ -38.534458287764764, -3.797589389463745 ], [ -38.534408044948904, -3.797549811658943 ], [ -38.534312183099303, -3.7974403644332 ], [ -38.534247714055475, -3.797372378201071 ], [ -38.534209204600856, -3.797323339823408 ], [ -38.534194972383652, -3.797306081314073 ], [ -38.534183877606644, -3.79729639802868 ], [ -38.534171314315991, -3.797291342215507 ], [ -38.534158119568005, -3.797292176581721 ], [ -38.534148483155889, -3.797296799635978 ], [ -38.534137166315148, -3.797310678314362 ], [ -38.53412899356735, -3.797319720050929 ], [ -38.534113281333696, -3.797328547333181 ], [ -38.534077254972672, -3.797335680619653 ], [ -38.534059243032793, -3.797336933129691 ], [ -38.534029084638831, -3.797336916813137 ], [ -38.534011911785861, -3.797335645267163 ], [ -38.53397170420449, -3.797328891487327 ], [ -38.53393736007898, -3.797323403133188 ], [ -38.533908458737052, -3.797322545989752 ], [ -38.533890866341231, -3.797322536468846 ], [ -38.533861542521947, -3.797328411118991 ], [ -38.533832635763325, -3.797337652005806 ], [ -38.53379576579907, -3.797355724362118 ], [ -38.533735440885089, -3.797370838758336 ], [ -38.533699837225818, -3.797370819482068 ], [ -38.533658789656009, -3.797368272747688 ], [ -38.53361900184774, -3.797359836172956 ], [ -38.533595131647296, -3.797350145962397 ], [ -38.533570421004335, -3.797345504313749 ], [ -38.53353691687429, -3.797335808884108 ], [ -38.533520586047629, -3.79732654350654 ], [ -38.533496302855497, -3.797305913531596 ], [ -38.533469094826991, -3.797271817924849 ], [ -38.533432247223729, -3.797248235882103 ], [ -38.53340837431805, -3.797243594683082 ], [ -38.533347223424322, -3.797236829528844 ], [ -38.533299476711555, -3.797229230131001 ], [ -38.533246704732115, -3.79721952424992 ], [ -38.533206495132319, -3.797216557197742 ], [ -38.533166698974988, -3.79722368840258 ], [ -38.533133601290281, -3.797237134508283 ], [ -38.533115163479543, -3.797251430062614 ], [ -38.533097557975815, -3.797275824102431 ], [ -38.533062071413532, -3.797317739757557 ], [ -38.533039159812077, -3.797342972421819 ], [ -38.533025751259856, -3.797351941182345 ], [ -38.533015697257298, -3.79735417973856 ], [ -38.53300229232245, -3.797356416477629 ], [ -38.532982190045452, -3.797350234556024 ], [ -38.532926353538201, -3.797327203197712 ], [ -38.532869404881914, -3.797295195202373 ], [ -38.532815240831894, -3.797277774763782 ], [ -38.532768331104073, -3.797271578295542 ], [ -38.532637091103872, -3.7972625310575 ], [ -38.532461723567707, -3.797266362889248 ], [ -38.532360634715822, -3.79727079602157 ], [ -38.532256743154932, -3.797294301682986 ], [ -38.53218691305333, -3.797329606872349 ], [ -38.532107571422351, -3.797396883993185 ], [ -38.532047234406534, -3.797434438334165 ], [ -38.532014827259111, -3.797461909814834 ], [ -38.532005880563275, -3.797482101019303 ], [ -38.531989062148874, -3.797600463266917 ], [ -38.531966695100266, -3.797651502277914 ], [ -38.531931487036069, -3.797694680282933 ], [ -38.531894058310698, -3.797713172998617 ], [ -38.531851045904347, -3.797729418669728 ], [ -38.531810271079401, -3.797738933533218 ], [ -38.531755539171677, -3.797738903774848 ], [ -38.531707514572744, -3.79772877962784 ], [ -38.531643314966018, -3.797679376555029 ], [ -38.531555380047905, -3.797629119064788 ], [ -38.531416842092419, -3.797577885633619 ], [ -38.53165087664317, -3.796986889800586 ], [ -38.531601602289783, -3.796935623253543 ], [ -38.531443362379264, -3.796765764017105 ], [ -38.531420758578477, -3.796737982131957 ], [ -38.531401298316638, -3.796706415194422 ], [ -38.531379328602583, -3.79666790449411 ], [ -38.531362383241579, -3.796633183289045 ], [ -38.531342299448994, -3.796592780233115 ], [ -38.531328495245667, -3.796558691863629 ], [ -38.53131343648711, -3.796520816049405 ], [ -38.531248523767431, -3.796305250853693 ], [ -38.53090490455407, -3.79502892503031 ], [ -38.530539919950691, -3.793760161046355 ], [ -38.530447731318077, -3.793443285091254 ], [ -38.530386899307082, -3.793234348926209 ], [ -38.530021912507443, -3.791971896126394 ], [ -38.529676378462085, -3.790756157266741 ], [ -38.529215498087858, -3.789061330095841 ], [ -38.528891928454534, -3.787896724382275 ], [ -38.528683739206734, -3.787149987620135 ], [ -38.528082362858072, -3.785015188081187 ], [ -38.527947338282516, -3.784496475045068 ], [ -38.527755096958373, -3.784486550619077 ], [ -38.52746511482782, -3.78445497005322 ], [ -38.527250966109392, -3.784408861205248 ], [ -38.526968395500283, -3.784332638342294 ], [ -38.526683215211101, -3.784230551906468 ], [ -38.526103472109561, -3.783936802822832 ], [ -38.525376965135848, -3.783552844387931 ], [ -38.525129218577298, -3.783468486100587 ], [ -38.524842683239889, -3.783396709635094 ], [ -38.524542007382529, -3.783328578313335 ], [ -38.52435495348162, -3.783310237635053 ], [ -38.524142110565876, -3.783303801353437 ], [ -38.523634589015359, -3.783350012690878 ], [ -38.518604110158876, -3.784328652047269 ], [ -38.518189139739519, -3.784382505764262 ], [ -38.518029714628909, -3.784410580312703 ], [ -38.517783132097001, -3.784443756086871 ], [ -38.517602096257683, -3.784439792630485 ], [ -38.517457595742371, -3.784422652951878 ], [ -38.517321121265347, -3.784377515220414 ], [ -38.517167359925345, -3.784303721563167 ], [ -38.517069671769541, -3.784230924821955 ], [ -38.516999538772055, -3.78416007467996 ], [ -38.516908603738038, -3.784043507658289 ], [ -38.516838184228824, -3.783911502437962 ], [ -38.516758185105424, -3.783719946290055 ], [ -38.516708744973904, -3.783521300351217 ], [ -38.516644371414742, -3.783257680297622 ], [ -38.516593331947504, -3.78310389651513 ], [ -38.516409955243105, -3.782619988081402 ], [ -38.51614771626938, -3.781832604227417 ], [ -38.515941939282875, -3.781289563069243 ], [ -38.515819301995087, -3.780942059655203 ], [ -38.51580801095924, -3.780909392573109 ], [ -38.515793426410305, -3.780867730104232 ], [ -38.515782605190275, -3.780837587788286 ], [ -38.51576864569077, -3.780801763582999 ], [ -38.515681749210025, -3.780583345399401 ], [ -38.515518932535791, -3.780180438178633 ], [ -38.515508893098122, -3.780156765338512 ], [ -38.515496028651818, -3.780128988598428 ], [ -38.515481907371999, -3.780101684498751 ], [ -38.515455545818646, -3.780054019736325 ], [ -38.515425730973817, -3.780002250721518 ], [ -38.515399051779923, -3.779960897038166 ], [ -38.51537488275288, -3.779924909329623 ], [ -38.51534945680622, -3.779889552042381 ], [ -38.515324344653905, -3.779854826056158 ], [ -38.515294835205665, -3.779818835354477 ], [ -38.515251825506176, -3.779768636758133 ], [ -38.51522796467539, -3.779743378357911 ], [ -38.515185580114611, -3.779698860241492 ], [ -38.515141938286369, -3.779655603670539 ], [ -38.515103946649234, -3.77962023933659 ], [ -38.515061244277412, -3.779582347858077 ], [ -38.515015714274909, -3.779545085918822 ], [ -38.514971438918664, -3.779511295872646 ], [ -38.514917741741797, -3.7794730826624 ], [ -38.514878174499771, -3.779446553197933 ], [ -38.514831068714678, -3.779418441690821 ], [ -38.514783334998413, -3.779389698703623 ], [ -38.514727119786905, -3.779360319831949 ], [ -38.514667762101539, -3.779332832571854 ], [ -38.514611544442396, -3.779307871572458 ], [ -38.514497172471799, -3.77926967901579 ], [ -38.514512635903301, -3.779214000618959 ], [ -38.514803279713909, -3.778095889305715 ], [ -38.514907811130676, -3.778122467938745 ], [ -38.515808312360008, -3.778383311545162 ], [ -38.516476707906051, -3.778562924959429 ], [ -38.517506376151218, -3.778826112035715 ], [ -38.51773581161595, -3.77888651843164 ], [ -38.51784809918356, -3.778916215127129 ], [ -38.51791949544856, -3.778932418972288 ], [ -38.517907770501125, -3.778867094914816 ], [ -38.517901782431181, -3.778833740923536 ], [ -38.517872705149863, -3.77865711038838 ], [ -38.517838882295457, -3.778467753731218 ], [ -38.517815084130483, -3.778328892742481 ], [ -38.517807574679821, -3.778274611718737 ], [ -38.517810181196182, -3.778105471388818 ], [ -38.51782035290114, -3.777889631943907 ], [ -38.517831134763604, -3.777706611392162 ], [ -38.517843845359174, -3.777444070028921 ], [ -38.517857831312789, -3.777147448565297 ], [ -38.517868673736409, -3.77685461210432 ], [ -38.517876262243071, -3.776765627552618 ], [ -38.517885169298125, -3.77656430329202 ], [ -38.517897873549849, -3.776313122182962 ], [ -38.517914991433308, -3.776033542853944 ], [ -38.517920702379449, -3.775931303605558 ], [ -38.517931404599693, -3.775892495307611 ], [ -38.517942219604386, -3.775649202215856 ], [ -38.517947974396797, -3.775467441100991 ], [ -38.517958773540528, -3.775252864234527 ], [ -38.51796448829321, -3.775143682597654 ], [ -38.517977813423833, -3.774905755467563 ], [ -38.517983544173596, -3.774767542036586 ], [ -38.517993110027057, -3.774510679027725 ], [ -38.518011535477591, -3.774138324863324 ], [ -38.518032526543351, -3.773670672073577 ], [ -38.518047067390476, -3.773546479716317 ], [ -38.518057827182844, -3.773363327712854 ], [ -38.518067976712757, -3.773187249161747 ], [ -38.518118115796305, -3.772126599107093 ], [ -38.518155961328766, -3.771396525041218 ], [ -38.518201249898212, -3.770434353668375 ], [ -38.518221899372456, -3.770056242518679 ], [ -38.517192137202976, -3.769892397290998 ], [ -38.517070296221853, -3.769882462096081 ], [ -38.517186220654267, -3.769475245264777 ], [ -38.517319989815824, -3.768986582052808 ], [ -38.517430985411202, -3.768550554700994 ], [ -38.517565763365624, -3.768025137303319 ], [ -38.51766982826134, -3.767604006567219 ], [ -38.517745162888424, -3.767278223295078 ], [ -38.517824441498931, -3.766973302953081 ], [ -38.517908692884014, -3.766616730150012 ], [ -38.517958256757822, -3.76639920978099 ], [ -38.51801475821911, -3.766153630571124 ], [ -38.518068530924943, -3.765924937117256 ], [ -38.518117606539619, -3.765695992706646 ], [ -38.518148842504338, -3.765539306015349 ], [ -38.51816347426135, -3.765456119445505 ], [ -38.518188517949142, -3.765320786756861 ], [ -38.518200421942623, -3.765252747555451 ], [ -38.518226215876524, -3.765101769711311 ], [ -38.51826293417777, -3.764865864836857 ], [ -38.518298162578624, -3.76464187956431 ], [ -38.518332401254384, -3.764419383792265 ], [ -38.51838153096611, -3.764091599106947 ], [ -38.518421224248364, -3.763840298631731 ], [ -38.518465883721824, -3.763549266122715 ], [ -38.51848721747146, -3.763416663116849 ], [ -38.518542798464537, -3.763045670400774 ], [ -38.518597883042943, -3.762678154190393 ], [ -38.518668347509895, -3.762215283007228 ], [ -38.51875767194521, -3.761622290829555 ], [ -38.51881721493627, -3.761238883124517 ], [ -38.518864849385551, -3.760931958276353 ], [ -38.518896607293023, -3.760724361597969 ], [ -38.51894622431859, -3.760408497504742 ], [ -38.518979972448179, -3.760178054414917 ], [ -38.518997895551387, -3.760065813557439 ], [ -38.517980760539885, -3.760185205406434 ], [ -38.517923647203531, -3.76026525186728 ], [ -38.517707509586884, -3.760617376421241 ], [ -38.517568307567359, -3.760761263441446 ], [ -38.517276702509534, -3.761062682549339 ], [ -38.517005429413075, -3.761254586266868 ], [ -38.51654668646799, -3.76157910928822 ], [ -38.51611121104326, -3.761746433765504 ], [ -38.515883456186621, -3.761833944814343 ], [ -38.515106166798176, -3.762173030470603 ], [ -38.514660815861653, -3.762314300913491 ], [ -38.51442575646147, -3.76238886434597 ], [ -38.514031613143651, -3.762485714061851 ], [ -38.513704595056495, -3.762523436401121 ], [ -38.513588424599149, -3.762517762505789 ], [ -38.51349443281228, -3.762467682218492 ], [ -38.513393537402997, -3.762448778408769 ], [ -38.513190251029634, -3.762411965801419 ], [ -38.513051932702233, -3.762395242584319 ], [ -38.51270350214633, -3.762395047312554 ], [ -38.512543098256657, -3.762417211995582 ], [ -38.512449060239682, -3.76245045072386 ], [ -38.512209174918389, -3.762566623564392 ], [ -38.512071698292445, -3.762580448541721 ], [ -38.511788042220999, -3.762611199536686 ], [ -38.511505868813288, -3.762655550232876 ], [ -38.511068859542348, -3.762749750940339 ], [ -38.51094169903422, -3.762749679394825 ], [ -38.510836593212829, -3.762766265975915 ], [ -38.510418980255821, -3.762799322289488 ], [ -38.510147908648413, -3.762799169546767 ], [ -38.509782926203272, -3.762765672295506 ], [ -38.509271661722991, -3.762670007220032 ], [ -38.508621492481964, -3.762548350574606 ], [ -38.508483248807551, -3.76255939971323 ], [ -38.508328338407324, -3.762581476241099 ], [ -38.508192870922144, -3.762620299933636 ], [ -38.508030254075415, -3.762582089616738 ], [ -38.507766942004437, -3.762547867032461 ], [ -38.507617630727729, -3.762542173574152 ], [ -38.50691802516225, -3.7624584578849 ], [ -38.506685684540905, -3.762447198744263 ], [ -38.506364901773196, -3.762447016620174 ], [ -38.506107535597181, -3.762417559473196 ], [ -38.506222344274093, -3.76260226554718 ], [ -38.5065038465466, -3.762950447650363 ], [ -38.506657031559044, -3.763114006461907 ], [ -38.506775284581714, -3.763259633183416 ], [ -38.506849607670908, -3.763373481440139 ], [ -38.50699283160953, -3.763634737706248 ], [ -38.507098164939059, -3.763854448624284 ], [ -38.508363963790408, -3.767143044155341 ], [ -38.508512674754627, -3.767498194497357 ], [ -38.508687691342587, -3.767983944534565 ], [ -38.508904961632403, -3.768548571265025 ], [ -38.508997110009815, -3.768907850507016 ], [ -38.509173119206864, -3.769515013807823 ], [ -38.509322595656421, -3.770171153195174 ], [ -38.50941837037778, -3.770798861558538 ], [ -38.509466123236464, -3.771352701086921 ], [ -38.50891955111797, -3.771524183201394 ], [ -38.508233038914987, -3.771754612967451 ], [ -38.506507918093654, -3.772101156412529 ], [ -38.505925116206086, -3.77235286676922 ], [ -38.505371391402356, -3.772748248501354 ], [ -38.505175754189288, -3.772933915830684 ], [ -38.504873397178415, -3.773204806954934 ], [ -38.504398383699943, -3.773664274810099 ], [ -38.504012012200086, -3.77400202954793 ], [ -38.503688488754989, -3.774355697980768 ], [ -38.503313997271725, -3.774728437970151 ], [ -38.50268692668471, -3.775214862246834 ], [ -38.50220947557149, -3.775545437662786 ], [ -38.501926958334288, -3.775650199673477 ], [ -38.501685088891371, -3.775726336419415 ], [ -38.501250318082818, -3.775864006605844 ], [ -38.500405164046683, -3.776134567735644 ], [ -38.500011213707381, -3.776268533214506 ], [ -38.499729139888018, -3.776362624795585 ], [ -38.499778228490399, -3.776732748430758 ], [ -38.499784032903683, -3.776779612768637 ], [ -38.499785593975574, -3.776830734744701 ], [ -38.499782910790664, -3.776887711891884 ], [ -38.499769629614796, -3.776937227759626 ], [ -38.499744680159175, -3.77699685459804 ], [ -38.499707004633876, -3.77706233170494 ], [ -38.499647587759213, -3.777139511491245 ], [ -38.499325845937769, -3.777537643835199 ], [ -38.499300380052567, -3.777573307353625 ], [ -38.499273311615809, -3.777630270389641 ], [ -38.499251540034834, -3.777694691644122 ], [ -38.499232418711678, -3.777759646941735 ], [ -38.49921806962692, -3.777822474954666 ], [ -38.499207431638972, -3.77788477260281 ], [ -38.499160051848257, -3.778233007466544 ], [ -38.499130237833164, -3.77845557986224 ], [ -38.499107889981929, -3.778600409952401 ], [ -38.49909034460601, -3.778690394175765 ], [ -38.499065365105757, -3.77880220705053 ], [ -38.499040380404061, -3.778923072609192 ], [ -38.499010624971611, -3.779043402892907 ], [ -38.498987250148154, -3.779130188669253 ], [ -38.498960697383609, -3.779212180004324 ], [ -38.498922483321408, -3.779292034540808 ], [ -38.498873668798758, -3.779368687869062 ], [ -38.498822213170719, -3.779428831820117 ], [ -38.498758573158582, -3.779474590909923 ], [ -38.498671615444906, -3.779507556218883 ], [ -38.497855650317881, -3.77971422985468 ], [ -38.497824897860532, -3.779724329715537 ], [ -38.497792551077197, -3.779741351292756 ], [ -38.497767095780752, -3.779758376868878 ], [ -38.497743754814344, -3.779786053891244 ], [ -38.497717768175761, -3.77980520920106 ], [ -38.497672690060696, -3.779837133689489 ], [ -38.497628146959798, -3.779860538310084 ], [ -38.497499298483227, -3.779913714581936 ], [ -38.497034758014621, -3.780191415355027 ], [ -38.497009833727233, -3.780206843680921 ], [ -38.496976422080785, -3.780231852267538 ], [ -38.496454026901191, -3.780634126582034 ], [ -38.496396746841775, -3.780682019214323 ], [ -38.496353253451915, -3.780723529738975 ], [ -38.496307103029778, -3.780776221441704 ], [ -38.495930906144032, -3.781374011951896 ], [ -38.495892174198239, -3.781432033055636 ], [ -38.495851327630724, -3.781479935218744 ], [ -38.495802532096974, -3.781523040147644 ], [ -38.495741010711789, -3.781571462761006 ], [ -38.495692752976801, -3.781601255225847 ], [ -38.495652447277941, -3.781630519814435 ], [ -38.495307185681355, -3.781900833857629 ], [ -38.495258386094008, -3.781950861386229 ], [ -38.495203742289981, -3.782023250951205 ], [ -38.495151747514313, -3.782098304611776 ], [ -38.495133577880061, -3.782121058837657 ], [ -38.495122436283616, -3.782136894526967 ], [ -38.494894824259873, -3.782926874380592 ], [ -38.494872510352444, -3.78301153054654 ], [ -38.493965324655747, -3.78328151539352 ], [ -38.494278526665013, -3.784362695318731 ], [ -38.494597554098227, -3.785455061339632 ], [ -38.494916061613203, -3.786530919187411 ], [ -38.494754348505822, -3.786577419284711 ], [ -38.494358811627471, -3.786695405165144 ], [ -38.494021068705358, -3.786794254330666 ], [ -38.493811637901757, -3.786852707767694 ], [ -38.493547067327725, -3.786923909068642 ], [ -38.493438907372386, -3.7869510036695 ], [ -38.493334457931795, -3.786978632943414 ], [ -38.493142524686171, -3.787030706345353 ], [ -38.493089508498855, -3.787038130373975 ], [ -38.493035433313295, -3.787043423735446 ], [ -38.492947433332212, -3.787043904580141 ], [ -38.492909268209274, -3.787038024554611 ], [ -38.492848313880877, -3.787022013444724 ], [ -38.492659099412343, -3.786956936024113 ], [ -38.492438610164626, -3.786888112611956 ], [ -38.492395678642495, -3.786874242106763 ], [ -38.492291259600194, -3.786849685244525 ], [ -38.492125354291069, -3.786812311963098 ], [ -38.492085597592109, -3.786808561009027 ], [ -38.49200873416649, -3.786802125675118 ], [ -38.491845994690038, -3.786790314705195 ], [ -38.491529524975853, -3.78677149057294 ], [ -38.491065686793036, -3.786745124350356 ], [ -38.490960727130727, -3.786738672367534 ], [ -38.490907716249389, -3.786737043589406 ], [ -38.490890953842992, -3.786736543271215 ], [ -38.490853115014282, -3.786735413870476 ], [ -38.490797981794756, -3.786736978896467 ], [ -38.490749738866469, -3.786740678023194 ], [ -38.490695663082604, -3.786747036259045 ], [ -38.490423163062843, -3.78677989115496 ], [ -38.490017063295078, -3.786829707407659 ], [ -38.489587635813564, -3.786883769757889 ], [ -38.488413865298277, -3.787034840616685 ], [ -38.488087552265625, -3.787077780562123 ], [ -38.486599394484195, -3.787274458309215 ], [ -38.486331132122253, -3.787312639489094 ], [ -38.486057038448614, -3.787350817111736 ], [ -38.485997132274882, -3.787355574043431 ], [ -38.485931925234134, -3.787359795305238 ], [ -38.485870959452484, -3.787363486577338 ], [ -38.485813175322271, -3.787365582209987 ], [ -38.485731535249336, -3.787368728650963 ], [ -38.485673222887669, -3.787367628900105 ], [ -38.484727010348024, -3.787285590779198 ], [ -38.484102035668549, -3.787227174052801 ], [ -38.484046376129939, -3.787222348210125 ], [ -38.483672663555886, -3.787187511703616 ], [ -38.483231098802776, -3.787147841849846 ], [ -38.482810736615605, -3.787111912042111 ], [ -38.482485791238737, -3.787083494356314 ], [ -38.48149399157419, -3.786998230397501 ], [ -38.480677718434656, -3.786923616738526 ], [ -38.48072606348623, -3.786099364749562 ], [ -38.480855580458524, -3.784444045662456 ], [ -38.480914775348744, -3.783687488871184 ], [ -38.481077211245598, -3.781794936261828 ], [ -38.481105891181159, -3.781460782667936 ], [ -38.481286900812293, -3.779351805594137 ], [ -38.4816666562945, -3.774830139163109 ], [ -38.481648822535838, -3.774443034386957 ], [ -38.481652180887941, -3.773856346884901 ], [ -38.481682607155811, -3.773315038154561 ], [ -38.481698079514537, -3.773097343953758 ], [ -38.481736449554333, -3.772666095206773 ], [ -38.481831711176966, -3.771444112390347 ], [ -38.482116732588139, -3.768144301327935 ], [ -38.482222736780365, -3.767641046899582 ], [ -38.482341721153439, -3.766488247373383 ], [ -38.482397308327592, -3.765958952831048 ], [ -38.482451889792358, -3.765525227083192 ], [ -38.482592663253904, -3.764196186566283 ], [ -38.482689206202416, -3.762949323720245 ], [ -38.482854955335903, -3.761002814880225 ], [ -38.482973846118867, -3.760297753839883 ], [ -38.483036194525361, -3.759968655030629 ], [ -38.483132715573696, -3.759654198255118 ], [ -38.483248258425917, -3.75942934114411 ], [ -38.483308262419541, -3.759339032356368 ], [ -38.483443068727702, -3.759191683904729 ], [ -38.483635834519724, -3.759031517086775 ], [ -38.483972909498661, -3.758811674361784 ], [ -38.484103223122119, -3.758754502443005 ], [ -38.484235761350241, -3.758703103860064 ], [ -38.48433029443536, -3.758671590375136 ], [ -38.484439132717334, -3.758641734509832 ], [ -38.484552975858229, -3.758609133004871 ], [ -38.484728113977219, -3.75856777229754 ], [ -38.484843204966339, -3.758540197484348 ], [ -38.484967836437143, -3.75850744524633 ], [ -38.485177222798555, -3.758453696792455 ], [ -38.485469954930849, -3.75838224953268 ], [ -38.485740167987004, -3.75831832785042 ], [ -38.486037906980137, -3.758240600852696 ], [ -38.486190529450646, -3.75820079715493 ], [ -38.486288105320753, -3.758179494288451 ], [ -38.486443224439419, -3.758148173383615 ], [ -38.486623358330093, -3.758119380205481 ], [ -38.486888552599524, -3.75808184165785 ], [ -38.487181276471432, -3.758024215268373 ], [ -38.487685428665884, -3.757896349331701 ], [ -38.488069482266901, -3.757803594415723 ], [ -38.488286295704533, -3.75774875009605 ], [ -38.488946818925029, -3.757587049834374 ], [ -38.489523533908738, -3.757431582382144 ], [ -38.489723692307855, -3.757382696282255 ], [ -38.49016091785581, -3.757267982813222 ], [ -38.490503064489417, -3.757182741197475 ], [ -38.490647556578878, -3.757142617780108 ], [ -38.49074326262668, -3.757110004792086 ], [ -38.490835217690027, -3.757074876599161 ], [ -38.490929682745318, -3.757025300117656 ], [ -38.49101664110065, -3.756978860484033 ], [ -38.491097973707198, -3.756927391552667 ], [ -38.491172428660882, -3.756872777342807 ], [ -38.491246265477329, -3.756805597766939 ], [ -38.49129195284123, -3.756749081980854 ], [ -38.491331387233828, -3.756690677788059 ], [ -38.49136332293741, -3.756621588963569 ], [ -38.491387749039866, -3.7565606629979 ], [ -38.491400912382922, -3.756509154199151 ], [ -38.491409079754348, -3.756445077483737 ], [ -38.491414740046544, -3.756390423051458 ], [ -38.4914154087326, -3.756315661706981 ], [ -38.49141293766165, -3.756262887273744 ], [ -38.491414262664833, -3.756134725072847 ], [ -38.491405273207356, -3.755998389597949 ], [ -38.4913962462916, -3.755926763838623 ], [ -38.491378800774513, -3.755813040419702 ], [ -38.491362586431272, -3.75573324321335 ], [ -38.491336399070526, -3.755595641192318 ], [ -38.491316452306613, -3.755481288062186 ], [ -38.491293991197743, -3.755388922208937 ], [ -38.491274016799224, -3.755322316053222 ], [ -38.491255289575257, -3.755261993124689 ], [ -38.491219708073665, -3.755147002610292 ], [ -38.491187237597387, -3.755059656907412 ], [ -38.491162264704656, -3.75498488058209 ], [ -38.491147282643965, -3.754937124838319 ], [ -38.491138550263109, -3.754896911744591 ], [ -38.491117324346824, -3.754831561356138 ], [ -38.491076146612471, -3.754660653331746 ], [ -38.491056204253397, -3.754538761204933 ], [ -38.491017577628725, -3.754282412689011 ], [ -38.490985157761571, -3.75410774028232 ], [ -38.490957732400979, -3.753948148790753 ], [ -38.490952777192604, -3.753865216912979 ], [ -38.490954073837003, -3.753786058187484 ], [ -38.490952577445249, -3.753670145212509 ], [ -38.4909528030106, -3.753651867201089 ], [ -38.490949476983246, -3.753624281160454 ], [ -38.490943917748432, -3.753594436043258 ], [ -38.490658551720379, -3.752309071722178 ], [ -38.490503165335539, -3.75233325947365 ], [ -38.490385118412455, -3.752353780867672 ], [ -38.490288276200161, -3.75237289461864 ], [ -38.490162451629168, -3.752398381531946 ], [ -38.489975833505511, -3.752439453162856 ], [ -38.489793458207608, -3.752476977164289 ], [ -38.489720298600844, -3.752487584542756 ], [ -38.489643253673144, -3.752494639568572 ], [ -38.489562326310285, -3.752493172143023 ], [ -38.489434048125929, -3.752483866813972 ], [ -38.489299766713366, -3.752466747792651 ], [ -38.489130145905939, -3.752448898021545 ], [ -38.488670062397567, -3.752378336798913 ], [ -38.488518828247138, -3.752343457362684 ], [ -38.488359123711433, -3.752289402549421 ], [ -38.488181061095901, -3.752203386296633 ], [ -38.487983238820647, -3.752064817366132 ], [ -38.487857479182757, -3.751978831782055 ], [ -38.487722519647818, -3.751912721167898 ], [ -38.487567768202581, -3.751849438955777 ], [ -38.48748155320029, -3.751825247789784 ], [ -38.487384028646773, -3.751802469992561 ], [ -38.487237738517365, -3.751773983387242 ], [ -38.487109817217878, -3.751758997832124 ], [ -38.487042677854177, -3.751748308114411 ], [ -38.486967059845725, -3.751732643303981 ], [ -38.486888620871682, -3.751706326618099 ], [ -38.486808762927161, -3.751689239271117 ], [ -38.486713351758752, -3.751678532883665 ], [ -38.486634193987534, -3.751672806155884 ], [ -38.486562807237739, -3.751673474123341 ], [ -38.486463144942348, -3.751680515551641 ], [ -38.486372670572408, -3.751688272396255 ], [ -38.486275121198801, -3.751708095296767 ], [ -38.486171206101261, -3.751735724585411 ], [ -38.486046072615984, -3.751788191833206 ], [ -38.485923764224772, -3.751844210796217 ], [ -38.485775289857976, -3.751925064785333 ], [ -38.485632459450116, -3.752023672420224 ], [ -38.485454983979572, -3.752142849972694 ], [ -38.485333374410985, -3.752212359513801 ], [ -38.485078836926959, -3.752367702164659 ], [ -38.484783269008425, -3.752584791660153 ], [ -38.484538591100119, -3.752800491111653 ], [ -38.484325021268532, -3.753000588588281 ], [ -38.484213287493162, -3.75310276441287 ], [ -38.484076102357612, -3.753216285366393 ], [ -38.483962974936574, -3.753284379674545 ], [ -38.483796105124313, -3.753396462965657 ], [ -38.483674486095978, -3.7534815925232 ], [ -38.483480737920033, -3.75362774046123 ], [ -38.48321061723771, -3.753839164284045 ], [ -38.48310136432741, -3.753928916167823 ], [ -38.482862361957025, -3.754107342696553 ], [ -38.482716709979307, -3.754195297878419 ], [ -38.482610650311187, -3.754263396174683 ], [ -38.482439543975225, -3.754367666490347 ], [ -38.482296715761265, -3.754461303374359 ], [ -38.482066908366498, -3.754628019885518 ], [ -38.481884486030971, -3.754744353569291 ], [ -38.481670948651725, -3.754887649194753 ], [ -38.481533770472346, -3.754988389424834 ], [ -38.481461650316255, -3.755033787334783 ], [ -38.481149104965823, -3.755272165623679 ], [ -38.480539570887544, -3.75573615083513 ], [ -38.479767448199965, -3.756241219142737 ], [ -38.479177750291619, -3.75662569359764 ], [ -38.478667239491898, -3.756966194209614 ], [ -38.478152480775854, -3.757318052122875 ], [ -38.47789083261852, -3.757540839227334 ], [ -38.477366139218873, -3.757958011792535 ], [ -38.477217644556461, -3.758070104606853 ], [ -38.477079055199503, -3.758165163037975 ], [ -38.476866933274074, -3.758302777998335 ], [ -38.476618054314905, -3.758446050889083 ], [ -38.476462516040904, -3.758516958578678 ], [ -38.476391810659237, -3.758559516788961 ], [ -38.476247556582337, -3.758671611956657 ], [ -38.476011371016774, -3.758863173140566 ], [ -38.475694578758251, -3.759107226596392 ], [ -38.475577906259836, -3.75919164776146 ], [ -38.47546406857775, -3.759263290391774 ], [ -38.475261855375827, -3.759377480447792 ], [ -38.475117618438823, -3.759460464886288 ], [ -38.47498539028917, -3.759554816744367 ], [ -38.474785272303059, -3.759710898668393 ], [ -38.474495353582981, -3.759928697361532 ], [ -38.474211106146328, -3.760118098871339 ], [ -38.47409301723048, -3.760206779014124 ], [ -38.473894307869223, -3.760370671674937 ], [ -38.473561958087032, -3.760626074970714 ], [ -38.471795991495583, -3.762571438191789 ], [ -38.471081818886127, -3.763328524482732 ], [ -38.470964967634153, -3.763456860130452 ], [ -38.47069044724806, -3.763771104680656 ], [ -38.469925152028758, -3.764653892807421 ], [ -38.469845949619696, -3.764720585580641 ], [ -38.469754016135759, -3.764801470808832 ], [ -38.469647234593474, -3.76489086710008 ], [ -38.469505820484606, -3.764978822200277 ], [ -38.469399059098969, -3.765034847915287 ], [ -38.469266147663845, -3.765088017589933 ], [ -38.46916505186757, -3.765125586429895 ], [ -38.468880158988377, -3.765209193642183 ], [ -38.468412886436965, -3.765332449794954 ], [ -38.465863734216661, -3.766013916680934 ], [ -38.464319769328888, -3.766509973380042 ], [ -38.462232839066317, -3.767230054337591 ], [ -38.461596585286287, -3.767439823142542 ], [ -38.46117949071364, -3.767568786289006 ], [ -38.461004175038511, -3.767614118127674 ], [ -38.460851485861696, -3.767645263769231 ], [ -38.460656380488111, -3.767689163218801 ], [ -38.460454214045527, -3.767721698061966 ], [ -38.460247810262899, -3.767748550135877 ], [ -38.45993397644267, -3.767768235213364 ], [ -38.459655489897997, -3.767776582012738 ], [ -38.459338854284901, -3.767755084517395 ], [ -38.459163584126145, -3.767726574901743 ], [ -38.458996813187944, -3.767669670130795 ], [ -38.458750902924002, -3.767575795442323 ], [ -38.458509251108026, -3.767453522931117 ], [ -38.458150317209942, -3.767254496039332 ], [ -38.45797932671087, -3.767163507963243 ], [ -38.457774403481871, -3.767082438809423 ], [ -38.457600562985959, -3.76702836942569 ], [ -38.457293857369145, -3.766951496631707 ], [ -38.457029544233691, -3.766900210620853 ], [ -38.456670522020019, -3.766844605205264 ], [ -38.45636095765515, -3.766818851046573 ], [ -38.455924165064829, -3.766798697138005 ], [ -38.455518452486004, -3.766809802948771 ], [ -38.455445606309425, -3.76681648575664 ], [ -38.455395461525001, -3.766821085966389 ], [ -38.45527670785566, -3.766838051705172 ], [ -38.455167849440258, -3.766855023637055 ], [ -38.455029295536811, -3.766887597134941 ], [ -38.454834184931499, -3.76694001537546 ], [ -38.45464472432127, -3.76699953721777 ], [ -38.45448211605644, -3.767069016028603 ], [ -38.454370404744211, -3.76712716663803 ], [ -38.454193644429964, -3.767222196849877 ], [ -38.454087578666986, -3.767294551164943 ], [ -38.453336637095099, -3.767799605571328 ], [ -38.453237648997231, -3.767856344003335 ], [ -38.453079273336904, -3.767938605353048 ], [ -38.45224212359318, -3.768406683800762 ], [ -38.451594448417644, -3.768792519965979 ], [ -38.451402115564058, -3.768923040148645 ], [ -38.448338727118049, -3.771315248866176 ], [ -38.444589507493568, -3.773949004672082 ], [ -38.444159570051418, -3.774243512744915 ], [ -38.443571739102048, -3.774628509987281 ], [ -38.443162621636368, -3.774896063438562 ], [ -38.44284584265818, -3.775097502166191 ], [ -38.442582788297983, -3.77528761519416 ], [ -38.442322523013367, -3.775537370623626 ], [ -38.44208203556078, -3.775807018925234 ], [ -38.441683139082585, -3.776207206554338 ], [ -38.441506339487191, -3.776359034323599 ], [ -38.441357837657939, -3.776471119841359 ], [ -38.441233384592543, -3.776556240533568 ], [ -38.441072169196687, -3.776654117623582 ], [ -38.440861467959017, -3.77676616288835 ], [ -38.440734193021683, -3.776842761574631 ], [ -38.440657836594681, -3.776875372628017 ], [ -38.440582901057191, -3.776896624461547 ], [ -38.439520974064529, -3.777360282960565 ], [ -38.439011902643188, -3.777621236168955 ], [ -38.438768653907914, -3.777785800340556 ], [ -38.438525339364318, -3.778052605520824 ], [ -38.438375347498116, -3.778282550759993 ], [ -38.438335685707251, -3.778407486404923 ], [ -38.438335543241443, -3.778629008759755 ], [ -38.438363733510592, -3.778756828465904 ], [ -38.43853593077182, -3.77916874475698 ], [ -38.438609289488568, -3.779401674930744 ], [ -38.438654415912815, -3.779572106094954 ], [ -38.438682560591502, -3.77977092655646 ], [ -38.438671068984888, -3.780054922245782 ], [ -38.438620054278132, -3.780248011280272 ], [ -38.43856910347511, -3.780341699251204 ], [ -38.438506869227965, -3.780395619454849 ], [ -38.438422024265854, -3.780438164849475 ], [ -38.438226887222463, -3.780526079115655 ], [ -38.438079848173011, -3.780560063986532 ], [ -38.437913045782906, -3.780551435523317 ], [ -38.437712336501697, -3.780511544648617 ], [ -38.43752294540235, -3.780457460935231 ], [ -38.437344868829264, -3.780394864450719 ], [ -38.437178115939517, -3.780309555054927 ], [ -38.437019852164028, -3.780212891033686 ], [ -38.436853137821032, -3.780067940968342 ], [ -38.43672033770104, -3.779942893172924 ], [ -38.436584710370433, -3.7798178435214 ], [ -38.436466059402605, -3.779672924698392 ], [ -38.436350237554421, -3.7795251676771 ], [ -38.436271177295552, -3.77936607447483 ], [ -38.436217586122339, -3.779170077468998 ], [ -38.436158362480263, -3.778939996429319 ], [ -38.436104907046335, -3.778533837269807 ], [ -38.436088132452589, -3.778241303220458 ], [ -38.436093961129508, -3.777971504138159 ], [ -38.436170555162455, -3.777571109749419 ], [ -38.436261237653078, -3.777244565304811 ], [ -38.436402826859151, -3.776892493700436 ], [ -38.436742820526923, -3.775768062763294 ], [ -38.437094112911183, -3.774657839029081 ], [ -38.437394457447574, -3.773635622885945 ], [ -38.437530398273118, -3.773272187120577 ], [ -38.437638055737942, -3.772925773152636 ], [ -38.437779705527497, -3.772477140069412 ], [ -38.437870395754771, -3.77213639509666 ], [ -38.437910177619173, -3.771824017415111 ], [ -38.437899062129716, -3.771522966858612 ], [ -38.437848318088037, -3.771295731433888 ], [ -38.437752312976137, -3.77110822710707 ], [ -38.437639329975653, -3.770943432017931 ], [ -38.437418930902801, -3.770750166932802 ], [ -38.437130623867368, -3.770642058676107 ], [ -38.436932740422272, -3.770607849853599 ], [ -38.436830961437224, -3.770606363755273 ], [ -38.43678289322488, -3.770614852634986 ], [ -38.436700881927685, -3.770648879746734 ], [ -38.436648548203422, -3.770695706267359 ], [ -38.43656932114579, -3.770796475902165 ], [ -38.436488695089388, -3.770874524369961 ], [ -38.436386866695656, -3.770949719017782 ], [ -38.436287868249956, -3.77102065544412 ], [ -38.436180395446641, -3.771080226223721 ], [ -38.436002227468293, -3.771162471257459 ], [ -38.435891956704914, -3.771176599685188 ], [ -38.435750597499727, -3.771173667686713 ], [ -38.435660136054409, -3.771158698660297 ], [ -38.435614202878661, -3.771144468614081 ], [ -38.435556970440516, -3.771115321050939 ], [ -38.43548208207892, -3.771064151755052 ], [ -38.435419418941429, -3.770971866676375 ], [ -38.435373387978011, -3.770842403604818 ], [ -38.435354476586092, -3.770723176592015 ], [ -38.435381806661297, -3.770407105119969 ], [ -38.435428045022718, -3.770215029240209 ], [ -38.435562493366866, -3.769945350890612 ], [ -38.43570913036978, -3.769703610738122 ], [ -38.435799522739863, -3.769396436186362 ], [ -38.435866138923359, -3.769071502534165 ], [ -38.43560859344781, -3.769394464756405 ], [ -38.435448773058475, -3.769461074632442 ], [ -38.435250329639636, -3.769540858629057 ], [ -38.43453486676286, -3.770593588819591 ], [ -38.433700181822516, -3.771622267003585 ], [ -38.432945843968042, -3.772931063578773 ], [ -38.432900349094062, -3.773009998246103 ], [ -38.432823191630085, -3.773143868201455 ], [ -38.432817618695289, -3.773153537367981 ], [ -38.432089739815979, -3.774498312124222 ], [ -38.431429463329792, -3.775718184951648 ], [ -38.431393348170786, -3.775784908233944 ], [ -38.430250477145194, -3.777877823343153 ], [ -38.429573121344269, -3.779087459275818 ], [ -38.428807176069469, -3.780330125757133 ], [ -38.426856635184144, -3.783443367687573 ], [ -38.424716467412793, -3.787433444690683 ], [ -38.423442572881171, -3.789495287934308 ], [ -38.420943768315496, -3.794007274252442 ], [ -38.41864151710881, -3.79693190319995 ], [ -38.418051520962287, -3.798299967520611 ], [ -38.417133509748034, -3.799555903990548 ], [ -38.415928782993873, -3.80129047503631 ], [ -38.415260860792323, -3.802414951880807 ], [ -38.414235439264239, -3.80361101354176 ], [ -38.413115202273929, -3.8052549644133 ], [ -38.410068721924858, -3.809686311611569 ], [ -38.409431467696542, -3.810455276160508 ], [ -38.408997671622075, -3.810943306246492 ], [ -38.40861462806987, -3.812019301284054 ], [ -38.407926688310837, -3.813019366610877 ], [ -38.406931594006863, -3.814609319966012 ], [ -38.405706575198209, -3.816583315602548 ], [ -38.404121979356987, -3.818491833446392 ], [ -38.403358816416343, -3.81937695091858 ], [ -38.402810410673453, -3.8199270458638 ], [ -38.402214006411135, -3.820860133969171 ], [ -38.401879936751797, -3.821554035488474 ], [ -38.401689060143852, -3.821865100283779 ], [ -38.4016887450179, -3.822319865578725 ], [ -38.401783672861633, -3.822966120545984 ], [ -38.401767194894376, -3.823759457656848 ], [ -38.4018859876169, -3.824041791604788 ], [ -38.401905144739587, -3.824297301515009 ], [ -38.401665958366962, -3.824919530588144 ], [ -38.401393913419575, -3.825520748743784 ], [ -38.40132768761702, -3.826083030207707 ], [ -38.401357059697538, -3.826585129194829 ], [ -38.401804478414853, -3.826861359419023 ], [ -38.402301707686803, -3.826739580074435 ], [ -38.402965658176932, -3.826465031702043 ], [ -38.403534025199491, -3.825968868213982 ], [ -38.404473085945689, -3.825084688306205 ], [ -38.405288514536657, -3.824555947161134 ], [ -38.405931141292356, -3.823985742725704 ], [ -38.405997271698944, -3.823818971818088 ], [ -38.405834372695438, -3.823130603552833 ], [ -38.405814150660731, -3.822997922419073 ], [ -38.405765964245198, -3.822681760865517 ], [ -38.4057319882561, -3.822060335519518 ], [ -38.405869869266006, -3.821542521057909 ], [ -38.406351378736332, -3.821094059930983 ], [ -38.407004820583147, -3.820507577988349 ], [ -38.408414633203094, -3.819610962501157 ], [ -38.409893819863157, -3.818856544199453 ], [ -38.409894722613501, -3.818832069803946 ], [ -38.423712633954089, -3.811603412380521 ], [ -38.423797625047357, -3.811609268409441 ], [ -38.42386315562041, -3.811651799093536 ], [ -38.423933434479054, -3.81168715459877 ], [ -38.423987455636613, -3.811687204436583 ], [ -38.424052749905194, -3.811665300661393 ], [ -38.424125988647525, -3.811594339661998 ], [ -38.424180182486346, -3.811535158834368 ], [ -38.424258363929397, -3.811482880260449 ], [ -38.424374240180917, -3.811441643740922 ], [ -38.424553863610249, -3.811408023650853 ], [ -38.424801354643371, -3.81136825309897 ], [ -38.425109172002429, -3.811325767340007 ], [ -38.425730979050982, -3.811234603687883 ], [ -38.426437110945514, -3.811131102280742 ], [ -38.427235110278488, -3.811011134607235 ], [ -38.42821753485903, -3.81085204097541 ], [ -38.428759817851208, -3.81077046195204 ], [ -38.429319925179925, -3.810686829115095 ], [ -38.430037715481433, -3.810575757757785 ], [ -38.430328397177043, -3.810529816484332 ], [ -38.430643755503908, -3.810485268350099 ], [ -38.430961156777158, -3.810462067493621 ], [ -38.431374518225624, -3.810453389971683 ], [ -38.431612736237952, -3.810441153195264 ], [ -38.431888669269505, -3.810412071461634 ], [ -38.432177975215247, -3.81037232545934 ], [ -38.432561902884657, -3.810297869095462 ], [ -38.432871109779406, -3.810226117833032 ], [ -38.433113818680788, -3.810162240912132 ], [ -38.433468968442703, -3.810068141504625 ], [ -38.433800116505324, -3.809987108209995 ], [ -38.434020873907222, -3.80994662789785 ], [ -38.434419186543195, -3.80988767312424 ], [ -38.434923077370897, -3.809812261565372 ], [ -38.435426971743546, -3.809731342206195 ], [ -38.436175608374512, -3.809619596421711 ], [ -38.436553695033602, -3.80956751350656 ], [ -38.437147391307306, -3.809482864266784 ], [ -38.437503887169107, -3.809425945891983 ], [ -38.438042054382606, -3.809347112693168 ], [ -38.438356042907223, -3.809300495392951 ], [ -38.43856102467101, -3.809273086553075 ], [ -38.43876669759937, -3.809238103496698 ], [ -38.438931247791231, -3.809190698933895 ], [ -38.439121182280999, -3.809110260509083 ], [ -38.439237759651917, -3.809044922461225 ], [ -38.439356401114964, -3.80896719115955 ], [ -38.439470253032141, -3.808875684349144 ], [ -38.439547762387271, -3.80880136925284 ], [ -38.439634877507963, -3.808713288958091 ], [ -38.439915796131345, -3.808392597155433 ], [ -38.440166183845442, -3.808112511267892 ], [ -38.440409032406983, -3.807831042590347 ], [ -38.440609335840918, -3.807617026541479 ], [ -38.440896757134034, -3.80731011000045 ], [ -38.441127241150454, -3.807065815856525 ], [ -38.441366644084702, -3.806811199963627 ], [ -38.441618397811951, -3.806536966565173 ], [ -38.441878035496487, -3.80626239442251 ], [ -38.442119492514671, -3.806010189567834 ], [ -38.44231704478527, -3.805808564887225 ], [ -38.442519728553698, -3.805622437392434 ], [ -38.442682956554805, -3.805498256301335 ], [ -38.442792683332762, -3.805424305479826 ], [ -38.443028580671729, -3.805289497472449 ], [ -38.443215432089168, -3.805204924424367 ], [ -38.44340947404956, -3.80513274967474 ], [ -38.443617217469075, -3.805072289901434 ], [ -38.443858545620259, -3.805019770196428 ], [ -38.443997715474701, -3.804998169469319 ], [ -38.444168069972037, -3.804984508182087 ], [ -38.444308255275736, -3.804981845074855 ], [ -38.444515613395986, -3.804988520627465 ], [ -38.44465235956303, -3.805005134215317 ], [ -38.44516334400803, -3.805087749289166 ], [ -38.445569118966532, -3.80514791700142 ], [ -38.445874820855572, -3.805193560103605 ], [ -38.445995532898174, -3.805212330915245 ], [ -38.446124254564999, -3.805231284443098 ] ] ] ] } },
{ "type": "Feature", "properties": { "nome": "AIS 01", "territorio": "Capital", "casos": 25, "populacao": 190223, "taxa": 13.142469627752689, "classe": "13.1-13.1" }, "geometry": { "type": "MultiPolygon", "coordinates": [ [ [ [ -38.482178671178694, -3.698744294840552 ], [ -38.481082374116667, -3.699246372032238 ], [ -38.479747739403699, -3.699855871566624 ], [ -38.474219256329704, -3.701396492408054 ], [ -38.47358776982469, -3.701635489303597 ], [ -38.472800944837594, -3.702484766724155 ], [ -38.471381761552877, -3.705188578076318 ], [ -38.470511095517161, -3.706791745226503 ], [ -38.469224128060198, -3.707473175100239 ], [ -38.468616395450169, -3.707736064881432 ], [ -38.46817559472111, -3.707735799204009 ], [ -38.467830108175455, -3.707819362205383 ], [ -38.467770519894536, -3.707927071086181 ], [ -38.467722692550744, -3.708094584990141 ], [ -38.467639169062458, -3.708321965736574 ], [ -38.467150551875633, -3.708620841196362 ], [ -38.466859209957811, -3.708513734472251 ], [ -38.462815613180204, -3.706312467476024 ], [ -38.460712586382975, -3.705248394181036 ], [ -38.460576161048273, -3.705096780668576 ], [ -38.460459358481152, -3.70510765563347 ], [ -38.460384163958878, -3.705259682598359 ], [ -38.460459334465604, -3.705444640557492 ], [ -38.463839565434618, -3.707242487567418 ], [ -38.464030023454924, -3.707541864186684 ], [ -38.464053649254296, -3.707936761774326 ], [ -38.463886164430669, -3.708965889384312 ], [ -38.463874133439106, -3.709205254570858 ], [ -38.463790565640281, -3.709504374139136 ], [ -38.463706875068219, -3.710007041651235 ], [ -38.463671464204957, -3.710414704201701 ], [ -38.463546646803167, -3.710798067491947 ], [ -38.463483421869057, -3.71275281372581 ], [ -38.46330234639526, -3.713467925881558 ], [ -38.463035493333834, -3.714336777457049 ], [ -38.462728531913001, -3.715262869210716 ], [ -38.462237449779749, -3.716351867549824 ], [ -38.461730389978911, -3.718096099054903 ], [ -38.461400455789821, -3.719124413684341 ], [ -38.461367859606085, -3.719226050632956 ], [ -38.461300657936796, -3.719436176375347 ], [ -38.461014291139399, -3.720178000827896 ], [ -38.460632473635009, -3.72120699521297 ], [ -38.459532216423774, -3.723711495610015 ], [ -38.458437508675829, -3.726112504264101 ], [ -38.457932357915858, -3.726919508101983 ], [ -38.457559426827622, -3.727689502338003 ], [ -38.457185379429042, -3.728516488981802 ], [ -38.457185428678315, -3.729023549028554 ], [ -38.456638644323149, -3.729726038059881 ], [ -38.456359470076379, -3.730287570970724 ], [ -38.457404236461564, -3.730777961417023 ], [ -38.45768525438568, -3.730882885097356 ], [ -38.457919588749789, -3.730967740739176 ], [ -38.458170674832118, -3.731089496817826 ], [ -38.458678741169649, -3.731332556995407 ], [ -38.459109300450969, -3.731547787616599 ], [ -38.459637307094752, -3.731804067202753 ], [ -38.459989462740559, -3.73197507201181 ], [ -38.460423878501189, -3.73218666098096 ], [ -38.46107312105142, -3.732506319790646 ], [ -38.461308118142675, -3.73262100596796 ], [ -38.461527932054643, -3.732728623531111 ], [ -38.461590932536495, -3.732755760577088 ], [ -38.461638524341858, -3.732773779469398 ], [ -38.461685665285657, -3.732787699176046 ], [ -38.461744821509896, -3.732799576809692 ], [ -38.461803980370185, -3.732807127817837 ], [ -38.461891928818559, -3.732812647053525 ], [ -38.461941344052732, -3.732814271424856 ], [ -38.461983960832399, -3.73281270357979 ], [ -38.462024766390648, -3.732807491147896 ], [ -38.46208461610339, -3.732797280633291 ], [ -38.462149455681079, -3.73278229112025 ], [ -38.462229943368726, -3.732755469922097 ], [ -38.462369386364486, -3.732698170814767 ], [ -38.46297862515496, -3.732451471470962 ], [ -38.463265218355161, -3.732336422251732 ], [ -38.463730477119263, -3.732152256302829 ], [ -38.463958119900141, -3.732059487022968 ], [ -38.464041605991802, -3.732027507753712 ], [ -38.464056443163095, -3.732020837767614 ], [ -38.464071392160029, -3.732014424710597 ], [ -38.464086448574285, -3.732008270473814 ], [ -38.464101607965951, -3.732002376872092 ], [ -38.464116865864668, -3.731996745643385 ], [ -38.464132217770995, -3.731991378448277 ], [ -38.464147659157867, -3.73198627686953 ], [ -38.464163185471747, -3.73198144241153 ], [ -38.464178792134099, -3.731976876499906 ], [ -38.46419447454268, -3.731972580481093 ], [ -38.464210228072929, -3.731968555621946 ], [ -38.464226048079325, -3.731964803109368 ], [ -38.464241929896644, -3.73196132404994 ], [ -38.464257868841536, -3.731958119469553 ], [ -38.464273860213794, -3.731955190313274 ], [ -38.464289899297739, -3.731952537444855 ], [ -38.464305981363573, -3.731950161646604 ], [ -38.464322101668891, -3.731948063619095 ], [ -38.464338255459992, -3.731946243981053 ], [ -38.464354437973313, -3.731944703269035 ], [ -38.464370644436741, -3.731943441937429 ], [ -38.464386870071209, -3.731942460358121 ], [ -38.464403110091936, -3.731941758820644 ], [ -38.464419359709922, -3.731941337531862 ], [ -38.464435614133322, -3.731941196615981 ], [ -38.464451868568879, -3.731941336114578 ], [ -38.464468118223344, -3.731941755986511 ], [ -38.464484358304851, -3.731942456107964 ], [ -38.464500584024371, -3.731943436272462 ], [ -38.464516790597116, -3.731944696191047 ], [ -38.464532973243941, -3.73194623549208 ], [ -38.464549127192754, -3.731948053721709 ], [ -38.464580067842356, -3.731950845700979 ], [ -38.464610958119096, -3.731954153016707 ], [ -38.464641789518346, -3.731957974758252 ], [ -38.464672553551672, -3.731962309873504 ], [ -38.464703241749213, -3.731967157168905 ], [ -38.464733845661947, -3.731972515309939 ], [ -38.464764356864109, -3.731978382821376 ], [ -38.464794766955428, -3.731984758087849 ], [ -38.464825067563453, -3.731991639354105 ], [ -38.464855250345927, -3.731999024725621 ], [ -38.464885306992954, -3.732006912169135 ], [ -38.464915229229462, -3.732015299513042 ], [ -38.464945008817288, -3.7320241844482 ], [ -38.464974637557617, -3.732033564528424 ], [ -38.465004107293105, -3.732043437171204 ], [ -38.466610531566872, -3.732565305764227 ], [ -38.468190425176324, -3.733074956927819 ], [ -38.468602190947465, -3.733210195397886 ], [ -38.468619597336797, -3.7332170906028 ], [ -38.468636882464409, -3.733224287073323 ], [ -38.468654041163894, -3.7332317826585 ], [ -38.468671068306676, -3.733239575117884 ], [ -38.468687958803464, -3.733247662122449 ], [ -38.468704707605802, -3.733256041254995 ], [ -38.468721309707547, -3.733264710011096 ], [ -38.468737760146503, -3.733273665799717 ], [ -38.468754054005736, -3.733282905944032 ], [ -38.468770186415121, -3.733292427682251 ], [ -38.468786152552795, -3.733302228168378 ], [ -38.46880194764659, -3.733312304473169 ], [ -38.468817566975481, -3.733322653584833 ], [ -38.46883300587092, -3.73333327241013 ], [ -38.468848259718378, -3.733344157775162 ], [ -38.46886332395853, -3.733355306426379 ], [ -38.468878194088788, -3.733366715031556 ], [ -38.468892865664593, -3.733378380180702 ], [ -38.468907334300695, -3.733390298387226 ], [ -38.468921595672526, -3.733402466088835 ], [ -38.468935645517455, -3.733414879648722 ], [ -38.468949479636052, -3.733427535356555 ], [ -38.468963093893393, -3.733440429429629 ], [ -38.468976484220292, -3.733453558014002 ], [ -38.468989646614453, -3.733466917185677 ], [ -38.469002577141694, -3.73348050295161 ], [ -38.469015271937195, -3.733494311251179 ], [ -38.469027727206537, -3.733508337957191 ], [ -38.469039939226938, -3.733522578877105 ], [ -38.469051904348277, -3.733537029754469 ], [ -38.469063618994262, -3.733551686269979 ], [ -38.469075079663448, -3.733566544042959 ], [ -38.469086282930327, -3.733581598632492 ], [ -38.469097225446269, -3.733596845538863 ], [ -38.469107903940667, -3.733612280204883 ], [ -38.469118315221728, -3.733627898017237 ], [ -38.469128456177629, -3.733643694307925 ], [ -38.469138323777251, -3.733659664355479 ], [ -38.469147915071268, -3.733675803386582 ], [ -38.46915722719281, -3.733692106577398 ], [ -38.469166257358616, -3.733708569055004 ], [ -38.469175002869584, -3.733725185898893 ], [ -38.469183461111726, -3.733741952142437 ], [ -38.469191629556896, -3.733758862774274 ], [ -38.469199505763612, -3.733775912739921 ], [ -38.469207087377697, -3.733793096943331 ], [ -38.469214372133038, -3.733810410248195 ], [ -38.469221357852277, -3.733827847479711 ], [ -38.469228042447369, -3.733845403426026 ], [ -38.469234423920341, -3.733863072839766 ], [ -38.469240500363803, -3.73388085043966 ], [ -38.469277653354958, -3.734007680421373 ], [ -38.469691580410654, -3.735468256431518 ], [ -38.469778979766694, -3.735771071812507 ], [ -38.469783942550684, -3.735788280757234 ], [ -38.469789498718704, -3.735805305703606 ], [ -38.469795641534446, -3.735822126010462 ], [ -38.469802363550329, -3.735838721284669 ], [ -38.469809656616569, -3.735855071405952 ], [ -38.469817511890994, -3.735871156551295 ], [ -38.469825919849839, -3.735886957218878 ], [ -38.469834870299231, -3.735902454251822 ], [ -38.469844352387589, -3.735917628861405 ], [ -38.469854354618761, -3.73593246264973 ], [ -38.469864864866011, -3.735946937632153 ], [ -38.469875870386581, -3.735961036259128 ], [ -38.469887357837301, -3.735974741437269 ], [ -38.469899313290732, -3.735988036550275 ], [ -38.469911722251922, -3.736000905479062 ], [ -38.469924569676181, -3.736013332621149 ], [ -38.469937839987189, -3.736025302909802 ], [ -38.469951517095858, -3.736036801832053 ], [ -38.469965584419974, -3.736047815446489 ], [ -38.469980024904132, -3.736058330400135 ], [ -38.469994821040594, -3.736068333944476 ], [ -38.470009954890394, -3.736077813951148 ], [ -38.470025408105059, -3.736086758926505 ], [ -38.470041161948977, -3.736095158025508 ], [ -38.470057197322006, -3.736103001065025 ], [ -38.470073494782746, -3.736110278536043 ], [ -38.470090034571939, -3.736116981615301 ], [ -38.470106796636564, -3.736123102175901 ], [ -38.470123760654154, -3.736128632797179 ], [ -38.470140906057324, -3.736133566773759 ], [ -38.470158212058813, -3.736137898123631 ], [ -38.470175657676634, -3.736141621595397 ], [ -38.470193221759523, -3.73614473267473 ], [ -38.470212590528881, -3.736144930012313 ], [ -38.470231959802895, -3.736144791394462 ], [ -38.47025132380773, -3.736144316862473 ], [ -38.470270676771072, -3.736143506557809 ], [ -38.470290012923876, -3.736142360722018 ], [ -38.47030932650209, -3.736140879696641 ], [ -38.470328611748528, -3.736139063923182 ], [ -38.470347862914309, -3.73613691394295 ], [ -38.470367074260743, -3.736134430396773 ], [ -38.470386240061039, -3.736131614025011 ], [ -38.470405354601944, -3.736128465667207 ], [ -38.470424412185587, -3.736124986261856 ], [ -38.470443407130873, -3.736121176846142 ], [ -38.470462333775636, -3.736117038555645 ], [ -38.470481186477841, -3.736112572624005 ], [ -38.470499959617641, -3.736107780382414 ], [ -38.470518647598858, -3.736102663259462 ], [ -38.470537244850654, -3.73609722278051 ], [ -38.470555745829358, -3.736091460567351 ], [ -38.470574145019874, -3.736085378337664 ], [ -38.47059243693748, -3.736078977904502 ], [ -38.470610616129491, -3.736072261175853 ], [ -38.470628677176762, -3.736065230153907 ], [ -38.471173249285776, -3.735907780428475 ], [ -38.472755473209986, -3.73545292903473 ], [ -38.473871664940177, -3.735138919156086 ], [ -38.476841929326852, -3.734285624233042 ], [ -38.478705160635513, -3.733749848129398 ], [ -38.480083600234863, -3.733355781358471 ], [ -38.480128767789594, -3.733343165958687 ], [ -38.480174141644767, -3.733331321201595 ], [ -38.480548493915748, -3.733213996433171 ], [ -38.482313840845755, -3.732708434181949 ], [ -38.482474494622636, -3.732636534655961 ], [ -38.482685599301341, -3.73251509916191 ], [ -38.48271020378295, -3.732507610892093 ], [ -38.482750543289534, -3.732574595595209 ], [ -38.484158975928892, -3.734800662399205 ], [ -38.484391493255302, -3.735183578025117 ], [ -38.48462509766015, -3.735585246510465 ], [ -38.484848548677931, -3.735953812594906 ], [ -38.485434658104509, -3.736881914618466 ], [ -38.485625313346254, -3.73719443368332 ], [ -38.485938789839054, -3.737726643669798 ], [ -38.485979134370929, -3.737793548653557 ], [ -38.486125448231363, -3.738032785585098 ], [ -38.48688547787404, -3.739237639930186 ], [ -38.48724966264745, -3.739867924331451 ], [ -38.487301618392415, -3.739958585071858 ], [ -38.487401640537669, -3.740125766307585 ], [ -38.487435426578074, -3.740180263099354 ], [ -38.487472587537987, -3.740239523296579 ], [ -38.487494332511282, -3.740274048808253 ], [ -38.487941294652295, -3.740983404138746 ], [ -38.487959957577928, -3.741012981932981 ], [ -38.487978731900782, -3.741042488448185 ], [ -38.488004128530171, -3.741081593858519 ], [ -38.488040163894176, -3.741134613943045 ], [ -38.488097063446759, -3.741211132326639 ], [ -38.488157947114075, -3.741284491084269 ], [ -38.488263896237832, -3.741395575439883 ], [ -38.488352926201117, -3.741479379158628 ], [ -38.488490255466601, -3.74160733409856 ], [ -38.488560559762782, -3.741671953881222 ], [ -38.488627734417847, -3.741736500321885 ], [ -38.488635969011696, -3.741744736250369 ], [ -38.488648229667675, -3.741757181465202 ], [ -38.488713878787294, -3.741828162323422 ], [ -38.488775641444533, -3.741902580031411 ], [ -38.488833339638838, -3.741980220118125 ], [ -38.488882119996077, -3.742052762898273 ], [ -38.488929079593078, -3.742126513290016 ], [ -38.489335146557941, -3.742770962119504 ], [ -38.489436545158306, -3.742934423306819 ], [ -38.489476423061639, -3.743002271108504 ], [ -38.489552752450365, -3.743143461730424 ], [ -38.489595271465994, -3.743229771190592 ], [ -38.489747783041459, -3.743560761924143 ], [ -38.489826773225211, -3.743728913901185 ], [ -38.489924774194961, -3.743911585075189 ], [ -38.490038715349435, -3.744098121739035 ], [ -38.490422926532716, -3.744703655406802 ], [ -38.490570023984013, -3.744931289957675 ], [ -38.490676961676257, -3.745085160069977 ], [ -38.490728529433603, -3.745155736118392 ], [ -38.490770296069797, -3.745211815905496 ], [ -38.490791285979618, -3.74523977543213 ], [ -38.49148149108953, -3.746150784496248 ], [ -38.49178879378799, -3.746549146265882 ], [ -38.492130611567134, -3.746969000382953 ], [ -38.492201314535585, -3.746918083907879 ], [ -38.492339504962111, -3.746827688636607 ], [ -38.492384267298576, -3.746851543331543 ], [ -38.492696956065309, -3.746750635355876 ], [ -38.493254085180297, -3.746572236772911 ], [ -38.493820853791938, -3.746391826211772 ], [ -38.494094801005581, -3.746300405003008 ], [ -38.494367941720775, -3.746214631340799 ], [ -38.494670808795313, -3.74611556139711 ], [ -38.495260071661818, -3.7459266906783 ], [ -38.495681834858651, -3.745790572945467 ], [ -38.496023260372738, -3.74568345603719 ], [ -38.496372721374883, -3.745570292073413 ], [ -38.4965607067655, -3.745510288468159 ], [ -38.496742264846276, -3.745453105169064 ], [ -38.497012595059694, -3.745365311805239 ], [ -38.497328714150299, -3.745267055364693 ], [ -38.497701472323421, -3.745146238941624 ], [ -38.498133276635926, -3.745007301641242 ], [ -38.498572713391383, -3.744864737562542 ], [ -38.499265609049374, -3.744640420989351 ], [ -38.499780560664028, -3.744474096787177 ], [ -38.500263787885245, -3.744303316299514 ], [ -38.500451370093359, -3.744245328735476 ], [ -38.500694787409152, -3.744165990906362 ], [ -38.501490911154256, -3.743912280541549 ], [ -38.501967503170739, -3.743756018959717 ], [ -38.502454539150861, -3.743595526957209 ], [ -38.502672048375487, -3.743523839069989 ], [ -38.502760548159443, -3.7434920941244 ], [ -38.502800843477019, -3.743479220934672 ], [ -38.5028534939186, -3.743462400636269 ], [ -38.502864293911323, -3.743497151812556 ], [ -38.502875517674937, -3.743532964714398 ], [ -38.502927772044501, -3.743513040543814 ], [ -38.503095976459448, -3.74346235448485 ], [ -38.503276328931385, -3.743405370743876 ], [ -38.503494238535474, -3.74333570004832 ], [ -38.503710138955057, -3.743268045336591 ], [ -38.504059998056221, -3.743158307469279 ], [ -38.50425019086321, -3.743099311911754 ], [ -38.504440384556794, -3.743038702562224 ], [ -38.504645038357189, -3.742973865278786 ], [ -38.504986863715963, -3.74286674479381 ], [ -38.50514251360412, -3.742816403348029 ], [ -38.505349777747178, -3.742751567363877 ], [ -38.505559050338292, -3.742685925589087 ], [ -38.505726749312331, -3.742633775382258 ], [ -38.505914734020131, -3.742573164434743 ], [ -38.506094884830354, -3.742517188540789 ], [ -38.506673096046811, -3.742334758201888 ], [ -38.507055289867083, -3.742213942769056 ], [ -38.507817367130151, -3.741973923806595 ], [ -38.508570104745893, -3.741737529806354 ], [ -38.508849067783743, -3.741649333879751 ], [ -38.509803245364417, -3.741347997659561 ], [ -38.510310961133555, -3.741188521094165 ], [ -38.510589320812308, -3.741101534539121 ], [ -38.510917890514534, -3.740997228177815 ], [ -38.51146617551138, -3.740824056713977 ], [ -38.511922074342685, -3.740681897980717 ], [ -38.512287597554952, -3.740566315445274 ], [ -38.512625003767958, -3.740459189256129 ], [ -38.512918225742766, -3.740366158621313 ], [ -38.513194576762935, -3.740279573485737 ], [ -38.513511898179651, -3.740180504491366 ], [ -38.513615530087769, -3.740147480274015 ], [ -38.513763345695786, -3.740101167178575 ], [ -38.513961771535037, -3.740039955003175 ], [ -38.514291544513462, -3.739937261686327 ], [ -38.514573118377555, -3.739846644604765 ], [ -38.514895259225099, -3.739746770867177 ], [ -38.515320229055554, -3.739613065244517 ], [ -38.515686955912891, -3.739498288711566 ], [ -38.516033198276467, -3.739388341927485 ], [ -38.516349715968182, -3.739289271373141 ], [ -38.5166397233777, -3.739198254796621 ], [ -38.517041797870803, -3.739070990616155 ], [ -38.517375587177277, -3.73896668450725 ], [ -38.517553522792504, -3.738913580909233 ], [ -38.517510696998677, -3.738788395439228 ], [ -38.517273564037872, -3.738012841509856 ], [ -38.51695934708178, -3.736985125677597 ], [ -38.516703590410643, -3.736160912569519 ], [ -38.516667339433141, -3.736033682410696 ], [ -38.516407813723831, -3.736118017111738 ], [ -38.516138006875302, -3.735258624366304 ], [ -38.515838806860835, -3.734297973166914 ], [ -38.515755190145583, -3.734025099005443 ], [ -38.515591215263953, -3.733504334309829 ], [ -38.51545043127939, -3.733058856640301 ], [ -38.51532631427397, -3.732651518349885 ], [ -38.515174104980005, -3.732157056800801 ], [ -38.514961788203216, -3.731481772394951 ], [ -38.51481154105818, -3.730989941575048 ], [ -38.514591055841215, -3.730293943989189 ], [ -38.514352600519999, -3.729550273723699 ], [ -38.514158258558183, -3.728916416447655 ], [ -38.514076926014063, -3.728656527470296 ], [ -38.513904615315091, -3.728124088892055 ], [ -38.513877837939837, -3.728026118978733 ], [ -38.513682507133161, -3.72740639557248 ], [ -38.513522463639049, -3.726880373577756 ], [ -38.513440799222984, -3.726629523872287 ], [ -38.513381338075881, -3.726464150631206 ], [ -38.513302950868827, -3.726204098906082 ], [ -38.513017473654422, -3.725288816699904 ], [ -38.512613092830456, -3.724010574537133 ], [ -38.513713533320207, -3.723937225273402 ], [ -38.514221706186099, -3.723902663459956 ], [ -38.515079019903212, -3.723849886549171 ], [ -38.516058060702285, -3.723786657209399 ], [ -38.51702335733772, -3.723726048868609 ], [ -38.517904230399076, -3.723672624694785 ], [ -38.519010236099604, -3.723594341106628 ], [ -38.519520941189164, -3.723562281554368 ], [ -38.519462002553055, -3.723451759956543 ], [ -38.519414955963157, -3.723359398219677 ], [ -38.519386412321794, -3.723290798324021 ], [ -38.519352796780524, -3.723119748486672 ], [ -38.519335390000947, -3.723000694209521 ], [ -38.519309695234902, -3.722756485786213 ], [ -38.519293194389967, -3.722491109554491 ], [ -38.519320307371657, -3.722398289852915 ], [ -38.519320936716575, -3.72233792753615 ], [ -38.519321138315462, -3.722286908520084 ], [ -38.519324056780412, -3.721732049987152 ], [ -38.519332320609401, -3.720974052446592 ], [ -38.519340944139294, -3.720759739144947 ], [ -38.519854618454104, -3.720834965499615 ], [ -38.51986062775633, -3.720614076574655 ], [ -38.519866784007746, -3.720121674386201 ], [ -38.519869118332892, -3.719435989416532 ], [ -38.519849403065656, -3.718825700698901 ], [ -38.519867488845414, -3.717706121414214 ], [ -38.519418093475849, -3.717850458893552 ], [ -38.517894972674569, -3.718200416852987 ], [ -38.517362955745035, -3.718336277205621 ], [ -38.517001838727289, -3.718354263987973 ], [ -38.516989199784497, -3.71833211158699 ], [ -38.516393991195649, -3.715832032002679 ], [ -38.516274116832911, -3.71585000586847 ], [ -38.516858905103206, -3.718390100691477 ], [ -38.516477235008999, -3.718427071434966 ], [ -38.515738574814399, -3.718510437015814 ], [ -38.515270668257337, -3.718494257146797 ], [ -38.514308846427951, -3.718760964513461 ], [ -38.513320399545826, -3.718773423732633 ], [ -38.512685459848015, -3.71868576671745 ], [ -38.511780120210858, -3.718589460609065 ], [ -38.511723777038569, -3.718448418883734 ], [ -38.511191125903935, -3.713505658022316 ], [ -38.510937764838005, -3.713532864431203 ], [ -38.511504857598844, -3.718711380589828 ], [ -38.511495534447413, -3.719020604618258 ], [ -38.51123486210205, -3.719297808170853 ], [ -38.511150764204594, -3.719349584567256 ], [ -38.510959566717695, -3.719467189212184 ], [ -38.510637225687439, -3.719705207993535 ], [ -38.509935898899684, -3.72018275148287 ], [ -38.509137443391239, -3.72058922393642 ], [ -38.508541706264047, -3.720816233128556 ], [ -38.508053145348512, -3.721019418743776 ], [ -38.507504732958353, -3.721161234305401 ], [ -38.506801997827438, -3.7214136937581 ], [ -38.506087146045772, -3.721592777557345 ], [ -38.505074311330119, -3.721927295083086 ], [ -38.504670958639714, -3.722030792046461 ], [ -38.504667656983912, -3.722021352399548 ], [ -38.504152158658535, -3.720496841253138 ], [ -38.503972462515115, -3.72056893201097 ], [ -38.50471642899339, -3.72275287027459 ], [ -38.504537013319933, -3.722809017329436 ], [ -38.504351130552863, -3.722431129088478 ], [ -38.504250557321747, -3.722526526843056 ], [ -38.504422345214437, -3.722926495997443 ], [ -38.504180121058873, -3.723147543791379 ], [ -38.503324932055456, -3.72351789858512 ], [ -38.502214007936281, -3.723912410066467 ], [ -38.501022557660441, -3.72415101727434 ], [ -38.499914516526225, -3.724353936103627 ], [ -38.498937496005603, -3.724568779322716 ], [ -38.498282233907041, -3.724628203348455 ], [ -38.497186072317554, -3.724842976432791 ], [ -38.495851642740931, -3.725033728201715 ], [ -38.495256057054746, -3.724985529364691 ], [ -38.494934436883661, -3.724973584824609 ], [ -38.494874919199127, -3.724627282660874 ], [ -38.49472026936963, -3.724586134067025 ], [ -38.494169862196344, -3.722891907334097 ], [ -38.494572070051696, -3.722723579791401 ], [ -38.494546689352831, -3.72260712230536 ], [ -38.494169840250699, -3.722692241018779 ], [ -38.494091498668197, -3.722585122830908 ], [ -38.49388655926073, -3.722625689088887 ], [ -38.494432332638176, -3.724457091161025 ], [ -38.494056997017545, -3.724575357095306 ], [ -38.493635213923582, -3.724668463493193 ], [ -38.493014634387627, -3.724660821283479 ], [ -38.492526206030306, -3.724624443118788 ], [ -38.491551308819432, -3.724432905051512 ], [ -38.49073848820364, -3.724275837106379 ], [ -38.490491324735835, -3.723905687176063 ], [ -38.490250525632064, -3.723587016133482 ], [ -38.489943716206128, -3.723271020701339 ], [ -38.489538788259985, -3.723043444062354 ], [ -38.489086256990198, -3.722755950999012 ], [ -38.488812842156022, -3.722631613365691 ], [ -38.48852213982984, -3.722428702218086 ], [ -38.488129015661443, -3.722406931048827 ], [ -38.487728687584415, -3.722482095348957 ], [ -38.487321981289483, -3.722609901318297 ], [ -38.486858483666076, -3.722670880914146 ], [ -38.486286536209143, -3.722861972900846 ], [ -38.485810121248505, -3.722765981047238 ], [ -38.485073526090318, -3.722389482112009 ], [ -38.484821589801463, -3.722334511975141 ], [ -38.484581985283043, -3.722289047942175 ], [ -38.484333177458829, -3.72227442737451 ], [ -38.484011459666405, -3.722358010065293 ], [ -38.483630251665751, -3.722381759602567 ], [ -38.483016517581497, -3.722421565596431 ], [ -38.482291066560414, -3.72224074912779 ], [ -38.48175240247587, -3.722031093163022 ], [ -38.481292719202301, -3.721814336713527 ], [ -38.480689452650871, -3.721510919234879 ], [ -38.479956917370941, -3.721127995759919 ], [ -38.47964811691746, -3.720990666520484 ], [ -38.479386843744351, -3.720907009872435 ], [ -38.47931057281675, -3.720882178811221 ], [ -38.478894009156917, -3.720694305462443 ], [ -38.479092883203769, -3.719935177943082 ], [ -38.47889892682786, -3.719906204346441 ], [ -38.478702044032815, -3.720349941913208 ], [ -38.478082988177285, -3.720217445892837 ], [ -38.477924277718948, -3.720462770362388 ], [ -38.477706248832988, -3.720325404090911 ], [ -38.477688506474578, -3.720316349778533 ], [ -38.477777855303877, -3.720153356624134 ], [ -38.477838103623377, -3.720050551836082 ], [ -38.477859702192674, -3.72006296755002 ], [ -38.477916861206197, -3.719964812000733 ], [ -38.477857978962582, -3.719931702669661 ], [ -38.47779901854404, -3.720031407504937 ], [ -38.477816759377603, -3.720043045747725 ], [ -38.477743449142302, -3.720160054411144 ], [ -38.477669480334889, -3.720303418801829 ], [ -38.477362224162043, -3.720111249864885 ], [ -38.477397418886177, -3.7200394374251 ], [ -38.477221902652772, -3.719913237083205 ], [ -38.477160121663367, -3.71999795337162 ], [ -38.476880565724414, -3.719836419769367 ], [ -38.476551274189674, -3.719604144060053 ], [ -38.476289444588566, -3.719291848947189 ], [ -38.476278319966305, -3.719255839512725 ], [ -38.476678709856657, -3.718972361996755 ], [ -38.476662779757383, -3.71894341245737 ], [ -38.476261884603517, -3.719211386064946 ], [ -38.476043729871648, -3.718595429263065 ], [ -38.475984362497215, -3.718176446050672 ], [ -38.476159007332022, -3.717678742079383 ], [ -38.476581717373932, -3.717270694167111 ], [ -38.476802519247506, -3.71735580442504 ], [ -38.477049049352402, -3.71747802322442 ], [ -38.477537922906706, -3.717289131596403 ], [ -38.477459377275387, -3.717027320071819 ], [ -38.477215298618688, -3.716260821251889 ], [ -38.477381224461041, -3.715475601160271 ], [ -38.477272714905993, -3.715316949861617 ], [ -38.482616704479575, -3.712289651748705 ], [ -38.482898251378728, -3.71102376779992 ], [ -38.483020917207185, -3.710638805754755 ], [ -38.483104062680724, -3.710669342823683 ], [ -38.483328288519125, -3.709878728816578 ], [ -38.483079380005009, -3.70980783825842 ], [ -38.482422670978771, -3.712198970129595 ], [ -38.477213664110735, -3.715153460938736 ], [ -38.47540646086923, -3.712504140916711 ], [ -38.475242268917164, -3.712272063298938 ], [ -38.475036001809343, -3.711664716024493 ], [ -38.474531554578853, -3.710263349217102 ], [ -38.474051813449066, -3.708935192156547 ], [ -38.473169736622985, -3.706387144777847 ], [ -38.473496515074125, -3.706070056744076 ], [ -38.47390413849277, -3.705732806230646 ], [ -38.47426887489928, -3.705395529933766 ], [ -38.474460095142113, -3.705140207637775 ], [ -38.474710369890452, -3.704948840175214 ], [ -38.475426247305847, -3.704191770422943 ], [ -38.47480606794754, -3.703514501837051 ], [ -38.475430112780941, -3.702522515731037 ], [ -38.476060631350741, -3.701816521394468 ], [ -38.476251289081404, -3.701181626513149 ], [ -38.477934648596182, -3.700647391161771 ], [ -38.479485482671272, -3.70021477689039 ], [ -38.481380122589755, -3.699330318340588 ], [ -38.481999719400214, -3.699091308370665 ], [ -38.48241672963421, -3.699115435657855 ], [ -38.48255970229625, -3.699007864704905 ], [ -38.482500338543616, -3.698732541649969 ], [ -38.482178671178694, -3.698744294840552 ] ] ] ] } },
{ "type": "Feature", "properties": { "nome": "AIS 05", "territorio": "Capital", "casos": 24, "populacao": 310485, "taxa": 7.7298420213536891, "classe": "5.9-9.2" }, "geometry": { "type": "MultiPolygon", "coordinates": [ [ [ [ -38.523898365311062, -3.737048601907264 ], [ -38.5236473933684, -3.738296148076231 ], [ -38.523299957708865, -3.739966646274184 ], [ -38.522888205155866, -3.741930761441676 ], [ -38.522718799091273, -3.742726752978758 ], [ -38.522637227914899, -3.743120716185506 ], [ -38.52259739763582, -3.743313083772398 ], [ -38.522439766383783, -3.744056432943616 ], [ -38.522270359764505, -3.744851516515528 ], [ -38.522135371825314, -3.745495934770386 ], [ -38.521955996652451, -3.746342753640984 ], [ -38.521834582070461, -3.746950869791634 ], [ -38.521651588716999, -3.747803132925509 ], [ -38.521590442694887, -3.748082681857081 ], [ -38.521502565421912, -3.74849928413517 ], [ -38.521339485395572, -3.749288016552966 ], [ -38.521162817615441, -3.750137559682208 ], [ -38.520993838563292, -3.750971675443286 ], [ -38.520893712736999, -3.751478136601798 ], [ -38.520815332011338, -3.751877496946729 ], [ -38.520752354793387, -3.752199708263636 ], [ -38.520660154833351, -3.752670318170996 ], [ -38.520587663084193, -3.75304086111059 ], [ -38.520496911694543, -3.753539870316847 ], [ -38.520472972624276, -3.753660111246293 ], [ -38.520234881337842, -3.754881924363707 ], [ -38.520153520558814, -3.75529398305706 ], [ -38.520120337623645, -3.755465534805856 ], [ -38.520016390134359, -3.75599814658139 ], [ -38.519881360207407, -3.756703342518001 ], [ -38.519805215854731, -3.757069499191649 ], [ -38.519682735563848, -3.757655534321005 ], [ -38.519641505197185, -3.757879039444935 ], [ -38.519619357569205, -3.757990905197178 ], [ -38.519549198576989, -3.758251231744806 ], [ -38.519496750179755, -3.758320738667232 ], [ -38.519409653646932, -3.758458768961365 ], [ -38.519343331069287, -3.75858290354309 ], [ -38.519291845946171, -3.758699099357288 ], [ -38.51926114186999, -3.758788485667063 ], [ -38.519196767070213, -3.758967256640901 ], [ -38.519175960702071, -3.759040257814825 ], [ -38.519154649009892, -3.759133126102248 ], [ -38.51911945088208, -3.759302972862962 ], [ -38.519085720811532, -3.759500634782406 ], [ -38.519036109916044, -3.759805571840255 ], [ -38.518997895551387, -3.760065813557439 ], [ -38.518979972448179, -3.760178054414917 ], [ -38.518946224318583, -3.760408497504742 ], [ -38.518896607293023, -3.760724361597969 ], [ -38.518864849385551, -3.760931958276353 ], [ -38.51881721493627, -3.761238883124517 ], [ -38.51875767194521, -3.761622290829555 ], [ -38.518668347509895, -3.762215283007228 ], [ -38.518597883042943, -3.762678154190393 ], [ -38.518542798464537, -3.763045670400774 ], [ -38.51848721747146, -3.763416663116849 ], [ -38.518465883721824, -3.763549266122715 ], [ -38.518421224248364, -3.763840298631731 ], [ -38.51838153096611, -3.764091599106947 ], [ -38.518332401254384, -3.764419383792265 ], [ -38.518298162578631, -3.76464187956431 ], [ -38.51826293417777, -3.764865864836857 ], [ -38.518226215876524, -3.765101769711311 ], [ -38.518200421942623, -3.765252747555451 ], [ -38.518188517949142, -3.765320786756861 ], [ -38.51816347426135, -3.765456119445505 ], [ -38.518148842504338, -3.765539306015349 ], [ -38.518117606539619, -3.765695992706646 ], [ -38.518068530924943, -3.765924937117256 ], [ -38.51801475821911, -3.766153630571124 ], [ -38.517958256757822, -3.76639920978099 ], [ -38.517908692884014, -3.766616730150012 ], [ -38.517824441498931, -3.766973302953081 ], [ -38.517745162888424, -3.767278223295078 ], [ -38.517669828261347, -3.767604006567219 ], [ -38.517565763365624, -3.768025137303319 ], [ -38.517430985411202, -3.768550554700994 ], [ -38.517319989815832, -3.768986582052808 ], [ -38.517186220654274, -3.769475245264777 ], [ -38.517070296221853, -3.769882462096081 ], [ -38.517192137202976, -3.769892397290998 ], [ -38.518221899372463, -3.770056242518679 ], [ -38.518201249898212, -3.770434353668375 ], [ -38.518155961328766, -3.771396525041218 ], [ -38.518118115796305, -3.772126599107093 ], [ -38.518067976712757, -3.773187249161747 ], [ -38.518057827182844, -3.773363327712854 ], [ -38.518047067390476, -3.773546479716317 ], [ -38.518032526543351, -3.773670672073577 ], [ -38.518011535477591, -3.774138324863324 ], [ -38.517993110027057, -3.774510679027725 ], [ -38.517983544173596, -3.774767542036586 ], [ -38.517977813423826, -3.774905755467563 ], [ -38.51796448829321, -3.775143682597654 ], [ -38.517958773540528, -3.775252864234527 ], [ -38.517947974396797, -3.775467441100991 ], [ -38.517942219604386, -3.775649202215856 ], [ -38.517931404599693, -3.775892495307611 ], [ -38.517920702379449, -3.775931303605558 ], [ -38.517914991433308, -3.776033542853944 ], [ -38.517897873549849, -3.776313122182962 ], [ -38.517885169298125, -3.77656430329202 ], [ -38.517876262243071, -3.776765627552618 ], [ -38.517868673736409, -3.77685461210432 ], [ -38.517857831312789, -3.777147448565298 ], [ -38.517843845359174, -3.777444070028921 ], [ -38.517831134763604, -3.777706611392162 ], [ -38.51782035290114, -3.777889631943907 ], [ -38.517810181196182, -3.778105471388818 ], [ -38.517807574679821, -3.778274611718737 ], [ -38.517815084130483, -3.778328892742481 ], [ -38.517838882295457, -3.778467753731218 ], [ -38.517872705149856, -3.77865711038838 ], [ -38.517901782431181, -3.778833740923536 ], [ -38.517907770501118, -3.778867094914816 ], [ -38.51791949544856, -3.778932418972288 ], [ -38.51784809918356, -3.778916215127129 ], [ -38.51773581161595, -3.77888651843164 ], [ -38.517506376151218, -3.778826112035715 ], [ -38.516476707906051, -3.778562924959429 ], [ -38.515808312360008, -3.778383311545162 ], [ -38.514907811130676, -3.778122467938745 ], [ -38.514803279713909, -3.778095889305715 ], [ -38.514512635903301, -3.779214000618959 ], [ -38.514497172471806, -3.77926967901579 ], [ -38.514611544442396, -3.779307871572458 ], [ -38.514667762101539, -3.779332832571854 ], [ -38.514727119786905, -3.779360319831949 ], [ -38.514783334998405, -3.779389698703623 ], [ -38.514831068714678, -3.779418441690821 ], [ -38.514878174499763, -3.779446553197933 ], [ -38.514917741741797, -3.7794730826624 ], [ -38.514971438918664, -3.779511295872646 ], [ -38.515015714274909, -3.779545085918822 ], [ -38.515061244277412, -3.779582347858077 ], [ -38.515103946649234, -3.77962023933659 ], [ -38.515141938286369, -3.779655603670539 ], [ -38.515185580114611, -3.779698860241492 ], [ -38.51522796467539, -3.779743378357911 ], [ -38.515251825506176, -3.779768636758133 ], [ -38.515294835205665, -3.779818835354477 ], [ -38.515324344653905, -3.779854826056158 ], [ -38.51534945680622, -3.779889552042381 ], [ -38.51537488275288, -3.779924909329623 ], [ -38.515399051779923, -3.779960897038166 ], [ -38.515425730973817, -3.780002250721518 ], [ -38.515455545818646, -3.780054019736325 ], [ -38.515481907371999, -3.780101684498751 ], [ -38.515496028651818, -3.780128988598428 ], [ -38.515508893098122, -3.780156765338512 ], [ -38.515518932535791, -3.780180438178633 ], [ -38.515681749210025, -3.780583345399401 ], [ -38.51576864569077, -3.780801763582999 ], [ -38.515782605190275, -3.780837587788286 ], [ -38.515793426410305, -3.780867730104232 ], [ -38.51580801095924, -3.780909392573109 ], [ -38.515819301995087, -3.780942059655203 ], [ -38.515941939282875, -3.781289563069243 ], [ -38.51614771626938, -3.781832604227417 ], [ -38.516409955243105, -3.782619988081402 ], [ -38.516593331947504, -3.78310389651513 ], [ -38.516644371414742, -3.783257680297622 ], [ -38.516708744973904, -3.783521300351217 ], [ -38.516758185105424, -3.783719946290055 ], [ -38.516838184228824, -3.783911502437962 ], [ -38.516908603738038, -3.784043507658289 ], [ -38.516999538772055, -3.78416007467996 ], [ -38.517069671769541, -3.784230924821955 ], [ -38.517167359925345, -3.784303721563167 ], [ -38.517321121265347, -3.784377515220414 ], [ -38.517457595742378, -3.784422652951878 ], [ -38.517602096257683, -3.784439792630485 ], [ -38.517783132097009, -3.784443756086871 ], [ -38.518029714628909, -3.784410580312703 ], [ -38.518189139739519, -3.784382505764262 ], [ -38.518604110158876, -3.784328652047269 ], [ -38.523634589015359, -3.783350012690878 ], [ -38.524142110565883, -3.783303801353437 ], [ -38.52435495348162, -3.783310237635053 ], [ -38.524542007382529, -3.783328578313335 ], [ -38.524842683239896, -3.783396709635094 ], [ -38.525129218577298, -3.783468486100587 ], [ -38.525376965135848, -3.783552844387931 ], [ -38.526103472109561, -3.783936802822832 ], [ -38.526683215211101, -3.784230551906468 ], [ -38.526968395500283, -3.784332638342294 ], [ -38.527250966109392, -3.784408861205248 ], [ -38.52746511482782, -3.78445497005322 ], [ -38.527755096958373, -3.784486550619077 ], [ -38.527947338282516, -3.784496475045068 ], [ -38.528082362858072, -3.785015188081187 ], [ -38.528683739206734, -3.787149987620135 ], [ -38.528891928454541, -3.787896724382275 ], [ -38.529215498087858, -3.789061330095841 ], [ -38.529676378462085, -3.790756157266741 ], [ -38.530021912507443, -3.791971896126394 ], [ -38.530386899307082, -3.793234348926209 ], [ -38.530447731318077, -3.793443285091254 ], [ -38.530539919950691, -3.793760161046355 ], [ -38.53090490455407, -3.79502892503031 ], [ -38.531248523767431, -3.796305250853693 ], [ -38.53131343648711, -3.796520816049405 ], [ -38.531328495245667, -3.796558691863629 ], [ -38.531342299448994, -3.796592780233115 ], [ -38.531362383241579, -3.796633183289045 ], [ -38.531379328602583, -3.79666790449411 ], [ -38.531401298316638, -3.796706415194422 ], [ -38.531420758578477, -3.796737982131957 ], [ -38.531443362379264, -3.796765764017105 ], [ -38.531601602289783, -3.796935623253543 ], [ -38.53165087664317, -3.796986889800586 ], [ -38.531416842092419, -3.797577885633619 ], [ -38.531555380047905, -3.797629119064788 ], [ -38.531643314966018, -3.797679376555029 ], [ -38.531707514572744, -3.79772877962784 ], [ -38.531755539171677, -3.797738903774848 ], [ -38.531810271079401, -3.797738933533218 ], [ -38.531851045904347, -3.797729418669728 ], [ -38.531894058310698, -3.797713172998617 ], [ -38.531931487036069, -3.797694680282933 ], [ -38.531966695100266, -3.797651502277914 ], [ -38.531989062148874, -3.797600463266917 ], [ -38.532005880563275, -3.797482101019303 ], [ -38.532014827259111, -3.797461909814834 ], [ -38.532047234406534, -3.797434438334165 ], [ -38.532107571422351, -3.797396883993185 ], [ -38.53218691305333, -3.797329606872349 ], [ -38.532256743154932, -3.797294301682986 ], [ -38.532360634715822, -3.79727079602157 ], [ -38.532461723567707, -3.797266362889248 ], [ -38.532637091103872, -3.7972625310575 ], [ -38.532768331104073, -3.797271578295542 ], [ -38.532815240831894, -3.797277774763782 ], [ -38.532869404881914, -3.797295195202373 ], [ -38.532926353538201, -3.797327203197712 ], [ -38.532982190045459, -3.797350234556024 ], [ -38.53300229232245, -3.797356416477629 ], [ -38.533015697257298, -3.79735417973856 ], [ -38.533025751259856, -3.797351941182345 ], [ -38.533039159812077, -3.797342972421819 ], [ -38.533062071413539, -3.797317739757557 ], [ -38.533097557975815, -3.797275824102431 ], [ -38.533115163479543, -3.797251430062614 ], [ -38.533133601290274, -3.797237134508283 ], [ -38.533166698974988, -3.79722368840258 ], [ -38.533206495132319, -3.797216557197742 ], [ -38.533246704732115, -3.79721952424992 ], [ -38.533299476711555, -3.797229230131001 ], [ -38.533347223424322, -3.797236829528844 ], [ -38.53340837431805, -3.797243594683082 ], [ -38.533432247223729, -3.797248235882103 ], [ -38.533469094826991, -3.797271817924849 ], [ -38.533496302855497, -3.797305913531596 ], [ -38.533520586047629, -3.79732654350654 ], [ -38.53353691687429, -3.797335808884108 ], [ -38.533570421004335, -3.797345504313749 ], [ -38.533595131647296, -3.797350145962397 ], [ -38.53361900184774, -3.797359836172956 ], [ -38.533658789656009, -3.797368272747688 ], [ -38.533699837225818, -3.797370819482068 ], [ -38.533735440885089, -3.797370838758336 ], [ -38.533795765799063, -3.797355724362118 ], [ -38.533832635763325, -3.797337652005806 ], [ -38.533861542521947, -3.797328411118991 ], [ -38.533890866341231, -3.797322536468846 ], [ -38.533908458737052, -3.797322545989752 ], [ -38.53393736007898, -3.797323403133188 ], [ -38.53397170420449, -3.797328891487327 ], [ -38.534011911785861, -3.797335645267163 ], [ -38.534029084638831, -3.797336916813137 ], [ -38.534059243032793, -3.797336933129691 ], [ -38.534077254972672, -3.797335680619653 ], [ -38.534113281333696, -3.797328547333181 ], [ -38.53412899356735, -3.797319720050929 ], [ -38.534137166315148, -3.797310678314362 ], [ -38.534148483155889, -3.797296799635978 ], [ -38.534158119568012, -3.797292176581721 ], [ -38.534171314315991, -3.797291342215507 ], [ -38.534183877606644, -3.79729639802868 ], [ -38.534194972383652, -3.797306081314073 ], [ -38.534209204600856, -3.797323339823408 ], [ -38.534247714055475, -3.797372378201071 ], [ -38.534312183099303, -3.7974403644332 ], [ -38.534408044948904, -3.797549811658943 ], [ -38.534458287764771, -3.797589389463745 ], [ -38.534506019638791, -3.79762475839364 ], [ -38.534536174889425, -3.79763066521444 ], [ -38.534570526470631, -3.797622268750156 ], [ -38.534599854805265, -3.797607979048316 ], [ -38.534629188096389, -3.797584432814299 ], [ -38.534665234519409, -3.797539852629657 ], [ -38.534728107330942, -3.797459943807194 ], [ -38.534746968271037, -3.797437654164917 ], [ -38.534766242220037, -3.79742630428536 ], [ -38.534787186004017, -3.797425474095923 ], [ -38.534810219391382, -3.797433480817122 ], [ -38.534822778409428, -3.797446530898754 ], [ -38.53484956988644, -3.797476418729374 ], [ -38.534898127571154, -3.797534087917023 ], [ -38.534922407204057, -3.797561449880085 ], [ -38.534939154442753, -3.797575343725295 ], [ -38.534960931911058, -3.79758208751024 ], [ -38.534977268840386, -3.797579992574219 ], [ -38.53499486529698, -3.797572428547788 ], [ -38.535010791464728, -3.797555186333291 ], [ -38.535026303267898, -3.797529528863546 ], [ -38.535062353947204, -3.797476954382113 ], [ -38.535093372369076, -3.797435316722685 ], [ -38.535111810156714, -3.797421021122488 ], [ -38.535139042118388, -3.797410517032741 ], [ -38.535165852962166, -3.797404220230445 ], [ -38.535220735074518, -3.797384474526735 ], [ -38.535244616775785, -3.797372706370604 ], [ -38.535268498701463, -3.797360517462277 ], [ -38.535288611276599, -3.797347485016175 ], [ -38.535299513509607, -3.797325611816853 ], [ -38.535319245013945, -3.797241892899246 ], [ -38.535346094320786, -3.797163647591125 ], [ -38.535357004647977, -3.79712662733797 ], [ -38.535375875462876, -3.797085824614591 ], [ -38.535393056638902, -3.797071528328885 ], [ -38.535415262188408, -3.797061021517212 ], [ -38.535446269107389, -3.797040842165528 ], [ -38.535478955539112, -3.797013090189723 ], [ -38.53550535649763, -3.796989963090286 ], [ -38.535525890175769, -3.796972723348175 ], [ -38.535562339430633, -3.796958016697103 ], [ -38.535591242117874, -3.796956349274932 ], [ -38.535637735174568, -3.796958478099696 ], [ -38.535690928971874, -3.796962714292208 ], [ -38.535752918067708, -3.796968638228532 ], [ -38.535787684662104, -3.79696739471194 ], [ -38.535827483047939, -3.79695605586695 ], [ -38.53586351320731, -3.796941769728158 ], [ -38.535890747169233, -3.796927478848129 ], [ -38.535924685465552, -3.796908563311561 ], [ -38.535956111684854, -3.796887542662005 ], [ -38.536003045621172, -3.79684843804531 ], [ -38.536029444316043, -3.796829518442416 ], [ -38.536060028529974, -3.796816491615715 ], [ -38.536104850384561, -3.79681062523345 ], [ -38.536143385873693, -3.796811066737952 ], [ -38.53617814752328, -3.796819079738012 ], [ -38.536207878510055, -3.796835084309086 ], [ -38.536234256545555, -3.796854873838671 ], [ -38.536270683561668, -3.796881821555687 ], [ -38.536328874354311, -3.79694117886378 ], [ -38.536409267775873, -3.796995499099646 ], [ -38.536488415603976, -3.797029201828014 ], [ -38.536559194408568, -3.797047332235641 ], [ -38.536650502391367, -3.797056637897109 ], [ -38.536709146407617, -3.797051620423481 ], [ -38.536778266574068, -3.797038193546725 ], [ -38.536854924544038, -3.797028136730771 ], [ -38.536957545741302, -3.797030295664656 ], [ -38.537008227704511, -3.797032005916637 ], [ -38.537034200796654, -3.797025708602701 ], [ -38.537075681141808, -3.797002168803592 ], [ -38.53713099304597, -3.796961806367821 ], [ -38.537168292786468, -3.796923117256066 ], [ -38.537195123100311, -3.796880215000106 ], [ -38.537236628749824, -3.796809130263811 ], [ -38.537275610664935, -3.796757819498643 ], [ -38.5373087403159, -3.796684205747445 ], [ -38.537313370245087, -3.796642133064251 ], [ -38.537321352448807, -3.796597537671247 ], [ -38.537338117632032, -3.796577771345925 ], [ -38.537377524890381, -3.796514259002854 ], [ -38.537429487385538, -3.7964709494812 ], [ -38.53750910042767, -3.796417556759962 ], [ -38.537586615323761, -3.796371315683117 ], [ -38.53769848843843, -3.796304055450638 ], [ -38.537770967299593, -3.796275903976594 ], [ -38.537834643029896, -3.796260791077047 ], [ -38.537899999815473, -3.796235160280758 ], [ -38.53794944907245, -3.796191849374178 ], [ -38.538017342526821, -3.796122040994832 ], [ -38.538072653439308, -3.796083361492014 ], [ -38.538103235368197, -3.796074542101933 ], [ -38.538128366223461, -3.796076659333937 ], [ -38.538145955475052, -3.796082559288125 ], [ -38.538161444136769, -3.796100239165104 ], [ -38.538170646228934, -3.796124647699986 ], [ -38.53817691446951, -3.79615242067619 ], [ -38.538182342742495, -3.796184400719665 ], [ -38.538196568996057, -3.796213019465231 ], [ -38.538210801509067, -3.796229857164834 ], [ -38.538251835431687, -3.796258069527478 ], [ -38.53829413511896, -3.796269031744522 ], [ -38.538328482827801, -3.796267787897018 ], [ -38.538377912405672, -3.79626150310857 ], [ -38.538487676828268, -3.796221169747906 ], [ -38.538659872194309, -3.796143422897545 ], [ -38.538710562159416, -3.796129985983323 ], [ -38.538739465272286, -3.796127476948035 ], [ -38.538810679683344, -3.796114051016301 ], [ -38.538860117064175, -3.796093039889918 ], [ -38.538941395643164, -3.796058160991723 ], [ -38.539003398559728, -3.79603799808443 ], [ -38.539071261808751, -3.796024991088417 ], [ -38.539133670203498, -3.796030073496899 ], [ -38.539204877467348, -3.79603011158527 ], [ -38.53929871176058, -3.796014593950199 ], [ -38.539359036305342, -3.795999899892148 ], [ -38.539405544727188, -3.79597299664032 ], [ -38.53944996483358, -3.795934731969752 ], [ -38.539486430712898, -3.795888468759915 ], [ -38.53951326244303, -3.795842621150721 ], [ -38.539553093951945, -3.795768590114319 ], [ -38.539564536864944, -3.795744402949044 ], [ -38.539576576750747, -3.795718953945886 ], [ -38.539600059992225, -3.795668476272975 ], [ -38.539627724761985, -3.795631464892366 ], [ -38.539650357789476, -3.795604548866695 ], [ -38.539678852267251, -3.79558268499387 ], [ -38.539703152291281, -3.795571758427397 ], [ -38.539723260535617, -3.795566720146946 ], [ -38.539826790917651, -3.795544770365241 ], [ -38.539925176693451, -3.795523911293798 ], [ -38.54003577024438, -3.795499566729053 ], [ -38.540125421378562, -3.795473527964934 ], [ -38.540199988435738, -3.795456737683345 ], [ -38.54027539366782, -3.795439106338326 ], [ -38.540329848477548, -3.795434927870836 ], [ -38.540368382373863, -3.795438314441558 ], [ -38.54039769676934, -3.795450111131045 ], [ -38.540440405983716, -3.795478745039591 ], [ -38.540552637188107, -3.795525929103128 ], [ -38.540677435279072, -3.795571436845077 ], [ -38.540861706602094, -3.795627915814122 ], [ -38.54096641647935, -3.795640594162718 ], [ -38.541145688984514, -3.795644897171576 ], [ -38.541367688956093, -3.795643332360499 ], [ -38.541557850220521, -3.795651007095529 ], [ -38.541734629508483, -3.795617440978422 ], [ -38.541943254589142, -3.795561171146389 ], [ -38.542114171942323, -3.795523394311116 ], [ -38.542226446690421, -3.795488110799058 ], [ -38.542330330375776, -3.795478909438936 ], [ -38.542405724073937, -3.795483157001018 ], [ -38.542452630001257, -3.795496645974171 ], [ -38.542569076132558, -3.795494183288121 ], [ -38.54267045459023, -3.795469833483642 ], [ -38.542774352436162, -3.795433703946459 ], [ -38.542879103934389, -3.795367280701539 ], [ -38.542957886159748, -3.79530000216416 ], [ -38.54301571489578, -3.79525206710056 ], [ -38.54308527143391, -3.795204979754928 ], [ -38.543140575022619, -3.7951797639535 ], [ -38.543210536710689, -3.795158763438868 ], [ -38.54328761779319, -3.79514029120378 ], [ -38.543419571653878, -3.795119323524196 ], [ -38.543502090479031, -3.79511515972074 ], [ -38.543587544679667, -3.79510468618273 ], [ -38.543604301089339, -3.795101329040699 ], [ -38.543626086320941, -3.795093346288596 ], [ -38.54364326512961, -3.795083257336019 ], [ -38.543657930520716, -3.795073587804176 ], [ -38.543668824792121, -3.795066440787661 ], [ -38.543678880889615, -3.795060134831319 ], [ -38.543689776485529, -3.795050463302628 ], [ -38.543799544777826, -3.795002134927849 ], [ -38.543872024272609, -3.794972299894463 ], [ -38.543916438636657, -3.794944553762317 ], [ -38.543949966012605, -3.794910069832626 ], [ -38.543981820128437, -3.794871377494741 ], [ -38.544009484699181, -3.794834365947032 ], [ -38.544041749071397, -3.79481208315576 ], [ -38.544065631490376, -3.794798631723161 ], [ -38.544095376929, -3.794787287152007 ], [ -38.544139781351646, -3.794778474846449 ], [ -38.544163237844771, -3.794778487253476 ], [ -38.544190461926092, -3.794782709173742 ], [ -38.544220200526681, -3.794784407910275 ], [ -38.544248263663697, -3.794786105759768 ], [ -38.544274652660071, -3.794785278210325 ], [ -38.544300206349966, -3.794779821944906 ], [ -38.544324922087235, -3.794774785987816 ], [ -38.54435508660913, -3.794763020876637 ], [ -38.544379387227451, -3.794750831912084 ], [ -38.544419606514502, -3.794735285344753 ], [ -38.544476581980625, -3.794716802367111 ], [ -38.544534392091421, -3.794704210356489 ], [ -38.544571672481865, -3.79470170554483 ], [ -38.544605179112779, -3.79470677227623 ], [ -38.544632402755063, -3.794711835686614 ], [ -38.544681824090063, -3.794721118345344 ], [ -38.544729152198038, -3.794728296134817 ], [ -38.544781921379823, -3.79474347108676 ], [ -38.544809983637826, -3.794746851926144 ], [ -38.544847681355144, -3.79474729258826 ], [ -38.544887474723808, -3.794745209842418 ], [ -38.544936902009987, -3.794743132181667 ], [ -38.54496957663855, -3.794737258903598 ], [ -38.544993039737811, -3.794724648726262 ], [ -38.545008965890737, -3.794706985543159 ], [ -38.545044177266739, -3.794656093118571 ], [ -38.545069330133586, -3.794616134939268 ], [ -38.545086109421533, -3.794569019552126 ], [ -38.545108348489265, -3.79449413740216 ], [ -38.545133104928681, -3.794411262288163 ], [ -38.545157860262293, -3.794330490933035 ], [ -38.545167088072191, -3.794306092175836 ], [ -38.545181761356538, -3.794281275539693 ], [ -38.545198944314151, -3.794263192262487 ], [ -38.545219896402799, -3.794246373230071 ], [ -38.545250483502841, -3.794227455519446 ], [ -38.545288610404953, -3.794208121032951 ], [ -38.545342655743021, -3.794185849675889 ], [ -38.545369053521561, -3.794168192007293 ], [ -38.545543793081052, -3.794029435925293 ], [ -38.545563488780708, -3.794012195468354 ], [ -38.545598267599857, -3.793987389422202 ], [ -38.54564101079869, -3.793951227262658 ], [ -38.545694642961905, -3.793918016104899 ], [ -38.545728162540051, -3.793898258415594 ], [ -38.545780950374265, -3.79387766937344 ], [ -38.545969068035596, -3.793787727497764 ], [ -38.546007192709034, -3.793772600496272 ], [ -38.546050339815629, -3.793765049678061 ], [ -38.546079242198815, -3.793763802640699 ], [ -38.546103956804529, -3.793760870388376 ], [ -38.546129508921759, -3.79375835932852 ], [ -38.546152131614306, -3.793750797698617 ], [ -38.546164703728195, -3.793739023254494 ], [ -38.54618524240945, -3.793711685170756 ], [ -38.546202007348398, -3.793691918640362 ], [ -38.546217511958503, -3.793679304234411 ], [ -38.546234271847865, -3.793669215002369 ], [ -38.546253124747629, -3.79366165138516 ], [ -38.546311354518309, -3.793647376455373 ], [ -38.546416078141711, -3.793633546737776 ], [ -38.546466342224775, -3.793633152430599 ], [ -38.546542151622361, -3.793643290364641 ], [ -38.5466020445702, -3.793652578416737 ], [ -38.546642253470132, -3.79365680708597 ], [ -38.546674089445034, -3.793652616304942 ], [ -38.546733160450607, -3.793631609751598 ], [ -38.546769193191409, -3.793611853338877 ], [ -38.546846704358657, -3.793571501866281 ], [ -38.546911231565176, -3.793529460552825 ], [ -38.546924221655459, -3.793519369324734 ], [ -38.546973667506009, -3.79348152760265 ], [ -38.547024364690571, -3.793453784589826 ], [ -38.547072960534578, -3.793439504543428 ], [ -38.547124483835653, -3.793434061830385 ], [ -38.547177678217956, -3.793437035038083 ], [ -38.547225841616317, -3.793448841398912 ], [ -38.547257249520527, -3.793462321967466 ], [ -38.547290754380946, -3.79347075460832 ], [ -38.547315886092157, -3.793471188557314 ], [ -38.547350235909704, -3.793465736813078 ], [ -38.547414748202421, -3.793452306608167 ], [ -38.547506911963488, -3.793426689094237 ], [ -38.54756221402571, -3.793403997492254 ], [ -38.54760830060728, -3.793382142555355 ], [ -38.547651036700572, -3.793359444353159 ], [ -38.5476891676782, -3.793332115456793 ], [ -38.547752859726224, -3.793285024606815 ], [ -38.547812367924898, -3.793228675005214 ], [ -38.5478861275976, -3.793152978263647 ], [ -38.547938520970575, -3.793085264606576 ], [ -38.547957804080326, -3.79305582205155 ], [ -38.54797289153985, -3.793039841371848 ], [ -38.547986301788697, -3.793027225831414 ], [ -38.548004737546641, -3.79301629593473 ], [ -38.548036158784839, -3.793004110587377 ], [ -38.548086010970444, -3.792990251889636 ], [ -38.548115752156278, -3.792986901458335 ], [ -38.548127480385169, -3.792986907604922 ], [ -38.548252722863943, -3.792983607213646 ], [ -38.548290841356085, -3.792980261165284 ], [ -38.548336497021232, -3.79298154733966 ], [ -38.548376705908595, -3.792985775925366 ], [ -38.548416912394252, -3.792994632784268 ], [ -38.548455442982799, -3.793004330268487 ], [ -38.548551766511302, -3.793034254127714 ], [ -38.548652695602293, -3.793067967159471 ], [ -38.548696671884521, -3.793076825979492 ], [ -38.54873143705754, -3.793078106433146 ], [ -38.54878170396038, -3.793072242207168 ], [ -38.54882820260174, -3.793063430739514 ], [ -38.548861716415239, -3.793054612475175 ], [ -38.548974414328157, -3.793010071679062 ], [ -38.548984052594257, -3.793001661672411 ], [ -38.548994109725562, -3.79299325188471 ], [ -38.549010448964729, -3.792986528392452 ], [ -38.549024271740024, -3.79298611486996 ], [ -38.549039348712391, -3.792990330279895 ], [ -38.549059030150886, -3.793000438631621 ], [ -38.549147798213404, -3.793061073402377 ], [ -38.549211868924743, -3.793091401077944 ], [ -38.549284321527566, -3.793112897329803 ], [ -38.549309032627157, -3.79311669701923 ], [ -38.549338773381784, -3.793114188050318 ], [ -38.549363909667605, -3.793105786139672 ], [ -38.549385696772951, -3.793094016458296 ], [ -38.549420892583761, -3.793072576477452 ], [ -38.549446447733274, -3.793064174783046 ], [ -38.549466973010979, -3.793062502498684 ], [ -38.549495456514009, -3.793061255124491 ], [ -38.549529561633612, -3.7930544610294 ], [ -38.549639644859631, -3.793016612439347 ], [ -38.549796911730404, -3.793528840181037 ], [ -38.549906310845586, -3.793885159429006 ], [ -38.550332516684342, -3.795279142521683 ], [ -38.550767967283363, -3.796691891124275 ], [ -38.551193362857546, -3.798086448972105 ], [ -38.551617728979323, -3.799478236906888 ], [ -38.55204703248296, -3.800897314180196 ], [ -38.552517769016227, -3.80242655522691 ], [ -38.552639889577321, -3.802820656721603 ], [ -38.552957565747064, -3.803896485440886 ], [ -38.553199847286621, -3.804693489604387 ], [ -38.553764366193818, -3.806644772571921 ], [ -38.554435584210971, -3.808877182317277 ], [ -38.554578396944898, -3.80935216315876 ], [ -38.554614978346507, -3.809472771433531 ], [ -38.554683374212175, -3.809449423692014 ], [ -38.554879495802339, -3.809331012784936 ], [ -38.55492273188392, -3.809304534307523 ], [ -38.555068189227761, -3.809163083655358 ], [ -38.555463006036547, -3.808770849385736 ], [ -38.555619694436643, -3.808620382850252 ], [ -38.555810638379612, -3.80844174155624 ], [ -38.555984178988417, -3.808267038154049 ], [ -38.556268353800832, -3.807990335226966 ], [ -38.556504230985659, -3.807758715159145 ], [ -38.556894549528629, -3.807378882422169 ], [ -38.557048987790267, -3.807236872136331 ], [ -38.557289917967417, -3.807002435160875 ], [ -38.557517931685325, -3.806779268429051 ], [ -38.557703269887341, -3.806584272104847 ], [ -38.557874602384423, -3.806335139015586 ], [ -38.558008122232287, -3.806130589379051 ], [ -38.55899599747908, -3.804486355681824 ], [ -38.559747064661806, -3.803277782424258 ], [ -38.559854921283481, -3.803116576758386 ], [ -38.559947061851496, -3.80295310763497 ], [ -38.56001674930716, -3.80278962701033 ], [ -38.560066200384917, -3.802682520950451 ], [ -38.560093183516464, -3.802604723555647 ], [ -38.56012691228019, -3.802507758734476 ], [ -38.560220821274626, -3.802177391086964 ], [ -38.560254506914362, -3.802075276480418 ], [ -38.560303450244362, -3.801952457467987 ], [ -38.560334372034667, -3.801856055046082 ], [ -38.560379901150142, -3.801734286869226 ], [ -38.560424874921232, -3.801600677569191 ], [ -38.560474892046109, -3.801483986320363 ], [ -38.560528265123104, -3.801390978451732 ], [ -38.560578823851934, -3.801313193072164 ], [ -38.560690036586891, -3.801174542934771 ], [ -38.561139449431508, -3.800602990818507 ], [ -38.561222761101078, -3.800497036983015 ], [ -38.561440402337489, -3.800217806373994 ], [ -38.561775822154473, -3.799787467017234 ], [ -38.561807766715425, -3.799674777535418 ], [ -38.561871332818932, -3.799450537959704 ], [ -38.561959065319456, -3.7991553503708 ], [ -38.561982946632853, -3.799074998492803 ], [ -38.562072564463968, -3.798760131385659 ], [ -38.562213221196366, -3.798265941443321 ], [ -38.562319542873965, -3.797879540825952 ], [ -38.562351956730694, -3.797767847343704 ], [ -38.562397893544563, -3.79762744432921 ], [ -38.562457661257589, -3.797470638964563 ], [ -38.56254857216593, -3.79722990915866 ], [ -38.56260959959809, -3.79706679311823 ], [ -38.562704427136964, -3.796846261424442 ], [ -38.562833522204564, -3.796588579427491 ], [ -38.563006154808733, -3.796250154702312 ], [ -38.563101434650704, -3.796066859825595 ], [ -38.563117471721924, -3.796036258163442 ], [ -38.563130048059307, -3.796015752822614 ], [ -38.563144508824607, -3.795996195131732 ], [ -38.56319637889338, -3.795926166024071 ], [ -38.5634952337046, -3.795561786626002 ], [ -38.563472573714286, -3.79550124007242 ], [ -38.563351937501317, -3.795193187596856 ], [ -38.56302249538134, -3.794365504247016 ], [ -38.562833195218047, -3.793893743922483 ], [ -38.562567971170083, -3.793222718421139 ], [ -38.562554628804172, -3.793100693226963 ], [ -38.562073584913179, -3.791804529271368 ], [ -38.561715501282364, -3.7908803734442 ], [ -38.56122598854612, -3.789580147894548 ], [ -38.560628997066836, -3.787994436538026 ], [ -38.560659136893406, -3.787997220805671 ], [ -38.560693453317725, -3.787990362812461 ], [ -38.560743708125933, -3.787988036252973 ], [ -38.560791707915875, -3.787992674465344 ], [ -38.560853400331588, -3.7879904441845 ], [ -38.560903747480637, -3.787983594336602 ], [ -38.560965446871855, -3.787967522673412 ], [ -38.561018052500472, -3.787946832589181 ], [ -38.561063803109661, -3.787946855850073 ], [ -38.561123237089888, -3.787958375312811 ], [ -38.561175735247396, -3.787972243375995 ], [ -38.56121922742647, -3.787986016392606 ], [ -38.561246605745715, -3.787986030306566 ], [ -38.561267242256818, -3.78796080063321 ], [ -38.561285534922135, -3.787940093094481 ], [ -38.561326716739515, -3.787891895361518 ], [ -38.561367881198244, -3.787878165363732 ], [ -38.56143759420879, -3.787865535464143 ], [ -38.561517579231648, -3.787842688057774 ], [ -38.561675383315183, -3.787805948308289 ], [ -38.561796531640162, -3.787771632521616 ], [ -38.56191884387156, -3.787750977753903 ], [ -38.562234356053366, -3.787689168204416 ], [ -38.562362337429768, -3.787677743832527 ], [ -38.56260813604294, -3.787629649716681 ], [ -38.562701903738215, -3.78759984325236 ], [ -38.562818470513236, -3.787542456024855 ], [ -38.562951066815259, -3.787487429023606 ], [ -38.563058542061256, -3.787420900036936 ], [ -38.563127188682188, -3.787379591558132 ], [ -38.56317979763913, -3.787352116342348 ], [ -38.56326436649757, -3.78734754532513 ], [ -38.563342094225014, -3.787336095382196 ], [ -38.563427836177461, -3.787326911147728 ], [ -38.563503230358542, -3.787299447430115 ], [ -38.563580963835584, -3.787276508215291 ], [ -38.563645005846112, -3.787258175868901 ], [ -38.563715894740859, -3.787235233182388 ], [ -38.563793629340772, -3.787210032283769 ], [ -38.563880552387559, -3.787180222223702 ], [ -38.563935411686607, -3.78715500975803 ], [ -38.564013147451917, -3.787127456708062 ], [ -38.564110337348396, -3.787097651806414 ], [ -38.564133206893089, -3.787109152603025 ], [ -38.56415833025136, -3.787116040741964 ], [ -38.564183466234056, -3.787097688715871 ], [ -38.564210947219564, -3.787072462413559 ], [ -38.564249775788689, -3.787047241836149 ], [ -38.564288690978003, -3.78702889675918 ], [ -38.564320666962246, -3.78701968530244 ], [ -38.564343533070996, -3.787038061550709 ], [ -38.564386943218253, -3.787035821785156 ], [ -38.564423504222937, -3.787042715685842 ], [ -38.564476094814076, -3.787051879333554 ], [ -38.564526348407689, -3.787051904676517 ], [ -38.564578941261438, -3.787056544990941 ], [ -38.564629284916194, -3.787056570373356 ], [ -38.564677287005928, -3.787056594572458 ], [ -38.564725291400684, -3.787052004975066 ], [ -38.564768703854355, -3.787045151396418 ], [ -38.564815533986966, -3.787047527127931 ], [ -38.564852190795278, -3.787042931804788 ], [ -38.564897858186484, -3.787029203896343 ], [ -38.564943612249145, -3.787022261021883 ], [ -38.564998465779226, -3.78700853773563 ], [ -38.565037359188985, -3.787033797499795 ], [ -38.565060131823323, -3.787059049143307 ], [ -38.565096689360864, -3.787072908940574 ], [ -38.565131002302053, -3.787072926220395 ], [ -38.565169914047615, -3.787061456559637 ], [ -38.565204232721527, -3.787049984584464 ], [ -38.565247647476028, -3.78703851718714 ], [ -38.565281962718316, -3.787033920666632 ], [ -38.565313924932127, -3.787052301470503 ], [ -38.565350477916979, -3.787075298379332 ], [ -38.565389375898818, -3.787091421007216 ], [ -38.565455644203936, -3.787123569990908 ], [ -38.565485352618893, -3.78714656345054 ], [ -38.565515051878158, -3.787187921619918 ], [ -38.565521878141219, -3.787224654485035 ], [ -38.565521857526015, -3.787265997700592 ], [ -38.565534357584838, -3.787302733420448 ], [ -38.565575500230807, -3.787332608090665 ], [ -38.565618981018488, -3.78736935939539 ], [ -38.565650934097377, -3.787406104899795 ], [ -38.565676041426826, -3.787445199090997 ], [ -38.565692052716962, -3.787484198240025 ], [ -38.565705725823491, -3.787516411219431 ], [ -38.565737686937304, -3.787537053674362 ], [ -38.565765153019775, -3.787541681283134 ], [ -38.565824592797796, -3.787541711173499 ], [ -38.565870343415135, -3.787541734177239 ], [ -38.565929786619392, -3.787534888601866 ], [ -38.565989232121474, -3.787523429227739 ], [ -38.566057773709673, -3.787511974420708 ], [ -38.566119469589957, -3.787502777832782 ], [ -38.566167473966111, -3.787498278623802 ], [ -38.566226912618362, -3.787500570150185 ], [ -38.566293291586419, -3.787491466368711 ], [ -38.56637444962297, -3.787463914820182 ], [ -38.566417862094042, -3.787457061159577 ], [ -38.566486394537712, -3.787463971030157 ], [ -38.566561861623995, -3.787470884376436 ], [ -38.566639583638782, -3.787470923387091 ], [ -38.566712681762795, -3.787532929685497 ], [ -38.566738297254709, -3.787554454071135 ], [ -38.566788123129228, -3.787591589890658 ], [ -38.566802157052834, -3.787593574775333 ], [ -38.566856691942057, -3.787601824787382 ], [ -38.566918431236601, -3.787610019978026 ], [ -38.566971375534891, -3.787624924808216 ], [ -38.567063114399538, -3.787659534559032 ], [ -38.567112247343033, -3.787703998297406 ], [ -38.567158986117235, -3.787773131179728 ], [ -38.567238831818635, -3.787868299592204 ], [ -38.567295659791675, -3.787933397984839 ], [ -38.567317318683088, -3.787953698767629 ], [ -38.567340123188053, -3.787972691486338 ], [ -38.56736399513445, -3.787990311035275 ], [ -38.567388852691138, -3.78800649701589 ], [ -38.567414610648235, -3.788021193943944 ], [ -38.567441180709459, -3.788034351439255 ], [ -38.567455675663155, -3.788039947210174 ], [ -38.567470746978685, -3.788043704563798 ], [ -38.567486164545663, -3.788045566132439 ], [ -38.567501692966978, -3.788045503493504 ], [ -38.567593850002602, -3.788038387552291 ], [ -38.567620991859819, -3.788035236008415 ], [ -38.567647920361033, -3.788030591358853 ], [ -38.567674554167496, -3.788024467632911 ], [ -38.567688522134496, -3.788021330460734 ], [ -38.567702663579489, -3.78801911203926 ], [ -38.567716918678286, -3.78801782175338 ], [ -38.56773122712589, -3.788017465061535 ], [ -38.567745528391583, -3.78801804347268 ], [ -38.567759761975083, -3.788019554539938 ], [ -38.567773867662424, -3.788021991870847 ], [ -38.567797641696885, -3.788027748929657 ], [ -38.567820976020833, -3.788035100464819 ], [ -38.567843764783696, -3.788044013127859 ], [ -38.567865904609626, -3.788054446488609 ], [ -38.567883248239873, -3.788062602905488 ], [ -38.567901110010567, -3.788069539826227 ], [ -38.567919405061971, -3.788075224294059 ], [ -38.567938046475888, -3.788079629302533 ], [ -38.568067454155944, -3.788105540740676 ], [ -38.568096432958278, -3.788110453785839 ], [ -38.568125651219212, -3.788113628094725 ], [ -38.568155005641991, -3.788115052444959 ], [ -38.56824506238484, -3.788113723729257 ], [ -38.568334832611733, -3.788106391966627 ], [ -38.568371082799302, -3.788103269703493 ], [ -38.568407451830282, -3.788102249807857 ], [ -38.568443818968895, -3.788103335665586 ], [ -38.568480063485673, -3.788106523671975 ], [ -38.568537701827161, -3.788114678014504 ], [ -38.568594889374225, -3.788125574083183 ], [ -38.568741703568485, -3.788151892777861 ], [ -38.568757498171493, -3.788154599174802 ], [ -38.568773124568338, -3.788158156923967 ], [ -38.568788537315442, -3.788162555679026 ], [ -38.568803691590567, -3.78816778264781 ], [ -38.568942307797457, -3.788219929387206 ], [ -38.569220902455477, -3.788321276095211 ], [ -38.569358822703535, -3.788372147729481 ], [ -38.569422919759482, -3.788396250655762 ], [ -38.569531223399068, -3.788439778202148 ], [ -38.569670567444781, -3.78850102502461 ], [ -38.569699572952722, -3.788514003501736 ], [ -38.569751968642372, -3.788534368641131 ], [ -38.569883538626456, -3.788583892263974 ], [ -38.570042365812057, -3.788654290865734 ], [ -38.5700658174325, -3.788665382207235 ], [ -38.570097759532793, -3.788679274855225 ], [ -38.570130179012779, -3.788692002896659 ], [ -38.570245298865764, -3.78873847384379 ], [ -38.570262137640235, -3.788747462494825 ], [ -38.570278392963587, -3.788757476444863 ], [ -38.570294003043486, -3.788768477627445 ], [ -38.570376710933409, -3.788830912837164 ], [ -38.570403468804479, -3.788850568502512 ], [ -38.570453890155406, -3.788884427882941 ], [ -38.570463299424134, -3.788890673910727 ], [ -38.570472427181883, -3.788897328113492 ], [ -38.570481969010146, -3.788905136546282 ], [ -38.570490962088186, -3.78891357660563 ], [ -38.570499365063633, -3.78892260948204 ], [ -38.57050713929749, -3.788932193640182 ], [ -38.570529741496287, -3.788960352683979 ], [ -38.570553918040893, -3.788987159775257 ], [ -38.570569656156827, -3.789003055202076 ], [ -38.570603457598629, -3.789037264512384 ], [ -38.570635951456445, -3.789072729245358 ], [ -38.570648971498983, -3.789088552593716 ], [ -38.570660878446851, -3.789105237175367 ], [ -38.570685247714913, -3.789141666469213 ], [ -38.570739156141016, -3.789220041328119 ], [ -38.57077852169386, -3.789273885125107 ], [ -38.570819995635183, -3.789326107467725 ], [ -38.57083803632424, -3.789347547381651 ], [ -38.570933822842726, -3.789461573661861 ], [ -38.570960114077351, -3.789493643473001 ], [ -38.571004486116188, -3.789548601052464 ], [ -38.57101972549308, -3.789568810539035 ], [ -38.571033796116396, -3.789589857846223 ], [ -38.571046652446924, -3.789611674855103 ], [ -38.571055981225292, -3.789629781747698 ], [ -38.571083797728761, -3.789684900491956 ], [ -38.571113565743495, -3.789738526781713 ], [ -38.57114625988504, -3.789792290588882 ], [ -38.571180944330152, -3.789844780886157 ], [ -38.571202613325283, -3.789877576076254 ], [ -38.571228347580721, -3.789920392375654 ], [ -38.571273636077329, -3.789994331247609 ], [ -38.571323588434986, -3.790065174404881 ], [ -38.571333655886654, -3.79007834543863 ], [ -38.571353888408105, -3.790106278851412 ], [ -38.571372301462652, -3.790135454617865 ], [ -38.571443930441205, -3.790248907425574 ], [ -38.57145347157072, -3.790262874139959 ], [ -38.57149908788594, -3.790325006523111 ], [ -38.571547257914304, -3.790387126196306 ], [ -38.571581608451027, -3.790427897845629 ], [ -38.571607590572739, -3.790457633861219 ], [ -38.571624733966615, -3.790475864014234 ], [ -38.571642897493284, -3.790493068527872 ], [ -38.571662020442808, -3.790509189897576 ], [ -38.571697573666064, -3.790536049728491 ], [ -38.571734403603941, -3.79056110785461 ], [ -38.5717604272009, -3.790577077031497 ], [ -38.571787340417693, -3.790591481734678 ], [ -38.571815050151187, -3.790604272132819 ], [ -38.571843460542844, -3.79061540397893 ], [ -38.571872473310187, -3.790624838763682 ], [ -38.571913854473102, -3.790638086315906 ], [ -38.571955275987122, -3.790653684907222 ], [ -38.571995858814439, -3.790671368614881 ], [ -38.572040563224142, -3.790693954915845 ], [ -38.572080812917029, -3.790725351768599 ], [ -38.572265615288778, -3.790781125110293 ], [ -38.572456920718686, -3.790838861026736 ], [ -38.572646086094856, -3.790895951027832 ], [ -38.572832124964386, -3.790952097404714 ], [ -38.573023553436009, -3.791009870311118 ], [ -38.573218741849622, -3.791067286285652 ], [ -38.574422312808316, -3.791458971331882 ], [ -38.574684722760558, -3.791455998197318 ], [ -38.57465735501281, -3.790828384577587 ], [ -38.578135764897034, -3.790713842026133 ], [ -38.578101277260089, -3.790065396807408 ], [ -38.578438458045056, -3.790421915288371 ], [ -38.579366397643426, -3.791424331094883 ], [ -38.5798354164545, -3.791933153150517 ], [ -38.580321265669937, -3.792462281828629 ], [ -38.581601538085422, -3.793843211098466 ], [ -38.583012129781764, -3.795358221947579 ], [ -38.583148964679651, -3.795230484037093 ], [ -38.583517575597504, -3.794874940795032 ], [ -38.583624182737275, -3.794768488870515 ], [ -38.583700555109111, -3.794698233495275 ], [ -38.584179481201843, -3.794241032398552 ], [ -38.584757555769102, -3.794863291251616 ], [ -38.585650356390438, -3.79584728045681 ], [ -38.586369826265333, -3.796626906378582 ], [ -38.586700837861649, -3.79579053939303 ], [ -38.587078671921084, -3.794868808151837 ], [ -38.587432666715983, -3.793960564796031 ], [ -38.587773186149946, -3.793111199661356 ], [ -38.588107028681186, -3.792254545985768 ], [ -38.58861850194139, -3.791002594007745 ], [ -38.588019398752628, -3.790375177638942 ], [ -38.586933647783177, -3.78926121858751 ], [ -38.585687745044389, -3.787981283624306 ], [ -38.585452354771576, -3.787780434340013 ], [ -38.585159876055926, -3.787531887440143 ], [ -38.584825835027281, -3.787322784348269 ], [ -38.584644296775323, -3.78691321717859 ], [ -38.584466505260451, -3.786559706307181 ], [ -38.584270400098163, -3.786290145473895 ], [ -38.583987138318548, -3.785861048086231 ], [ -38.583707363755472, -3.785450375371677 ], [ -38.583448848897071, -3.785093815183317 ], [ -38.583250217378193, -3.784866083933115 ], [ -38.582867938473612, -3.784421912999405 ], [ -38.582671900015221, -3.784197628585507 ], [ -38.582582888715983, -3.784094277251024 ], [ -38.582462617750686, -3.783954167118172 ], [ -38.582334700041748, -3.783809276928083 ], [ -38.582018620421103, -3.783440605907333 ], [ -38.581825761089902, -3.783220583019935 ], [ -38.581688005121912, -3.783062092501559 ], [ -38.581636876497988, -3.783003224608741 ], [ -38.581389709946727, -3.782720338333429 ], [ -38.58131791757485, -3.782638562181531 ], [ -38.581201088329074, -3.782507772630511 ], [ -38.580935114355235, -3.782200647612853 ], [ -38.580750202660496, -3.781990479958924 ], [ -38.580477074401642, -3.781679091226359 ], [ -38.580282097527821, -3.781454540649343 ], [ -38.580201827385451, -3.781364506295827 ], [ -38.58012791718096, -3.781277670126772 ], [ -38.579828972667165, -3.780922597563261 ], [ -38.579422042221161, -3.780458135562149 ], [ -38.579265258274312, -3.780274882519587 ], [ -38.579047109836168, -3.780029159135359 ], [ -38.578659230346176, -3.779598861589983 ], [ -38.578505360321842, -3.779413721499912 ], [ -38.578086943055375, -3.778942202374423 ], [ -38.578029795855485, -3.778877260578986 ], [ -38.577910164961452, -3.778743977492721 ], [ -38.577730244949514, -3.778534506353659 ], [ -38.577708390674665, -3.77850727075992 ], [ -38.577681766386085, -3.778477836205747 ], [ -38.577512949506165, -3.778282798431239 ], [ -38.577409700850211, -3.778165781596962 ], [ -38.577310889230333, -3.778050709685736 ], [ -38.577196181015601, -3.777921252043754 ], [ -38.577085447568507, -3.777794192658114 ], [ -38.577029550576512, -3.7777309955252 ], [ -38.576841529516784, -3.77751416924428 ], [ -38.576737153986905, -3.777394568169073 ], [ -38.576638076061322, -3.777282424911734 ], [ -38.57643621268128, -3.777051480095497 ], [ -38.576279119700381, -3.776871545646491 ], [ -38.576202801345261, -3.776780015217969 ], [ -38.575961613421534, -3.776512872231376 ], [ -38.575762671491006, -3.776287709812635 ], [ -38.575140854298866, -3.775595679891377 ], [ -38.574869481434149, -3.775294188575248 ], [ -38.574633530479034, -3.775036583179105 ], [ -38.573214924692877, -3.773479485319077 ], [ -38.57284404, -3.773093039999968 ], [ -38.572158150522824, -3.77236494377367 ], [ -38.571730848029731, -3.771923125743748 ], [ -38.571284108268856, -3.771470578703693 ], [ -38.570857573515021, -3.771026994710746 ], [ -38.570607231449344, -3.770596670124303 ], [ -38.570453792935545, -3.770255124872397 ], [ -38.570414283158676, -3.770178332357188 ], [ -38.570380518323205, -3.770091391224682 ], [ -38.569817191542654, -3.76787933302186 ], [ -38.569688335151547, -3.767614367536173 ], [ -38.569361774623587, -3.767196697624025 ], [ -38.569066683495684, -3.766902855942947 ], [ -38.568284432888909, -3.76636114670533 ], [ -38.568029454432974, -3.766101877059402 ], [ -38.56750240212812, -3.76537601482216 ], [ -38.566708309107369, -3.7641390894654 ], [ -38.572396200208772, -3.761097156677294 ], [ -38.572372368962675, -3.76104861936068 ], [ -38.572224607638724, -3.76076338391852 ], [ -38.572123915972703, -3.760568033834459 ], [ -38.572076846403185, -3.760478148460329 ], [ -38.572001775412204, -3.760330737488099 ], [ -38.571993402131298, -3.760314384195338 ], [ -38.571950536230773, -3.760230665673459 ], [ -38.571926110994752, -3.76017733540552 ], [ -38.571886199092155, -3.760085057222242 ], [ -38.571861774155515, -3.76003112787194 ], [ -38.571837348344772, -3.759978995765072 ], [ -38.571809344015072, -3.759927460977412 ], [ -38.571780145483913, -3.759878921008319 ], [ -38.571719361483282, -3.759784835299789 ], [ -38.571626394783401, -3.759647000797249 ], [ -38.571566206600167, -3.759554113537449 ], [ -38.571475030522372, -3.75941328449854 ], [ -38.571362399154438, -3.759243688975027 ], [ -38.571276584625579, -3.759114844191 ], [ -38.57110018994171, -3.758846368791051 ], [ -38.570947036247659, -3.758613849708623 ], [ -38.570892807220858, -3.75853055065665 ], [ -38.57086301328944, -3.758480213128613 ], [ -38.570835008179841, -3.758430475563557 ], [ -38.570805809160966, -3.75838313373439 ], [ -38.570742320015412, -3.758286303215357 ], [ -38.570684837058614, -3.758196759757456 ], [ -38.570566248727907, -3.758013981433153 ], [ -38.570412500108233, -3.75777906566619 ], [ -38.570265906245815, -3.757547747900988 ], [ -38.570112162471538, -3.757303246798458 ], [ -38.569951264691085, -3.757053949492228 ], [ -38.569789181887202, -3.756789075466035 ], [ -38.569592527966783, -3.756487041288129 ], [ -38.570167014578082, -3.75611289929708 ], [ -38.569887535785675, -3.755667044776652 ], [ -38.569733200718687, -3.755412958053601 ], [ -38.569596141047029, -3.75519841921599 ], [ -38.569490672069641, -3.755018343154606 ], [ -38.569438534624439, -3.754926957482981 ], [ -38.569073837053025, -3.754356451741386 ], [ -38.568901619335676, -3.754086180876364 ], [ -38.568708542681243, -3.753787742842597 ], [ -38.5685160678103, -3.753478521614878 ], [ -38.568296775684459, -3.753130346791904 ], [ -38.567966061065967, -3.752582922194882 ], [ -38.56793448014362, -3.752528989229149 ], [ -38.567717864596851, -3.752196092204151 ], [ -38.567216975782912, -3.751378540750749 ], [ -38.566971244418781, -3.751529094025928 ], [ -38.566609142254237, -3.751748776839878 ], [ -38.566116983430923, -3.752067243125003 ], [ -38.564146560116242, -3.753332117941077 ], [ -38.563606380942296, -3.753673024096522 ], [ -38.563281257549683, -3.753881341304159 ], [ -38.562872617025903, -3.754141137413447 ], [ -38.562463378714028, -3.754403329323938 ], [ -38.561973009150535, -3.754715802992697 ], [ -38.561486815025205, -3.755025882122133 ], [ -38.560979740227729, -3.755350927426422 ], [ -38.560802264728359, -3.755463165547007 ], [ -38.560739328475073, -3.755502074040436 ], [ -38.560692497588832, -3.755534101227149 ], [ -38.5606477530877, -3.75556792670546 ], [ -38.560595248762588, -3.755615826658967 ], [ -38.560267079512059, -3.75594934886265 ], [ -38.560014688370266, -3.756203830581472 ], [ -38.559873874371107, -3.756345741488823 ], [ -38.559684727772684, -3.756540946087064 ], [ -38.559463960043985, -3.756763093252781 ], [ -38.559094068959972, -3.757131593642161 ], [ -38.559228092223883, -3.757270456583531 ], [ -38.559504758657276, -3.757563685021195 ], [ -38.55936756544606, -3.757693737660928 ], [ -38.558924419534485, -3.758119516855354 ], [ -38.558521008274958, -3.758505987542887 ], [ -38.558155469122056, -3.758805219200578 ], [ -38.557758126052548, -3.759124327121057 ], [ -38.557411494094886, -3.75940392132866 ], [ -38.557054413194123, -3.759696789865866 ], [ -38.556658565865931, -3.760015797893085 ], [ -38.556425083519521, -3.7602085745019 ], [ -38.556227058796871, -3.75998743464221 ], [ -38.555975428228052, -3.759711565995475 ], [ -38.555871122258615, -3.759595291194226 ], [ -38.555796619050859, -3.759510183770455 ], [ -38.555577873495686, -3.759268642746809 ], [ -38.555486681090692, -3.759165554372665 ], [ -38.555376416407348, -3.759039691199544 ], [ -38.555225025322535, -3.758868276903437 ], [ -38.555109394905976, -3.758739415560923 ], [ -38.55499137965294, -3.758609354826755 ], [ -38.554916876308091, -3.758524846425761 ], [ -38.554847141804856, -3.758444534020265 ], [ -38.554763100226594, -3.758352831768388 ], [ -38.554662966727683, -3.758241351632423 ], [ -38.554524094496784, -3.758080128011801 ], [ -38.554288661652492, -3.757818209476193 ], [ -38.554167667231724, -3.757683354490655 ], [ -38.553998395594952, -3.757492161231136 ], [ -38.553876804285544, -3.757358504069026 ], [ -38.553675944739339, -3.757128953449135 ], [ -38.553593694489884, -3.757033358009624 ], [ -38.553515614114531, -3.756947050443112 ], [ -38.553776492313261, -3.756718335652279 ], [ -38.554149991962419, -3.756377051402251 ], [ -38.554750214820942, -3.755830997533121 ], [ -38.555188151708357, -3.755429837671821 ], [ -38.555380355048818, -3.755256330385755 ], [ -38.555281771288833, -3.755155926480337 ], [ -38.555408844617467, -3.75502454548665 ], [ -38.551948621326837, -3.751593521315916 ], [ -38.551222995397133, -3.750846698357802 ], [ -38.55117649838278, -3.750798843010793 ], [ -38.550495884572769, -3.750117751529451 ], [ -38.549807129153812, -3.749437088930395 ], [ -38.548922709598145, -3.748566079642115 ], [ -38.548323680408615, -3.747971661287791 ], [ -38.547666592767484, -3.747326819399035 ], [ -38.546547709982221, -3.74620698115029 ], [ -38.545412990738271, -3.745083155136625 ], [ -38.545155699429927, -3.744829729486748 ], [ -38.544935379629841, -3.744560409431572 ], [ -38.5447947638323, -3.744393519501895 ], [ -38.544660973060033, -3.744218123752175 ], [ -38.544225611884798, -3.743684790709196 ], [ -38.543843650068119, -3.743271280168055 ], [ -38.543618678127125, -3.743071799847046 ], [ -38.543328344657674, -3.742896598433538 ], [ -38.543254522261712, -3.742696313597381 ], [ -38.543150432205074, -3.742313006430952 ], [ -38.543087275184995, -3.74191115478487 ], [ -38.543072814459762, -3.741794447425246 ], [ -38.543078292750174, -3.741412523672106 ], [ -38.543128697223082, -3.740948403082123 ], [ -38.543213462813661, -3.740410036919489 ], [ -38.543322039564863, -3.739776201504343 ], [ -38.543401472280429, -3.73933861869664 ], [ -38.54351268750851, -3.738707436855564 ], [ -38.543642419602577, -3.738007305648007 ], [ -38.543613879593273, -3.737999126442605 ], [ -38.542650380373487, -3.737612479961921 ], [ -38.541639365712342, -3.737210872503649 ], [ -38.541629481398957, -3.737210537002432 ], [ -38.541619592830664, -3.737210370695166 ], [ -38.541609702877132, -3.737210373630132 ], [ -38.541599814408379, -3.737210545806438 ], [ -38.541589930294094, -3.737210887174125 ], [ -38.54158005340264, -3.737211397634165 ], [ -38.541570186600239, -3.737212077038357 ], [ -38.541560332750315, -3.737212925189632 ], [ -38.541550494712411, -3.737213941841751 ], [ -38.54154067534153, -3.737215126699756 ], [ -38.541530877487226, -3.737216479419815 ], [ -38.541521103992892, -3.737217999609286 ], [ -38.541511357694773, -3.737219686827051 ], [ -38.541501641421227, -3.737221540583498 ], [ -38.541491957991951, -3.737223560340613 ], [ -38.538801423452242, -3.737747683932812 ], [ -38.538603682223467, -3.737786640757307 ], [ -38.538593384419485, -3.737788463333558 ], [ -38.53858319468533, -3.737790820482314 ], [ -38.538573140500255, -3.737793705846963 ], [ -38.538563248977844, -3.737797111646401 ], [ -38.538553546793125, -3.737801028696024 ], [ -38.538544060110397, -3.73780544643252 ], [ -38.538534814512964, -3.737810352942397 ], [ -38.538525834933829, -3.737815734993956 ], [ -38.538517145588763, -3.73782157807316 ], [ -38.538508769910706, -3.737827866422699 ], [ -38.538500730486831, -3.737834583084388 ], [ -38.53817222537662, -3.738133367439467 ], [ -38.537793503999644, -3.737748683834665 ], [ -38.537769744835828, -3.737723845547521 ], [ -38.537746407431342, -3.737698606969257 ], [ -38.53772349846799, -3.737672975326022 ], [ -38.537701024504912, -3.73764695795651 ], [ -38.537678991976634, -3.73762056230996 ], [ -38.537657407191396, -3.737593795943721 ], [ -38.537636276329167, -3.7375666665214 ], [ -38.53761560543991, -3.737539181810597 ], [ -38.537595400442036, -3.737511349680529 ], [ -38.5375756671204, -3.737483178099928 ], [ -38.537556411124932, -3.737454675134735 ], [ -38.537537637968782, -3.737425848945741 ], [ -38.537519353026987, -3.737396707786305 ], [ -38.537501561534661, -3.737367259999894 ], [ -38.537484268585793, -3.737337514017934 ], [ -38.537467479131436, -3.737307478357 ], [ -38.53745119797869, -3.737277161616818 ], [ -38.537435429788921, -3.737246572477431 ], [ -38.537149262068269, -3.736288914111703 ], [ -38.536785088424644, -3.735061616406637 ], [ -38.53668437327984, -3.734722012566282 ], [ -38.536635286793434, -3.734551509238719 ], [ -38.536508757809685, -3.734126684966592 ], [ -38.536309738024542, -3.733455520518882 ], [ -38.536218155550969, -3.733147578835907 ], [ -38.536184838045656, -3.733044753885776 ], [ -38.536052167236768, -3.733085541762004 ], [ -38.535917007518307, -3.73312557270196 ], [ -38.534855352295956, -3.73346456626282 ], [ -38.534008549059969, -3.733732178520647 ], [ -38.532779000743353, -3.734131398153757 ], [ -38.53236075464585, -3.734260686310361 ], [ -38.531894801612836, -3.734401857452244 ], [ -38.53115641870626, -3.734625566840941 ], [ -38.530625592919499, -3.734788979559748 ], [ -38.528648892833949, -3.735417724028955 ], [ -38.527665781197996, -3.735724865683556 ], [ -38.526591357926343, -3.736066799901145 ], [ -38.525790531346836, -3.736320787015651 ], [ -38.525286865250393, -3.736479280319642 ], [ -38.524248116439715, -3.736803151791468 ], [ -38.523928312458871, -3.736903533021307 ], [ -38.523898365311062, -3.737048601907264 ] ] ] ] } },
{ "type": "Feature", "properties": { "nome": "AIS 04", "territorio": "Capital", "casos": 21, "populacao": 161981, "taxa": 12.964483488804245, "classe": "11.8-13.0" }, "geometry": { "type": "MultiPolygon", "coordinates": [ [ [ [ -38.55488445560627, -3.712016483675322 ], [ -38.553268792607767, -3.712378968352698 ], [ -38.551957443313597, -3.712761246641557 ], [ -38.55062510485228, -3.71314964117629 ], [ -38.548913013090456, -3.713645916393993 ], [ -38.548057616370123, -3.713906425520732 ], [ -38.548025722637455, -3.713858062186994 ], [ -38.547846989703757, -3.713513230705606 ], [ -38.547719475249764, -3.713311351403527 ], [ -38.546894275288842, -3.711834285638259 ], [ -38.546871294804241, -3.711848851206532 ], [ -38.546585304213785, -3.71199236553963 ], [ -38.546168286823438, -3.71213581228041 ], [ -38.545918199825273, -3.711980080329933 ], [ -38.545702881199887, -3.711614959520391 ], [ -38.545466450758809, -3.711222118470821 ], [ -38.545356888313002, -3.711116516185818 ], [ -38.545258057231614, -3.711217797729005 ], [ -38.54535853973146, -3.711417268495942 ], [ -38.545631020343187, -3.711826801982169 ], [ -38.545775122783702, -3.712123577558375 ], [ -38.545346040812142, -3.712614048699754 ], [ -38.544831667884786, -3.712949053370874 ], [ -38.544392591175203, -3.713259851520725 ], [ -38.543903997318743, -3.71354683097763 ], [ -38.543498865913584, -3.713690191995624 ], [ -38.543296355515274, -3.713654171644507 ], [ -38.543034443242881, -3.71337883555441 ], [ -38.542760621868062, -3.712971773462581 ], [ -38.542617732752952, -3.712923842301056 ], [ -38.542379385388401, -3.713055347785152 ], [ -38.542165006742366, -3.712983405686818 ], [ -38.541997567746115, -3.712463017462072 ], [ -38.5416172247388, -3.71134781774277 ], [ -38.541481544164597, -3.711130012267942 ], [ -38.541380469352809, -3.71111087738832 ], [ -38.541369226767223, -3.711227746165217 ], [ -38.541470274620004, -3.711536685231132 ], [ -38.541590312951207, -3.711872472737148 ], [ -38.541795947148216, -3.712504463166204 ], [ -38.542064577510423, -3.71327947921501 ], [ -38.542390656133186, -3.714252139759021 ], [ -38.542128478874467, -3.714491378764085 ], [ -38.541709317084489, -3.71472397381544 ], [ -38.541568369361286, -3.714802202793352 ], [ -38.541055925677988, -3.715232829366758 ], [ -38.540614949270136, -3.715555746879258 ], [ -38.540102439487079, -3.71593842532531 ], [ -38.539363601058078, -3.716368932385015 ], [ -38.538970457339808, -3.716488323629212 ], [ -38.538899098083206, -3.716213086196112 ], [ -38.538708555258431, -3.716021468099922 ], [ -38.538589346724599, -3.716153034815076 ], [ -38.538577366424576, -3.716332605148517 ], [ -38.536861406524721, -3.717193399847915 ], [ -38.536420490285188, -3.717396627416296 ], [ -38.536149490914909, -3.717452935839271 ], [ -38.535774373878596, -3.717367970609167 ], [ -38.535521247567885, -3.717342958642009 ], [ -38.535388444263468, -3.717295031597534 ], [ -38.535303472290018, -3.717222070506676 ], [ -38.535231519861313, -3.717222032498861 ], [ -38.534299749881022, -3.717718654572641 ], [ -38.533024733034608, -3.718316325625822 ], [ -38.53246480307552, -3.718447657244558 ], [ -38.531285117399868, -3.718937720773949 ], [ -38.530748935618867, -3.719117011226678 ], [ -38.530308378414013, -3.718638026254701 ], [ -38.530229857376227, -3.718458401879215 ], [ -38.530079698951603, -3.718256645457487 ], [ -38.529820278117, -3.718313034336561 ], [ -38.529689048474431, -3.718362405130448 ], [ -38.52825927683233, -3.718696727963728 ], [ -38.527973307097788, -3.718792378719907 ], [ -38.527975600940614, -3.718875602423524 ], [ -38.528070673354364, -3.71894117842958 ], [ -38.528411857528695, -3.718843088069723 ], [ -38.529978790930905, -3.718517405658417 ], [ -38.530453394928699, -3.719090346721325 ], [ -38.530460534280223, -3.719213023376871 ], [ -38.530352777122609, -3.719314017130302 ], [ -38.528925850658425, -3.719714383071771 ], [ -38.528508840414922, -3.71983384694549 ], [ -38.528109286752446, -3.719471042175009 ], [ -38.527823421402729, -3.719370018375848 ], [ -38.527444274360157, -3.719412967286385 ], [ -38.526214529851458, -3.719708040963889 ], [ -38.525592495345208, -3.719944999520385 ], [ -38.525125487913044, -3.719760195466181 ], [ -38.524744433613741, -3.7194967316907 ], [ -38.524725982952397, -3.719283342778148 ], [ -38.525119205946545, -3.719020297342381 ], [ -38.525059719254067, -3.718948434712468 ], [ -38.525012855102226, -3.718974124240819 ], [ -38.52497400476453, -3.718995420832382 ], [ -38.524518174545271, -3.719245293089746 ], [ -38.52437529866836, -3.719173385322613 ], [ -38.524256325121875, -3.718862206261769 ], [ -38.524082357923433, -3.718564750845414 ], [ -38.524074210561373, -3.718550820185661 ], [ -38.52401826278377, -3.718455158602281 ], [ -38.524459188080847, -3.71823990562675 ], [ -38.524614463615691, -3.718190779006194 ], [ -38.524798838596418, -3.718092510706999 ], [ -38.524757134517507, -3.717976808782874 ], [ -38.52386343568967, -3.718335387465246 ], [ -38.52373257545451, -3.718024111464045 ], [ -38.523795946956454, -3.71798782751857 ], [ -38.52449077001291, -3.717690799664377 ], [ -38.524367093839146, -3.717416212570231 ], [ -38.523666141264584, -3.717746115391932 ], [ -38.523499854802246, -3.717314122049832 ], [ -38.523353281650657, -3.717389440710467 ], [ -38.523441512403444, -3.717619993237999 ], [ -38.523005341304291, -3.717953811309746 ], [ -38.52261396314146, -3.718130486182622 ], [ -38.522408135199285, -3.717793688709173 ], [ -38.522309732965866, -3.717468398747178 ], [ -38.526509672549302, -3.715584187233847 ], [ -38.527474366698002, -3.716171110600193 ], [ -38.527592734687381, -3.716027380816614 ], [ -38.526554705598812, -3.715401433055846 ], [ -38.522254272663723, -3.717314930768016 ], [ -38.521040260781092, -3.717855105451038 ], [ -38.520819298240994, -3.717463462043666 ], [ -38.520710114952664, -3.717168033821313 ], [ -38.520673405976197, -3.71699474872448 ], [ -38.520640685326413, -3.716840290523503 ], [ -38.520483732069465, -3.716099390347484 ], [ -38.52036927542207, -3.716127345222947 ], [ -38.520565639675397, -3.717290985454295 ], [ -38.520222482681135, -3.71739491945753 ], [ -38.520211125094328, -3.717343775611255 ], [ -38.519992085567239, -3.716357427572408 ], [ -38.519943982961273, -3.716140818457826 ], [ -38.519856465780585, -3.715746722792066 ], [ -38.519701555628835, -3.71578255349538 ], [ -38.520093102561781, -3.717408095729136 ], [ -38.520108075005325, -3.717470255082969 ], [ -38.519867488845414, -3.717706121414214 ], [ -38.519849403065656, -3.718825700698901 ], [ -38.519869118332892, -3.719435989416532 ], [ -38.519866784007746, -3.720121674386201 ], [ -38.51986062775633, -3.720614076574655 ], [ -38.519854618454104, -3.720834965499631 ], [ -38.519340944139294, -3.720759739144947 ], [ -38.519332320609401, -3.720974052446592 ], [ -38.519324056780412, -3.72173204998717 ], [ -38.519321138315462, -3.7222869085201 ], [ -38.519320936716575, -3.72233792753615 ], [ -38.519320307371657, -3.722398289852915 ], [ -38.519293194389967, -3.722491109554491 ], [ -38.519309695234902, -3.722756485786213 ], [ -38.519335390000947, -3.723000694209521 ], [ -38.519352796780524, -3.723119748486672 ], [ -38.519386412321794, -3.723290798324021 ], [ -38.519414955963157, -3.723359398219677 ], [ -38.519462002553055, -3.723451759956561 ], [ -38.519520941189164, -3.723562281554368 ], [ -38.519010236099604, -3.723594341106628 ], [ -38.517904230399076, -3.723672624694785 ], [ -38.51702335733772, -3.723726048868609 ], [ -38.516058060702285, -3.723786657209399 ], [ -38.515079019903212, -3.723849886549171 ], [ -38.514221706186099, -3.723902663459956 ], [ -38.513713533320207, -3.723937225273402 ], [ -38.512613092830456, -3.724010574537133 ], [ -38.513017473654422, -3.725288816699904 ], [ -38.513302950868827, -3.726204098906082 ], [ -38.513381338075881, -3.726464150631223 ], [ -38.513440799222984, -3.726629523872305 ], [ -38.513522463639049, -3.726880373577756 ], [ -38.513682507133161, -3.72740639557248 ], [ -38.513877837939837, -3.728026118978733 ], [ -38.513904615315091, -3.728124088892055 ], [ -38.514076926014063, -3.728656527470296 ], [ -38.514158258558183, -3.728916416447671 ], [ -38.514352600519999, -3.729550273723699 ], [ -38.514591055841215, -3.730293943989189 ], [ -38.51481154105818, -3.730989941575065 ], [ -38.514961788203216, -3.731481772394951 ], [ -38.515174104980005, -3.732157056800801 ], [ -38.51532631427397, -3.732651518349885 ], [ -38.51545043127939, -3.733058856640301 ], [ -38.515591215263953, -3.733504334309829 ], [ -38.515755190145583, -3.734025099005443 ], [ -38.515838806860835, -3.734297973166914 ], [ -38.516138006875302, -3.735258624366304 ], [ -38.516407813723831, -3.736118017111738 ], [ -38.516667339433141, -3.736033682410696 ], [ -38.516703590410643, -3.736160912569519 ], [ -38.51695934708178, -3.736985125677614 ], [ -38.517273564037872, -3.738012841509856 ], [ -38.517510696998677, -3.738788395439244 ], [ -38.517553522792504, -3.738913580909251 ], [ -38.517878801827976, -3.73880758133365 ], [ -38.518187743078713, -3.738713083546557 ], [ -38.519370498078004, -3.738336705637184 ], [ -38.520377178798931, -3.738020383144427 ], [ -38.521224806629291, -3.737753114306253 ], [ -38.522212178018343, -3.737441709589769 ], [ -38.522988133272975, -3.737196587593919 ], [ -38.523801722116083, -3.73694326761581 ], [ -38.523928312458871, -3.736903533021324 ], [ -38.524248116439715, -3.736803151791468 ], [ -38.525286865250393, -3.736479280319642 ], [ -38.525790531346836, -3.736320787015651 ], [ -38.526591357926343, -3.736066799901145 ], [ -38.527665781197996, -3.735724865683573 ], [ -38.528648892833949, -3.735417724028972 ], [ -38.530625592919499, -3.734788979559748 ], [ -38.53115641870626, -3.734625566840941 ], [ -38.531894801612836, -3.734401857452244 ], [ -38.53236075464585, -3.734260686310378 ], [ -38.532779000743353, -3.734131398153757 ], [ -38.534008549059969, -3.733732178520647 ], [ -38.534855352295956, -3.733464566262837 ], [ -38.535917007518307, -3.73312557270196 ], [ -38.536052167236768, -3.733085541762004 ], [ -38.536184838045656, -3.733044753885792 ], [ -38.536218155550969, -3.733147578835907 ], [ -38.536309738024542, -3.733455520518882 ], [ -38.536508757809685, -3.734126684966592 ], [ -38.536635286793434, -3.734551509238736 ], [ -38.53668437327984, -3.734722012566282 ], [ -38.536785088424644, -3.735061616406637 ], [ -38.537149262068269, -3.736288914111703 ], [ -38.537435429788921, -3.737246572477431 ], [ -38.53745119797869, -3.737277161616818 ], [ -38.537467479131436, -3.737307478357017 ], [ -38.537484268585793, -3.737337514017934 ], [ -38.537501561534661, -3.737367259999911 ], [ -38.537519353026987, -3.737396707786305 ], [ -38.537537637968782, -3.737425848945741 ], [ -38.537556411124932, -3.737454675134735 ], [ -38.5375756671204, -3.737483178099928 ], [ -38.537595400442036, -3.737511349680529 ], [ -38.53761560543991, -3.737539181810597 ], [ -38.537636276329167, -3.7375666665214 ], [ -38.537657407191404, -3.737593795943721 ], [ -38.537678991976648, -3.73762056230996 ], [ -38.537701024504912, -3.737646957956527 ], [ -38.53772349846799, -3.737672975326022 ], [ -38.537746407431342, -3.737698606969257 ], [ -38.537769744835828, -3.737723845547521 ], [ -38.537793503999644, -3.737748683834665 ], [ -38.53817222537662, -3.738133367439467 ], [ -38.538500730486831, -3.737834583084405 ], [ -38.538508769910706, -3.737827866422699 ], [ -38.538517145588763, -3.73782157807316 ], [ -38.538525834933829, -3.737815734993956 ], [ -38.538534814512964, -3.737810352942397 ], [ -38.538544060110397, -3.73780544643252 ], [ -38.538553546793125, -3.737801028696024 ], [ -38.538563248977844, -3.737797111646401 ], [ -38.538573140500255, -3.737793705846963 ], [ -38.53858319468533, -3.737790820482314 ], [ -38.538593384419485, -3.737788463333558 ], [ -38.538603682223467, -3.737786640757323 ], [ -38.538801423452242, -3.737747683932812 ], [ -38.541491957991951, -3.73722356034063 ], [ -38.541501641421227, -3.737221540583498 ], [ -38.541511357694773, -3.737219686827051 ], [ -38.541521103992892, -3.737217999609286 ], [ -38.541530877487226, -3.737216479419815 ], [ -38.54154067534153, -3.737215126699772 ], [ -38.541550494712411, -3.737213941841751 ], [ -38.541560332750315, -3.737212925189632 ], [ -38.541570186600239, -3.737212077038357 ], [ -38.54158005340264, -3.737211397634165 ], [ -38.541589930294094, -3.737210887174125 ], [ -38.541599814408379, -3.737210545806438 ], [ -38.541609702877132, -3.737210373630132 ], [ -38.541619592830664, -3.737210370695166 ], [ -38.541629481398957, -3.737210537002449 ], [ -38.541639365712342, -3.737210872503666 ], [ -38.542650380373487, -3.737612479961921 ], [ -38.543613879593273, -3.737999126442605 ], [ -38.543642419602577, -3.738007305648007 ], [ -38.543725826592542, -3.737541876006363 ], [ -38.543768210307107, -3.7372700405682 ], [ -38.543843679388175, -3.736837760111797 ], [ -38.543968166659674, -3.736067340902963 ], [ -38.544059541675615, -3.735509085904956 ], [ -38.544139019234166, -3.734982651909318 ], [ -38.544225100565413, -3.734449590653282 ], [ -38.544320428581543, -3.733904598969879 ], [ -38.544387953095921, -3.733517402807586 ], [ -38.544456815394035, -3.733095727825678 ], [ -38.544553471997531, -3.732533497005436 ], [ -38.544618349900233, -3.732158234624264 ], [ -38.544658070164679, -3.731930160104541 ], [ -38.54470962412843, -3.731793595020948 ], [ -38.544796859490354, -3.731581458789382 ], [ -38.544897853745788, -3.731595669956997 ], [ -38.545847528693841, -3.731797787004081 ], [ -38.548890434504969, -3.732541862069207 ], [ -38.54996806029876, -3.732761691006653 ], [ -38.551059756223673, -3.732981978781922 ], [ -38.55213240184996, -3.733215054417368 ], [ -38.553221300765557, -3.733434430727601 ], [ -38.55430796142943, -3.733647660893866 ], [ -38.555394849266534, -3.733867688726613 ], [ -38.556563418595729, -3.734105829007234 ], [ -38.557550108701385, -3.734309614214499 ], [ -38.558643650328321, -3.734540861598435 ], [ -38.559714460068683, -3.734762959794296 ], [ -38.560812556239412, -3.734982786315932 ], [ -38.561900421945701, -3.735201464346595 ], [ -38.562982311315977, -3.735430872118418 ], [ -38.564067785910979, -3.735660500712962 ], [ -38.564153799292235, -3.735679124532952 ], [ -38.56417182269351, -3.735591851764394 ], [ -38.56424122226084, -3.735273981256042 ], [ -38.564387697137526, -3.734600624587729 ], [ -38.564394399854542, -3.734572293830832 ], [ -38.56440062931842, -3.734543854279375 ], [ -38.564406383781844, -3.734515313910718 ], [ -38.56441166163065, -3.734486680730563 ], [ -38.564416461384489, -3.734457962770523 ], [ -38.564420781697038, -3.734429168086112 ], [ -38.564424621356515, -3.734400304754335 ], [ -38.564427979285867, -3.734371380871348 ], [ -38.564430854543325, -3.734342404550451 ], [ -38.564433246322338, -3.73431338391956 ], [ -38.564435153952111, -3.734284327119004 ], [ -38.564436576897542, -3.734255242299275 ], [ -38.564437514759589, -3.73422613761882 ], [ -38.564437967275211, -3.734197021241491 ], [ -38.564456438659377, -3.733887254865224 ], [ -38.564480409862199, -3.733568903382136 ], [ -38.564495784556904, -3.73334746750142 ], [ -38.564519759334466, -3.73302175500804 ], [ -38.564544960160653, -3.732686228447211 ], [ -38.564567090619889, -3.732385665123346 ], [ -38.564588610127572, -3.732085714908523 ], [ -38.564617497848253, -3.731702957055086 ], [ -38.564646991013682, -3.731330627584373 ], [ -38.564671571989997, -3.731013503198403 ], [ -38.564700452039581, -3.730646080746407 ], [ -38.564718280196992, -3.730401949623001 ], [ -38.564735487756273, -3.73017806095067 ], [ -38.564817375896361, -3.729425438890154 ], [ -38.564889257482037, -3.728843188418323 ], [ -38.564937541114709, -3.728441884254253 ], [ -38.565025516714336, -3.727726376858862 ], [ -38.565059085333949, -3.727447135370453 ], [ -38.565090055024108, -3.727175560302031 ], [ -38.565126840888652, -3.727028205076033 ], [ -38.565146141365986, -3.726893876294538 ], [ -38.565201598466736, -3.726494569232634 ], [ -38.565209300516607, -3.72645207315062 ], [ -38.565217673456807, -3.726409705316513 ], [ -38.565226715175008, -3.7263674764184 ], [ -38.565236423390211, -3.726325397109201 ], [ -38.565246795653231, -3.726283478004139 ], [ -38.565257829347395, -3.726241729678046 ], [ -38.565269521689224, -3.726200162662652 ], [ -38.565357567870592, -3.72596158700587 ], [ -38.565488875799957, -3.7255995825487 ], [ -38.565574476591429, -3.725366679751346 ], [ -38.565613000574203, -3.725254443473976 ], [ -38.565616099683687, -3.725160592180009 ], [ -38.565742983458598, -3.724792297936755 ], [ -38.565869554290067, -3.7244393389351 ], [ -38.566171916334469, -3.723598493357437 ], [ -38.566289925986865, -3.723270373415712 ], [ -38.566334562754285, -3.723144184855974 ], [ -38.566407019389864, -3.722942713056162 ], [ -38.566498431341238, -3.722687576588579 ], [ -38.56668186508017, -3.722178530737416 ], [ -38.566733530098389, -3.722039463844217 ], [ -38.566849706381312, -3.721713489823815 ], [ -38.567024732619153, -3.721227136140207 ], [ -38.567067852568066, -3.721080550638959 ], [ -38.567005375315155, -3.720872559273516 ], [ -38.567134241217502, -3.720904353648413 ], [ -38.567531699321385, -3.721011897368275 ], [ -38.568045158469296, -3.721152315778406 ], [ -38.568072964502363, -3.721160463908684 ], [ -38.568100626010001, -3.721169094219216 ], [ -38.568128134707599, -3.721178204125258 ], [ -38.56815548235646, -3.721187790898451 ], [ -38.568182660766013, -3.721197851667636 ], [ -38.568209661796466, -3.721208383419559 ], [ -38.568236477361062, -3.72121938300009 ], [ -38.568263099428698, -3.72123084711489 ], [ -38.568289520026092, -3.721242772330468 ], [ -38.568315731240389, -3.721255155075298 ], [ -38.568341725221451, -3.721267991640813 ], [ -38.56836749418413, -3.721281278182467 ], [ -38.568393030410682, -3.721295010721034 ], [ -38.568418326253145, -3.721309185143657 ], [ -38.568443374135477, -3.721323797205174 ], [ -38.56846816655591, -3.72133884252929 ], [ -38.568492696089194, -3.721354316610032 ], [ -38.568516955388802, -3.721370214812979 ], [ -38.568540937189155, -3.721386532376645 ], [ -38.568564634307734, -3.721403264413996 ], [ -38.568588039647395, -3.72142040591387 ], [ -38.568611146198222, -3.721437951742419 ], [ -38.568633947039935, -3.721455896644736 ], [ -38.568656435343684, -3.721474235246439 ], [ -38.568678604374341, -3.721492962055131 ], [ -38.568700447492255, -3.721512071462229 ], [ -38.568721958155535, -3.721531557744525 ], [ -38.568743129921764, -3.72155141506593 ], [ -38.568763956450042, -3.721571637479275 ], [ -38.568784431502856, -3.721592218928041 ], [ -38.568804548947995, -3.72161315324809 ], [ -38.568824302760305, -3.721634434169747 ], [ -38.568843687023573, -3.721656055319386 ], [ -38.568862695932232, -3.721678010221543 ], [ -38.568881323793143, -3.721700292300865 ], [ -38.56889956502733, -3.721722894883865 ], [ -38.56891741417153, -3.721745811201231 ], [ -38.568934865879946, -3.721769034389498 ], [ -38.568951914925854, -3.721792557493488 ], [ -38.568968556203018, -3.721816373468068 ], [ -38.568984784727448, -3.721840475180469 ], [ -38.569000595638705, -3.721864855412231 ], [ -38.569006485785607, -3.721874291034206 ], [ -38.569382899834373, -3.72166792244511 ], [ -38.570238078179557, -3.721209757559154 ], [ -38.570442204458338, -3.721090790031555 ], [ -38.571017862478179, -3.720781197224788 ], [ -38.571718773686648, -3.720398431137864 ], [ -38.572327915368184, -3.720067431516171 ], [ -38.572859677599354, -3.719770768923309 ], [ -38.573386971730109, -3.719483569405494 ], [ -38.573763467281381, -3.71928098872413 ], [ -38.573419484287847, -3.718389061981175 ], [ -38.573349646944067, -3.718209430644213 ], [ -38.573915369945659, -3.717928974879059 ], [ -38.574026478708014, -3.717878213323659 ], [ -38.574375415175922, -3.717748852856622 ], [ -38.574157734150155, -3.717180810939987 ], [ -38.57400668500842, -3.716755532681165 ], [ -38.573860814970622, -3.716388794236701 ], [ -38.573671363316613, -3.715900227224112 ], [ -38.573402182515046, -3.715177721373474 ], [ -38.5731877248028, -3.714612171839777 ], [ -38.57298416442331, -3.714073529819178 ], [ -38.57290442321721, -3.713864749565159 ], [ -38.57277712307004, -3.713555311871088 ], [ -38.572690927694879, -3.713361972362295 ], [ -38.572634952897253, -3.71323092125324 ], [ -38.572354866885966, -3.712501435279572 ], [ -38.572286260269458, -3.712308479174479 ], [ -38.569201757157757, -3.713375958505543 ], [ -38.569125333230481, -3.713157544441452 ], [ -38.568846075167514, -3.712330111886206 ], [ -38.568752172057295, -3.712060571115935 ], [ -38.56868510246138, -3.711859746250401 ], [ -38.568592829709459, -3.71158611681927 ], [ -38.56837942389911, -3.710952965343393 ], [ -38.56831276112031, -3.710752958553431 ], [ -38.566577130108044, -3.711331990564492 ], [ -38.566251014515331, -3.711435702097273 ], [ -38.565212405636991, -3.711777477043957 ], [ -38.564319547302937, -3.712080064063872 ], [ -38.564125747190992, -3.712148466450433 ], [ -38.56396112889599, -3.711646609691356 ], [ -38.563774557350726, -3.711086671886108 ], [ -38.563525393878464, -3.710329182722889 ], [ -38.563443836638037, -3.710086923821897 ], [ -38.562288196464294, -3.710316015776403 ], [ -38.561218631981923, -3.710543743332531 ], [ -38.560138306891808, -3.710880216000498 ], [ -38.558952665080966, -3.71123224600754 ], [ -38.558867161143887, -3.711242414855451 ], [ -38.558747519393833, -3.711247308373444 ], [ -38.558041934810547, -3.711469534067126 ], [ -38.557580301232541, -3.711605540908034 ], [ -38.557240043923905, -3.711667513863456 ], [ -38.55488445560627, -3.712016483675322 ] ] ] ] } },
{ "type": "Feature", "properties": { "nome": "AIS 08", "territorio": "Capital", "casos": 16, "populacao": 270674, "taxa": 5.9111698944117279, "classe": "5.9-9.2" }, "geometry": { "type": "MultiPolygon", "coordinates": [ [ [ [ -38.584134226171329, -3.693684006929855 ], [ -38.583712357705039, -3.693830003989835 ], [ -38.582998446990409, -3.693795019004915 ], [ -38.582404459069139, -3.693815003725634 ], [ -38.581785506714517, -3.693878219658589 ], [ -38.581404257537251, -3.693818150077277 ], [ -38.58099956031981, -3.693064003586192 ], [ -38.5809113397072, -3.692770501505534 ], [ -38.581286991447499, -3.692162556125159 ], [ -38.581193693034898, -3.69208701931399 ], [ -38.580698726466757, -3.692813809387297 ], [ -38.580844604888952, -3.693207501964217 ], [ -38.580665791613157, -3.693530566730209 ], [ -38.580010297374642, -3.694128697602936 ], [ -38.579497803882134, -3.694726805363442 ], [ -38.578719443802058, -3.695397069621381 ], [ -38.578305972313672, -3.695683744606816 ], [ -38.577853193194478, -3.695874957583535 ], [ -38.57746009591613, -3.695922627167821 ], [ -38.577289549236056, -3.69570949516753 ], [ -38.576430862999906, -3.694555879359232 ], [ -38.576297106518567, -3.694658977667081 ], [ -38.57721048867765, -3.695889939700251 ], [ -38.577066755469033, -3.696293536183081 ], [ -38.576756745763248, -3.696783992175134 ], [ -38.576172707793596, -3.697465926502737 ], [ -38.575481383255969, -3.698219549398742 ], [ -38.575040493708272, -3.698590343984806 ], [ -38.574825939210747, -3.698697987378267 ], [ -38.574623384358794, -3.698757779293597 ], [ -38.574444767441378, -3.698661888489125 ], [ -38.574187122390349, -3.69832487386017 ], [ -38.574086719859373, -3.698253114825726 ], [ -38.573983496930801, -3.698276497110402 ], [ -38.573980316381707, -3.698398405050343 ], [ -38.574038937388018, -3.698525963022632 ], [ -38.573841107476937, -3.698679058540613 ], [ -38.573705237995476, -3.698805854208752 ], [ -38.573371546410279, -3.699068989998342 ], [ -38.573074434573869, -3.699259668844947 ], [ -38.57226408630509, -3.699953432377238 ], [ -38.571668209710303, -3.700336091664535 ], [ -38.571012842850209, -3.700646981090475 ], [ -38.570631165602101, -3.699850372368539 ], [ -38.570675991122513, -3.699730411460792 ], [ -38.570623239552859, -3.69961267130828 ], [ -38.570469324172507, -3.699581894528092 ], [ -38.570344308252295, -3.699702706889119 ], [ -38.570357074067232, -3.699820257602037 ], [ -38.570429489824328, -3.699892653338559 ], [ -38.570516245379402, -3.699956104014037 ], [ -38.57085657883691, -3.700702007641354 ], [ -38.570524280519962, -3.700898061756308 ], [ -38.569547172441148, -3.701364306699392 ], [ -38.569173219744911, -3.701482365081647 ], [ -38.568889566619355, -3.70164687704098 ], [ -38.568426735456434, -3.701934030465361 ], [ -38.568188751793613, -3.702081682022747 ], [ -38.568141027307753, -3.702261236085692 ], [ -38.567342626400425, -3.702631851331994 ], [ -38.566663512000609, -3.702882836233378 ], [ -38.565984353827609, -3.703038106275445 ], [ -38.564971671902974, -3.703133322270624 ], [ -38.563857486196618, -3.703191743549051 ], [ -38.563193446051208, -3.703170441007404 ], [ -38.56279735474682, -3.702314337015898 ], [ -38.562480861458873, -3.701605730307084 ], [ -38.562073859068065, -3.700644200973692 ], [ -38.562073943696348, -3.700471861580091 ], [ -38.562228457321574, -3.700226833159965 ], [ -38.563195491892593, -3.698906042445457 ], [ -38.56336333065083, -3.69869548822757 ], [ -38.563553938397988, -3.698697497229303 ], [ -38.56418727674518, -3.698819094957148 ], [ -38.564255700420972, -3.698794795126282 ], [ -38.564265346322486, -3.698735222574067 ], [ -38.564242043270177, -3.698682517595174 ], [ -38.563319572185861, -3.698528871792086 ], [ -38.561899411670289, -3.700474964933499 ], [ -38.561938745475572, -3.700642156168336 ], [ -38.563177938236279, -3.703610900979026 ], [ -38.563193532390628, -3.703810314826947 ], [ -38.562326441980574, -3.704316863222786 ], [ -38.561355802189027, -3.704799928211236 ], [ -38.560881600160627, -3.704956652873894 ], [ -38.560026793925303, -3.705201302575534 ], [ -38.559728918978919, -3.705165329070478 ], [ -38.55963443699072, -3.705018001509561 ], [ -38.559395643903194, -3.704602638398418 ], [ -38.559211623800216, -3.704119670199808 ], [ -38.5591602830293, -3.703984992548389 ], [ -38.559059480635128, -3.703871948818898 ], [ -38.558968404298973, -3.703940025046995 ], [ -38.559264576618247, -3.704686345494964 ], [ -38.559169110731702, -3.704889758305625 ], [ -38.558883154844168, -3.705152874662246 ], [ -38.558525642848608, -3.705344214720782 ], [ -38.558111313964083, -3.705523041712957 ], [ -38.55760939944615, -3.705812013475547 ], [ -38.557276400235189, -3.705965007214977 ], [ -38.557246114893644, -3.705977326442223 ], [ -38.556893150100954, -3.706121322863325 ], [ -38.556535595642046, -3.706396434482726 ], [ -38.556309252543763, -3.706480093181237 ], [ -38.556106683211937, -3.706563763777626 ], [ -38.555911406066812, -3.706615656094317 ], [ -38.555665990780078, -3.706336107808899 ], [ -38.555047011638678, -3.705354409490262 ], [ -38.554742422796217, -3.70485623813706 ], [ -38.554599366245711, -3.704963821731758 ], [ -38.555213513268882, -3.70590507580681 ], [ -38.555377475824663, -3.706310993569295 ], [ -38.555034364963433, -3.706694853166423 ], [ -38.554581486543775, -3.707065629923479 ], [ -38.554414643777413, -3.707197175188863 ], [ -38.554223997157507, -3.70738859755608 ], [ -38.553663829665801, -3.707831150331093 ], [ -38.553023224832138, -3.708313467396136 ], [ -38.552531696427643, -3.708536671619461 ], [ -38.552257768971728, -3.70851255882434 ], [ -38.552031545815495, -3.708177354191317 ], [ -38.551681551634196, -3.707557524395817 ], [ -38.551468936690888, -3.707197200932365 ], [ -38.551317156294033, -3.70729140970885 ], [ -38.551840941060441, -3.708105426562548 ], [ -38.552007519272969, -3.708500490084697 ], [ -38.5519478620771, -3.708763718720641 ], [ -38.551769095526126, -3.708967088124727 ], [ -38.551170460165551, -3.709436035831802 ], [ -38.550547355629924, -3.709854037670175 ], [ -38.550219391338658, -3.710017977472082 ], [ -38.549881301544517, -3.710259984954705 ], [ -38.549268880319332, -3.710563098161853 ], [ -38.548897109546758, -3.71062922023112 ], [ -38.548694690526638, -3.710413714800585 ], [ -38.548432831957115, -3.71003054363635 ], [ -38.5480284695088, -3.709339003638394 ], [ -38.547649974615148, -3.708774546799835 ], [ -38.547556524224206, -3.708904409375926 ], [ -38.547983557261396, -3.709646387277144 ], [ -38.548432576802149, -3.710533177849257 ], [ -38.548420580455115, -3.710748663962634 ], [ -38.547967685283538, -3.711143319966425 ], [ -38.547431394810971, -3.711549964956092 ], [ -38.547038070995093, -3.711741077477011 ], [ -38.546894275288842, -3.711834285638259 ], [ -38.547719475249764, -3.713311351403527 ], [ -38.547846989703757, -3.713513230705606 ], [ -38.548025722637455, -3.713858062186994 ], [ -38.548057616370123, -3.713906425520732 ], [ -38.548913013090456, -3.713645916393993 ], [ -38.55062510485228, -3.71314964117629 ], [ -38.551957443313597, -3.712761246641557 ], [ -38.553268792607767, -3.712378968352698 ], [ -38.55488445560627, -3.712016483675322 ], [ -38.557240043923905, -3.711667513863456 ], [ -38.557580301232541, -3.711605540908034 ], [ -38.558041934810547, -3.711469534067126 ], [ -38.558747519393833, -3.711247308373444 ], [ -38.558867161143887, -3.711242414855451 ], [ -38.558952665080966, -3.71123224600754 ], [ -38.560138306891808, -3.710880216000498 ], [ -38.561218631981923, -3.710543743332531 ], [ -38.562288196464294, -3.710316015776403 ], [ -38.563443836638037, -3.710086923821897 ], [ -38.563525393878464, -3.710329182722889 ], [ -38.563774557350726, -3.711086671886108 ], [ -38.56396112889599, -3.711646609691356 ], [ -38.564125747190992, -3.712148466450433 ], [ -38.564319547302937, -3.712080064063872 ], [ -38.565212405636991, -3.711777477043957 ], [ -38.566251014515331, -3.711435702097273 ], [ -38.566577130108044, -3.711331990564492 ], [ -38.56831276112031, -3.710752958553431 ], [ -38.56837942389911, -3.710952965343393 ], [ -38.568592829709459, -3.71158611681927 ], [ -38.56868510246138, -3.711859746250401 ], [ -38.568752172057295, -3.712060571115935 ], [ -38.568846075167514, -3.712330111886206 ], [ -38.569125333230481, -3.713157544441452 ], [ -38.569201757157757, -3.713375958505543 ], [ -38.572286260269458, -3.712308479174479 ], [ -38.572354866885966, -3.712501435279572 ], [ -38.572634952897253, -3.71323092125324 ], [ -38.572690927694879, -3.713361972362295 ], [ -38.57277712307004, -3.713555311871088 ], [ -38.57290442321721, -3.713864749565159 ], [ -38.57298416442331, -3.714073529819178 ], [ -38.5731877248028, -3.714612171839777 ], [ -38.573402182515046, -3.715177721373474 ], [ -38.573671363316613, -3.715900227224112 ], [ -38.573860814970622, -3.716388794236701 ], [ -38.57400668500842, -3.716755532681165 ], [ -38.574157734150155, -3.717180810939987 ], [ -38.574375415175922, -3.717748852856622 ], [ -38.574026478708014, -3.717878213323659 ], [ -38.573915369945659, -3.717928974879059 ], [ -38.573349646944067, -3.718209430644213 ], [ -38.573419484287847, -3.718389061981175 ], [ -38.573763467281381, -3.71928098872413 ], [ -38.573386971730109, -3.719483569405494 ], [ -38.572859677599354, -3.719770768923309 ], [ -38.572327915368184, -3.720067431516171 ], [ -38.571718773686648, -3.720398431137864 ], [ -38.571017862478179, -3.720781197224788 ], [ -38.570442204458338, -3.721090790031555 ], [ -38.570238078179557, -3.721209757559154 ], [ -38.569382899834373, -3.72166792244511 ], [ -38.569006485785607, -3.721874291034206 ], [ -38.569015984201414, -3.72188950686161 ], [ -38.569202674271509, -3.722215629824707 ], [ -38.569455404636194, -3.722663395155148 ], [ -38.569649030350924, -3.723010991068545 ], [ -38.56971850366493, -3.72313600892764 ], [ -38.570034378711824, -3.723696520553864 ], [ -38.570300988545739, -3.724170822829568 ], [ -38.570579039035984, -3.724663073112512 ], [ -38.570694964609274, -3.724852675841213 ], [ -38.570814381017534, -3.725031596576298 ], [ -38.570841660558436, -3.725071216131336 ], [ -38.570869616673001, -3.725110356836722 ], [ -38.570898241034257, -3.725149007033958 ], [ -38.570927525116183, -3.725187155210604 ], [ -38.570957460196261, -3.725224790003748 ], [ -38.570988037358021, -3.725261900203392 ], [ -38.571019247493822, -3.725298474755852 ], [ -38.571051081307402, -3.725334502766908 ], [ -38.571083529316738, -3.725369973505166 ], [ -38.571116581856899, -3.725404876405238 ], [ -38.571150229082825, -3.725439201070861 ], [ -38.571184460972383, -3.725472937277969 ], [ -38.571219267329198, -3.725506074977845 ], [ -38.571254637785906, -3.725538604299967 ], [ -38.571290561806983, -3.72557051555513 ], [ -38.571327028692103, -3.725601799238077 ], [ -38.571364027579207, -3.725632446030597 ], [ -38.571401547447785, -3.725662446804158 ], [ -38.571439577122085, -3.725691792622609 ], [ -38.571478105274586, -3.725720474744955 ], [ -38.571517120429228, -3.725748484627821 ], [ -38.57155661096489, -3.725775813928122 ], [ -38.571596565118895, -3.72580245450543 ], [ -38.571636970990383, -3.725828398424546 ], [ -38.571677816544025, -3.72585363795769 ], [ -38.571719089613488, -3.725878165586946 ], [ -38.571760777905098, -3.72590197400645 ], [ -38.57180286900148, -3.72592505612451 ], [ -38.571845350365322, -3.725947405065835 ], [ -38.571888209343015, -3.725969014173449 ], [ -38.572076516984446, -3.726057847100634 ], [ -38.572210620109566, -3.726119049774875 ], [ -38.572436296980385, -3.726219964728652 ], [ -38.572645490245883, -3.726314532953254 ], [ -38.572842474625162, -3.726401938649821 ], [ -38.573103356847817, -3.726517797083263 ], [ -38.573324964820912, -3.726615233817387 ], [ -38.573472092814328, -3.726680327630334 ], [ -38.573841946973182, -3.726845823433144 ], [ -38.574331355702178, -3.727064028803716 ], [ -38.574973032443879, -3.727347074413607 ], [ -38.575129826651477, -3.727416773292466 ], [ -38.575313278950802, -3.727498344464445 ], [ -38.575588406560179, -3.727620752250978 ], [ -38.576796771703194, -3.728157463377439 ], [ -38.57698439467049, -3.728243739117555 ], [ -38.577218426500636, -3.728344392879213 ], [ -38.577510377117399, -3.72847430556191 ], [ -38.57854156665104, -3.728931593746937 ], [ -38.579043391312673, -3.729155255314946 ], [ -38.580057081199428, -3.729605990360261 ], [ -38.580513187700426, -3.729808909363942 ], [ -38.580740291600215, -3.729909482282634 ], [ -38.58117075765427, -3.730101074554943 ], [ -38.581800109736001, -3.730380548525031 ], [ -38.581817741485793, -3.730388386263138 ], [ -38.582609626021714, -3.730740397553554 ], [ -38.583316851294157, -3.731054327207641 ], [ -38.584174394993383, -3.731434781358233 ], [ -38.58452604075071, -3.731591438036371 ], [ -38.584583707493913, -3.731616160522908 ], [ -38.584592275627848, -3.731559305460578 ], [ -38.584599428129565, -3.731514731583558 ], [ -38.584609177601898, -3.731423989624405 ], [ -38.584665666659184, -3.730936452526898 ], [ -38.584679688177857, -3.730818150304203 ], [ -38.584692215074, -3.730718752910569 ], [ -38.584709814365624, -3.730574880153152 ], [ -38.584722641342786, -3.730469214221411 ], [ -38.584735173689594, -3.730358174996321 ], [ -38.58474502161112, -3.730268627110958 ], [ -38.584765907017896, -3.730087442342623 ], [ -38.584793347036914, -3.729869245621547 ], [ -38.584807226678898, -3.729736565163212 ], [ -38.584836455156406, -3.729506428943186 ], [ -38.584857035239168, -3.729342557514567 ], [ -38.584871646731415, -3.72923331031641 ], [ -38.584897282086402, -3.729061381547605 ], [ -38.584922306472151, -3.728924975000679 ], [ -38.584937505939173, -3.728829160960382 ], [ -38.584962705312272, -3.728704898794263 ], [ -38.584976171244747, -3.728633954514475 ], [ -38.585933574539588, -3.728364116213731 ], [ -38.586656288927536, -3.728138502029565 ], [ -38.587349460831632, -3.727925573732761 ], [ -38.588029808514712, -3.727716584122499 ], [ -38.588732084817785, -3.727508065218937 ], [ -38.58946584638101, -3.727293296928018 ], [ -38.591539972144083, -3.726687395343567 ], [ -38.593558512756481, -3.726102512094981 ], [ -38.595571435537998, -3.725512637166921 ], [ -38.596088654696523, -3.725365027079127 ], [ -38.59616668182889, -3.725342423181289 ], [ -38.597001504203291, -3.725095866998545 ], [ -38.597583076227366, -3.724924222085374 ], [ -38.597689247089434, -3.724886887561086 ], [ -38.59969681277758, -3.724298975403384 ], [ -38.601739749312316, -3.723712170006258 ], [ -38.605238247755395, -3.722683292858429 ], [ -38.605338286921707, -3.722655188972304 ], [ -38.605359512617397, -3.722731972455172 ], [ -38.605441143033175, -3.722716797743071 ], [ -38.605540878192556, -3.722688570875117 ], [ -38.605741928487532, -3.722633193364552 ], [ -38.605963991051183, -3.722563196312886 ], [ -38.606259287292161, -3.722480347705396 ], [ -38.611538981550481, -3.720668289877862 ], [ -38.617271594074978, -3.718807017694123 ], [ -38.617320915908415, -3.71876655014791 ], [ -38.617348513708116, -3.718741611962037 ], [ -38.61737364179983, -3.718726378201305 ], [ -38.617425080045024, -3.718710285076252 ], [ -38.617465636658203, -3.718696505672869 ], [ -38.617518957709265, -3.71867608602747 ], [ -38.617565246250777, -3.718667266821418 ], [ -38.617616452996558, -3.71865547606614 ], [ -38.617662370251239, -3.718653194773287 ], [ -38.617747880895095, -3.718645600066257 ], [ -38.617774092401021, -3.718645724461209 ], [ -38.617801463652455, -3.718647067160568 ], [ -38.617838258925332, -3.718660470296371 ], [ -38.617869128401587, -3.718672602469554 ], [ -38.617914199920747, -3.718689596349729 ], [ -38.617951075843152, -3.718705240828976 ], [ -38.617985634286548, -3.718720818851886 ], [ -38.618009293424493, -3.718737671837387 ], [ -38.618029044092864, -3.718752874429911 ], [ -38.618060273193876, -3.718776054881822 ], [ -38.618082908844336, -3.718797542521995 ], [ -38.618114863985049, -3.718828673199406 ], [ -38.618133686171156, -3.71885382484815 ], [ -38.618153879459456, -3.718901516785095 ], [ -38.618165125408119, -3.718933932602236 ], [ -38.618168149562329, -3.718963881271165 ], [ -38.618251821942984, -3.719145082739667 ], [ -38.61826525869968, -3.719171209277265 ], [ -38.618308669173615, -3.719228121937413 ], [ -38.618341031283364, -3.719262458238411 ], [ -38.618368384361624, -3.719292057169533 ], [ -38.618387586919951, -3.71931096853154 ], [ -38.618422171656896, -3.719342884226906 ], [ -38.618447286488149, -3.719365308340576 ], [ -38.618468646867754, -3.719386590120334 ], [ -38.618484078230779, -3.719404321798135 ], [ -38.61850691524851, -3.71943137957027 ], [ -38.618528374279848, -3.719447854113229 ], [ -38.618549738271824, -3.719464365429908 ], [ -38.618571047482106, -3.719477360622126 ], [ -38.618604216073393, -3.719493883858445 ], [ -38.61864217463485, -3.719506812672729 ], [ -38.618677768336518, -3.719517354738341 ], [ -38.618714446286155, -3.719527981276845 ], [ -38.61874639145001, -3.719542149731255 ], [ -38.618819817032687, -3.719567973650598 ], [ -38.618890777739949, -3.71957032914565 ], [ -38.618946359342473, -3.71957034765318 ], [ -38.619009042281867, -3.719570352915649 ], [ -38.619046902835926, -3.719570427393935 ], [ -38.61908238351166, -3.719570400518388 ], [ -38.619129695990402, -3.719565674603944 ], [ -38.61919599329326, -3.719553962544627 ], [ -38.619222023038269, -3.719549240197291 ], [ -38.619248069801571, -3.719539815899263 ], [ -38.619283569153126, -3.71952328775899 ], [ -38.619341726895577, -3.719498631476695 ], [ -38.619376069881582, -3.719478556869437 ], [ -38.61940705041556, -3.719452676574829 ], [ -38.619441486283989, -3.719419620946076 ], [ -38.61946422751479, -3.719384238150752 ], [ -38.619483191180521, -3.719365314900911 ], [ -38.619509598504273, -3.719335820476998 ], [ -38.619528658060901, -3.719301514271409 ], [ -38.619540728255693, -3.719273127708344 ], [ -38.619552667866863, -3.719237607946997 ], [ -38.61957204394551, -3.719197331003949 ], [ -38.619588850086835, -3.71916413510586 ], [ -38.619610406252406, -3.719119064320873 ], [ -38.619628544451444, -3.719088172745786 ], [ -38.619646537967689, -3.719057292136032 ], [ -38.619671974889506, -3.719019188667172 ], [ -38.619691120761182, -3.718988282936824 ], [ -38.619716413643459, -3.718959676596317 ], [ -38.619741660173524, -3.718929883915536 ], [ -38.619757249508297, -3.718903695855617 ], [ -38.619790752100734, -3.718852519607202 ], [ -38.619829168925605, -3.718801257225692 ], [ -38.619850799038765, -3.718771435876727 ], [ -38.61987003086211, -3.718745183207087 ], [ -38.620110241973414, -3.718376762467835 ], [ -38.620196491521405, -3.718271817189676 ], [ -38.620244544869031, -3.71818823231556 ], [ -38.620284619023529, -3.718085770434413 ], [ -38.62034180304353, -3.717954726795357 ], [ -38.620379726381607, -3.717795305036443 ], [ -38.620496589640673, -3.717408418678928 ], [ -38.620529814362136, -3.717181298478664 ], [ -38.620536709723453, -3.717125209811668 ], [ -38.620540247807519, -3.717054003534685 ], [ -38.62054345684183, -3.717004588728233 ], [ -38.620548846403338, -3.716972339376229 ], [ -38.620558396599243, -3.716860508133998 ], [ -38.62055933247948, -3.716813551221795 ], [ -38.620557024931664, -3.716786172783348 ], [ -38.620552197521306, -3.71675391813804 ], [ -38.62048952395314, -3.716417240772574 ], [ -38.620473364443953, -3.716352017972814 ], [ -38.620435428669737, -3.716270434995598 ], [ -38.620408326873886, -3.716205111597666 ], [ -38.620392040359697, -3.716172432422679 ], [ -38.620353777619847, -3.716107011269651 ], [ -38.620342781004695, -3.716074299884736 ], [ -38.620326303439022, -3.716052497604938 ], [ -38.620304307397035, -3.716014365416191 ], [ -38.620282307066589, -3.715970819130449 ], [ -38.620265838197298, -3.715943620889211 ], [ -38.620222003659158, -3.715883833875904 ], [ -38.620123578969405, -3.715759042677867 ], [ -38.620030879280677, -3.715672404407314 ], [ -38.619992751036293, -3.715634545119272 ], [ -38.619922011122839, -3.715558907657355 ], [ -38.619873095877999, -3.715504845122826 ], [ -38.619856797890719, -3.715483226761488 ], [ -38.619729222348255, -3.715372517513182 ], [ -38.619672195403595, -3.715315560317366 ], [ -38.619612353892869, -3.715250197100134 ], [ -38.619568801066634, -3.715190301202763 ], [ -38.619497969800562, -3.715075937348049 ], [ -38.619459800696305, -3.714994272034122 ], [ -38.619432524713339, -3.714923506043497 ], [ -38.619383400440974, -3.71481451885056 ], [ -38.619347983821832, -3.714716657188275 ], [ -38.619129398764059, -3.713748911215049 ], [ -38.619124858013436, -3.713596271718854 ], [ -38.619109754879673, -3.713380012693182 ], [ -38.619076575969864, -3.713171525061502 ], [ -38.619043171634694, -3.712961851201257 ], [ -38.618987775948085, -3.71271842917164 ], [ -38.618987608751546, -3.712691276479397 ], [ -38.618954774608127, -3.712474593843769 ], [ -38.618949279674908, -3.712409562431812 ], [ -38.618938333747636, -3.712322822636635 ], [ -38.618894753760131, -3.7121763674735 ], [ -38.618862107956268, -3.712111243499309 ], [ -38.618840345661731, -3.712073245044031 ], [ -38.618796849287932, -3.7120243794977 ], [ -38.618710359234953, -3.711965330908121 ], [ -38.618661526853295, -3.711922014021251 ], [ -38.618596416628478, -3.711873282313161 ], [ -38.618542158309047, -3.711829965252989 ], [ -38.618498751725205, -3.711797477498454 ], [ -38.61844991894381, -3.711764989405808 ], [ -38.618363105245379, -3.711705428119846 ], [ -38.618291566626354, -3.71165007204534 ], [ -38.618227549962398, -3.711608071235453 ], [ -38.618184898845378, -3.711565638451785 ], [ -38.618105034614828, -3.711475367854182 ], [ -38.61795652883206, -3.711150581907149 ], [ -38.61789835887366, -3.710956297368633 ], [ -38.617872290279969, -3.710719520522179 ], [ -38.617845260186357, -3.710310731212112 ], [ -38.617897692068418, -3.71008897841297 ], [ -38.617977041598913, -3.709974096910538 ], [ -38.618014252674676, -3.709940939304617 ], [ -38.618056768083889, -3.709896674417249 ], [ -38.618104712148892, -3.709846756996981 ], [ -38.618147479537889, -3.709813202153256 ], [ -38.618190662407883, -3.709774733242265 ], [ -38.618245119316697, -3.709742376172765 ], [ -38.618304985388107, -3.709710016687866 ], [ -38.618348537373599, -3.709699373520283 ], [ -38.618446505403817, -3.709694527110958 ], [ -38.618593256314355, -3.70969530417316 ], [ -38.618804872942938, -3.709696424396373 ], [ -38.618897101834513, -3.709712090577121 ], [ -38.619027109855246, -3.709729077921779 ], [ -38.619156881493147, -3.709735394765716 ], [ -38.619243323462811, -3.709746694119239 ], [ -38.619329770572648, -3.709768623679366 ], [ -38.619421747249937, -3.709811868961171 ], [ -38.619513660717196, -3.709849784141637 ], [ -38.61963244208993, -3.709887867480159 ], [ -38.619686715715488, -3.709903883247216 ], [ -38.619821426769512, -3.709915158235779 ], [ -38.619896760016083, -3.709926248714015 ], [ -38.619950532385083, -3.709931859500915 ], [ -38.620036504173626, -3.709937602875975 ], [ -38.620176034421256, -3.709938189673311 ], [ -38.620288612361435, -3.709944038701641 ], [ -38.620422619352674, -3.7099445134601 ], [ -38.620476354058304, -3.709949995660996 ], [ -38.62054079221577, -3.709950129730495 ], [ -38.62058374013629, -3.709950219007485 ], [ -38.620637412488193, -3.70995033056216 ], [ -38.620685866599189, -3.70992884252104 ], [ -38.620723799891024, -3.709901853676289 ], [ -38.62075093286294, -3.709880251264948 ], [ -38.620826596597794, -3.709842504134489 ], [ -38.620864555235364, -3.709815498717239 ], [ -38.620902439122872, -3.709793908956818 ], [ -38.620951673328001, -3.709755898547875 ], [ -38.621023323522067, -3.709685152465616 ], [ -38.621051025662467, -3.70965246805887 ], [ -38.621083906063099, -3.709630667078174 ], [ -38.621117411180876, -3.709581581587271 ], [ -38.621151195432702, -3.709521525784964 ], [ -38.621168164624805, -3.709488738881451 ], [ -38.621174700625986, -3.709439520138966 ], [ -38.621312068174703, -3.70867472579733 ], [ -38.621425594114548, -3.708360621143395 ], [ -38.621452550855224, -3.70828482285993 ], [ -38.621457920935057, -3.708246969982203 ], [ -38.621474103423104, -3.708198368168326 ], [ -38.621490259586842, -3.708128179522415 ], [ -38.621506378663796, -3.70803104693211 ], [ -38.621511695443289, -3.70795015323237 ], [ -38.621516979945802, -3.70780469824237 ], [ -38.621538503340894, -3.70764320928253 ], [ -38.621543908740151, -3.707540929839262 ], [ -38.62157093710281, -3.707422440475905 ], [ -38.621570937656074, -3.707384752986515 ], [ -38.621581751722012, -3.707347033326191 ], [ -38.621587159935288, -3.707293171619888 ], [ -38.62160338574558, -3.707244650363081 ], [ -38.621619615459316, -3.707196117355845 ], [ -38.621635876009144, -3.707163686196781 ], [ -38.62165216265192, -3.707109656936761 ], [ -38.621684806362708, -3.707039170448593 ], [ -38.621712022456215, -3.70699568013226 ], [ -38.621739287998466, -3.706941313330284 ], [ -38.621766521174095, -3.706881601337841 ], [ -38.621782817069771, -3.706838291014605 ], [ -38.621804501738829, -3.706800419609267 ], [ -38.621826217935187, -3.706751689119993 ], [ -38.621858765350325, -3.706692143627073 ], [ -38.62189673482429, -3.706627180779125 ], [ -38.621931998379331, -3.706567618819467 ], [ -38.621959184587446, -3.70650797539343 ], [ -38.622010893863198, -3.706421028682697 ], [ -38.62202729034604, -3.706382921480151 ], [ -38.622054551388871, -3.706333946779528 ], [ -38.6220871924032, -3.706290455471922 ], [ -38.622119876074557, -3.70624148172026 ], [ -38.622136272939123, -3.706208781532213 ], [ -38.62235755043568, -3.70556662965998 ], [ -38.622363275259083, -3.705534460421077 ], [ -38.62238012753609, -3.705480864834496 ], [ -38.622391430027967, -3.705437929163566 ], [ -38.622408226151258, -3.705394998875651 ], [ -38.622430749668808, -3.705325119242787 ], [ -38.622469414913965, -3.705227928229174 ], [ -38.622480687941497, -3.705146788497075 ], [ -38.622480378880475, -3.705076164354666 ], [ -38.622510951111963, -3.704820981044321 ], [ -38.62252085860851, -3.704691005620792 ], [ -38.622520201165401, -3.704577434087515 ], [ -38.622519825388409, -3.704512590107969 ], [ -38.622524619115879, -3.704393800336188 ], [ -38.622524431142139, -3.704329022196345 ], [ -38.62252424308182, -3.704264263618051 ], [ -38.622526681596675, -3.704188753402267 ], [ -38.622529119453027, -3.70411327432864 ], [ -38.622534196694545, -3.704032460344413 ], [ -38.622544661207236, -3.70397867207178 ], [ -38.622560330618036, -3.703892661354302 ], [ -38.622571231945336, -3.703795538612092 ], [ -38.622571694596907, -3.703644194054315 ], [ -38.622566617500638, -3.703557609432194 ], [ -38.622545553930102, -3.703454567205529 ], [ -38.622519185838811, -3.703329698143599 ], [ -38.622497955078757, -3.703269819659442 ], [ -38.622492680070934, -3.703242645444509 ], [ -38.62243393728388, -3.703133511085789 ], [ -38.622357732345677, -3.703020440219621 ], [ -38.622232191752047, -3.702876176852148 ], [ -38.621872915829577, -3.702648671190282 ], [ -38.621845709877441, -3.702621687041046 ], [ -38.621764324490826, -3.702578522713384 ], [ -38.62168871234848, -3.702540808307551 ], [ -38.621623954244733, -3.702513874200006 ], [ -38.621559192890949, -3.702486938677835 ], [ -38.621472850094648, -3.702454613998018 ], [ -38.621402717840766, -3.70243844901722 ], [ -38.621343345836863, -3.702416894723819 ], [ -38.621267798569065, -3.70240072329354 ], [ -38.621186849554384, -3.70238993524822 ], [ -38.621159867004629, -3.702389930633367 ], [ -38.621046503143482, -3.702379128021699 ], [ -38.62093313488198, -3.702379063283612 ], [ -38.620841225815632, -3.702379010855197 ], [ -38.620754612722429, -3.702378961407094 ], [ -38.620591924420602, -3.702378868667389 ], [ -38.62050498606218, -3.70238422758136 ], [ -38.620423358330108, -3.702395009808783 ], [ -38.620363461417952, -3.702405819864065 ], [ -38.620281747656662, -3.702427478183073 ], [ -38.62019450219379, -3.702449157294545 ], [ -38.620167223729794, -3.702454580548157 ], [ -38.62009623357141, -3.702476287076484 ], [ -38.620047025438268, -3.702498008817319 ], [ -38.62001419437577, -3.702514308558133 ], [ -38.619981348051418, -3.702530615958997 ], [ -38.619915633371008, -3.702557816989828 ], [ -38.619822642647563, -3.702590475169949 ], [ -38.619653146684051, -3.702644934128956 ], [ -38.619549208354172, -3.702666751399054 ], [ -38.619439718068605, -3.702694030015619 ], [ -38.61928655071678, -3.702726763191433 ], [ -38.619204718334842, -3.702737650361766 ], [ -38.619073785768421, -3.702753980997897 ], [ -38.618986497109638, -3.702770312199096 ], [ -38.616947853390194, -3.703015105551606 ], [ -38.616904249298322, -3.703015220154264 ], [ -38.616451332956984, -3.703042701656635 ], [ -38.616080082102961, -3.703070047029176 ], [ -38.615670682682783, -3.703102724743389 ], [ -38.615266740077558, -3.703151744257391 ], [ -38.614630848985598, -3.703194356981147 ], [ -38.614539133204879, -3.703194038302612 ], [ -38.61173782386907, -3.70329196579276 ], [ -38.611645475754464, -3.703275718240675 ], [ -38.611547662994205, -3.703270316030261 ], [ -38.611433463248552, -3.703264825365705 ], [ -38.611357383984171, -3.70325942183707 ], [ -38.611297604198384, -3.7032539812822 ], [ -38.611210691701835, -3.703243096396942 ], [ -38.61109663246652, -3.703237655517432 ], [ -38.609981888138726, -3.703156354100106 ], [ -38.608960499781482, -3.703020517208674 ], [ -38.60721778685464, -3.702629074892577 ], [ -38.606260763481174, -3.702357997386775 ], [ -38.604961326180856, -3.702395977479266 ], [ -38.604199470569874, -3.702525356395398 ], [ -38.603364319461868, -3.702780500860115 ], [ -38.602748202640932, -3.70298753629567 ], [ -38.601350861088967, -3.703346224443774 ], [ -38.600577640062653, -3.703487773839508 ], [ -38.599869418708288, -3.703525820196513 ], [ -38.599037450499473, -3.703521163148276 ], [ -38.59735375504998, -3.703374559224269 ], [ -38.596478610426665, -3.703183501570797 ], [ -38.595581597705845, -3.703019721313602 ], [ -38.594239427459506, -3.702506278718862 ], [ -38.593435480716941, -3.701954990290742 ], [ -38.591908929968987, -3.700977133035278 ], [ -38.590710897733523, -3.700220095028957 ], [ -38.589965706608439, -3.699545632477107 ], [ -38.589472781607519, -3.699198735158379 ], [ -38.58860234705508, -3.698040398929142 ], [ -38.588140664227282, -3.69731583312296 ], [ -38.587769760592934, -3.696716772918882 ], [ -38.587583197061178, -3.696405976186519 ], [ -38.587632993029381, -3.694546401758586 ], [ -38.587626613674303, -3.692527375037587 ], [ -38.587510807883199, -3.692088286039163 ], [ -38.587270002005916, -3.691721589926859 ], [ -38.586666516966709, -3.69202502485827 ], [ -38.585899357061734, -3.692637945225381 ], [ -38.585100442301091, -3.693177028510439 ], [ -38.584596472831485, -3.693462035973609 ], [ -38.584134226171329, -3.693684006929855 ] ] ] ] } },
{ "type": "Feature", "properties": { "nome": "AIS 10", "territorio": "Capital", "casos": 13, "populacao": 178954, "taxa": 7.2644366708763144, "classe": "5.9-9.2" }, "geometry": { "type": "MultiPolygon", "coordinates": [ [ [ [ -38.455596446310544, -3.731939085592251 ], [ -38.454954566292415, -3.733073034977513 ], [ -38.454339284247105, -3.734297918126717 ], [ -38.453775092933817, -3.735470905186223 ], [ -38.453236733611107, -3.736808464664534 ], [ -38.452271270694382, -3.738396164927036 ], [ -38.452011904916553, -3.739282474523918 ], [ -38.451447606260892, -3.740182253003249 ], [ -38.450445700059603, -3.74200079527282 ], [ -38.449777591127528, -3.743580083797454 ], [ -38.44946726993556, -3.744113475640088 ], [ -38.449004091251197, -3.744909891519675 ], [ -38.447929090376249, -3.747071351305288 ], [ -38.447487458305595, -3.747958886376865 ], [ -38.446087372885628, -3.750391790729141 ], [ -38.445930398422256, -3.750690769763736 ], [ -38.442640388532013, -3.757541787884487 ], [ -38.44099867993377, -3.760353393288374 ], [ -38.440387755327599, -3.761739381715264 ], [ -38.439519794964937, -3.762721999725654 ], [ -38.438971082142693, -3.763846672335429 ], [ -38.437993382165814, -3.765042805901315 ], [ -38.436943559160788, -3.767196285152791 ], [ -38.436174022498264, -3.768281829943413 ], [ -38.436060963787995, -3.768571807839423 ], [ -38.435866138923359, -3.769071502534165 ], [ -38.435799522739863, -3.769396436186362 ], [ -38.435709130369787, -3.769703610738122 ], [ -38.435562493366866, -3.769945350890628 ], [ -38.435428045022739, -3.770215029240209 ], [ -38.435381806661297, -3.770407105119969 ], [ -38.435354476586092, -3.770723176592015 ], [ -38.435373387978011, -3.770842403604818 ], [ -38.435419418941429, -3.770971866676392 ], [ -38.43548208207892, -3.771064151755052 ], [ -38.435556970440516, -3.771115321050939 ], [ -38.435614202878661, -3.771144468614081 ], [ -38.435660136054409, -3.771158698660313 ], [ -38.435750597499727, -3.771173667686713 ], [ -38.435891956704914, -3.771176599685188 ], [ -38.436002227468293, -3.771162471257459 ], [ -38.436180395446641, -3.771080226223721 ], [ -38.436287868249956, -3.77102065544412 ], [ -38.436386866695656, -3.770949719017782 ], [ -38.436488695089388, -3.770874524369961 ], [ -38.43656932114579, -3.770796475902165 ], [ -38.436648548203422, -3.770695706267359 ], [ -38.436700881927685, -3.770648879746734 ], [ -38.43678289322488, -3.770614852634986 ], [ -38.436830961437224, -3.77060636375529 ], [ -38.436932740422272, -3.770607849853599 ], [ -38.437130623867368, -3.770642058676107 ], [ -38.437418930902801, -3.770750166932802 ], [ -38.437639329975653, -3.770943432017931 ], [ -38.437752312976137, -3.77110822710707 ], [ -38.437848318088037, -3.771295731433888 ], [ -38.437899062129716, -3.771522966858612 ], [ -38.437910177619173, -3.771824017415111 ], [ -38.437870395754771, -3.77213639509666 ], [ -38.437779705527497, -3.772477140069428 ], [ -38.437638055737942, -3.772925773152636 ], [ -38.437530398273118, -3.773272187120577 ], [ -38.437394457447581, -3.773635622885945 ], [ -38.437094112911183, -3.774657839029081 ], [ -38.436742820526923, -3.775768062763294 ], [ -38.436402826859151, -3.776892493700453 ], [ -38.436261237653078, -3.777244565304811 ], [ -38.436170555162455, -3.777571109749419 ], [ -38.436093961129508, -3.777971504138159 ], [ -38.436088132452582, -3.778241303220458 ], [ -38.436104907046335, -3.778533837269807 ], [ -38.436158362480263, -3.778939996429319 ], [ -38.436217586122339, -3.779170077468998 ], [ -38.436271177295559, -3.77936607447483 ], [ -38.436350237554421, -3.779525167677118 ], [ -38.436466059402605, -3.779672924698392 ], [ -38.436584710370425, -3.7798178435214 ], [ -38.436720337701033, -3.779942893172924 ], [ -38.436853137821032, -3.780067940968342 ], [ -38.437019852164035, -3.780212891033686 ], [ -38.437178115939517, -3.780309555054944 ], [ -38.437344868829264, -3.780394864450719 ], [ -38.43752294540235, -3.780457460935231 ], [ -38.437712336501697, -3.780511544648617 ], [ -38.437913045782906, -3.780551435523317 ], [ -38.438079848173011, -3.780560063986548 ], [ -38.438226887222463, -3.780526079115655 ], [ -38.438422024265854, -3.780438164849475 ], [ -38.438506869227965, -3.780395619454849 ], [ -38.43856910347511, -3.780341699251204 ], [ -38.438620054278132, -3.780248011280272 ], [ -38.438671068984888, -3.780054922245782 ], [ -38.438682560591502, -3.779770926556476 ], [ -38.438654415912815, -3.779572106094954 ], [ -38.438609289488568, -3.779401674930761 ], [ -38.438535930771828, -3.77916874475698 ], [ -38.438363733510592, -3.778756828465904 ], [ -38.438335543241443, -3.778629008759755 ], [ -38.438335685707251, -3.77840748640494 ], [ -38.438375347498123, -3.77828255076001 ], [ -38.438525339364318, -3.778052605520824 ], [ -38.438768653907914, -3.777785800340556 ], [ -38.439011902643188, -3.777621236168955 ], [ -38.439520974064529, -3.777360282960565 ], [ -38.440582901057191, -3.776896624461547 ], [ -38.440657836594681, -3.776875372628017 ], [ -38.440734193021683, -3.776842761574631 ], [ -38.440861467959017, -3.77676616288835 ], [ -38.441072169196687, -3.776654117623582 ], [ -38.441233384592543, -3.776556240533568 ], [ -38.441357837657939, -3.776471119841376 ], [ -38.441506339487191, -3.776359034323599 ], [ -38.441683139082585, -3.776207206554354 ], [ -38.44208203556078, -3.775807018925251 ], [ -38.442322523013367, -3.775537370623642 ], [ -38.442582788297983, -3.775287615194177 ], [ -38.44284584265818, -3.775097502166191 ], [ -38.443162621636368, -3.774896063438562 ], [ -38.443571739102048, -3.774628509987281 ], [ -38.444159570051418, -3.774243512744915 ], [ -38.444589507493568, -3.773949004672099 ], [ -38.448338727118056, -3.771315248866176 ], [ -38.451402115564058, -3.768923040148645 ], [ -38.451594448417644, -3.768792519965979 ], [ -38.452242123593187, -3.768406683800779 ], [ -38.453079273336904, -3.767938605353048 ], [ -38.453237648997231, -3.767856344003352 ], [ -38.453336637095099, -3.767799605571345 ], [ -38.454087578666986, -3.767294551164943 ], [ -38.454193644429964, -3.767222196849877 ], [ -38.454370404744211, -3.76712716663803 ], [ -38.45448211605644, -3.767069016028603 ], [ -38.45464472432127, -3.76699953721777 ], [ -38.454834184931514, -3.76694001537546 ], [ -38.455029295536811, -3.766887597134941 ], [ -38.455167849440258, -3.766855023637055 ], [ -38.45527670785566, -3.766838051705172 ], [ -38.455395461525015, -3.766821085966389 ], [ -38.455445606309425, -3.76681648575664 ], [ -38.455518452486004, -3.766809802948788 ], [ -38.455924165064829, -3.766798697138005 ], [ -38.45636095765515, -3.766818851046573 ], [ -38.456670522020019, -3.766844605205264 ], [ -38.457029544233691, -3.766900210620853 ], [ -38.457293857369145, -3.766951496631707 ], [ -38.457600562985959, -3.76702836942569 ], [ -38.457774403481871, -3.767082438809423 ], [ -38.45797932671087, -3.767163507963243 ], [ -38.458150317209942, -3.767254496039332 ], [ -38.458509251108033, -3.767453522931117 ], [ -38.458750902924002, -3.767575795442323 ], [ -38.458996813187944, -3.767669670130795 ], [ -38.459163584126145, -3.767726574901743 ], [ -38.459338854284901, -3.767755084517395 ], [ -38.459655489897997, -3.767776582012738 ], [ -38.45993397644267, -3.767768235213364 ], [ -38.460247810262899, -3.767748550135877 ], [ -38.460454214045527, -3.767721698061983 ], [ -38.460656380488111, -3.767689163218801 ], [ -38.460851485861696, -3.767645263769231 ], [ -38.461004175038511, -3.767614118127674 ], [ -38.46117949071364, -3.767568786289006 ], [ -38.461596585286287, -3.767439823142542 ], [ -38.462232839066317, -3.767230054337591 ], [ -38.464319769328895, -3.766509973380042 ], [ -38.465863734216661, -3.766013916680951 ], [ -38.468412886436965, -3.765332449794954 ], [ -38.468880158988377, -3.765209193642183 ], [ -38.46916505186757, -3.765125586429895 ], [ -38.469266147663845, -3.765088017589933 ], [ -38.469399059098969, -3.765034847915303 ], [ -38.469505820484606, -3.764978822200277 ], [ -38.469647234593474, -3.76489086710008 ], [ -38.469754016135759, -3.764801470808832 ], [ -38.469845949619696, -3.764720585580659 ], [ -38.469925152028758, -3.764653892807438 ], [ -38.470690447248067, -3.763771104680673 ], [ -38.470964967634153, -3.763456860130452 ], [ -38.47108181888612, -3.763328524482732 ], [ -38.471795991495583, -3.762571438191789 ], [ -38.473561958087032, -3.760626074970714 ], [ -38.473894307869223, -3.760370671674953 ], [ -38.47409301723048, -3.760206779014124 ], [ -38.474211106146328, -3.760118098871339 ], [ -38.474495353582981, -3.759928697361532 ], [ -38.474785272303059, -3.759710898668393 ], [ -38.47498539028917, -3.759554816744367 ], [ -38.475117618438823, -3.759460464886288 ], [ -38.475261855375827, -3.759377480447792 ], [ -38.47546406857775, -3.759263290391774 ], [ -38.475577906259836, -3.75919164776146 ], [ -38.475694578758251, -3.759107226596392 ], [ -38.476011371016774, -3.758863173140566 ], [ -38.476247556582337, -3.758671611956657 ], [ -38.476391810659237, -3.758559516788961 ], [ -38.476462516040904, -3.758516958578678 ], [ -38.476618054314905, -3.758446050889083 ], [ -38.476866933274074, -3.758302777998335 ], [ -38.477079055199503, -3.758165163037975 ], [ -38.477217644556468, -3.758070104606871 ], [ -38.477366139218873, -3.757958011792535 ], [ -38.47789083261852, -3.75754083922735 ], [ -38.478152480775854, -3.757318052122891 ], [ -38.478667239491898, -3.756966194209614 ], [ -38.479177750291626, -3.75662569359764 ], [ -38.479767448199965, -3.756241219142737 ], [ -38.480539570887551, -3.75573615083513 ], [ -38.481149104965823, -3.755272165623697 ], [ -38.481461650316248, -3.7550337873348 ], [ -38.481533770472346, -3.754988389424834 ], [ -38.481670948651725, -3.754887649194753 ], [ -38.481884486030971, -3.754744353569291 ], [ -38.482066908366498, -3.754628019885534 ], [ -38.482296715761265, -3.754461303374359 ], [ -38.482439543975225, -3.754367666490347 ], [ -38.482610650311187, -3.754263396174683 ], [ -38.482716709979307, -3.754195297878419 ], [ -38.482862361957025, -3.754107342696553 ], [ -38.48310136432741, -3.75392891616784 ], [ -38.48321061723771, -3.753839164284062 ], [ -38.483480737920033, -3.753627740461247 ], [ -38.483674486095978, -3.7534815925232 ], [ -38.483796105124313, -3.753396462965657 ], [ -38.483962974936574, -3.753284379674545 ], [ -38.484076102357612, -3.753216285366393 ], [ -38.484213287493162, -3.75310276441287 ], [ -38.484325021268532, -3.753000588588281 ], [ -38.484538591100119, -3.752800491111653 ], [ -38.484783269008425, -3.752584791660153 ], [ -38.485078836926959, -3.752367702164659 ], [ -38.485333374410992, -3.752212359513818 ], [ -38.485454983979572, -3.752142849972694 ], [ -38.485632459450116, -3.752023672420224 ], [ -38.485775289857976, -3.751925064785333 ], [ -38.485923764224772, -3.751844210796217 ], [ -38.486046072615984, -3.751788191833223 ], [ -38.486171206101261, -3.751735724585411 ], [ -38.486275121198801, -3.751708095296784 ], [ -38.486372670572408, -3.751688272396255 ], [ -38.48646314494237, -3.751680515551641 ], [ -38.486562807237739, -3.751673474123341 ], [ -38.486634193987555, -3.751672806155884 ], [ -38.486713351758752, -3.751678532883665 ], [ -38.486808762927161, -3.751689239271117 ], [ -38.486888620871682, -3.751706326618099 ], [ -38.486967059845725, -3.751732643303981 ], [ -38.487042677854177, -3.751748308114411 ], [ -38.487109817217878, -3.751758997832124 ], [ -38.487237738517365, -3.751773983387242 ], [ -38.487384028646773, -3.751802469992578 ], [ -38.48748155320029, -3.751825247789784 ], [ -38.487567768202581, -3.751849438955794 ], [ -38.487722519647818, -3.751912721167898 ], [ -38.487857479182757, -3.751978831782055 ], [ -38.487983238820647, -3.75206481736615 ], [ -38.488181061095901, -3.752203386296633 ], [ -38.48835912371144, -3.752289402549421 ], [ -38.488518828247138, -3.752343457362684 ], [ -38.488670062397574, -3.752378336798913 ], [ -38.489130145905946, -3.752448898021545 ], [ -38.489299766713366, -3.752466747792651 ], [ -38.489434048125929, -3.75248386681399 ], [ -38.489562326310285, -3.752493172143023 ], [ -38.489643253673144, -3.752494639568572 ], [ -38.489720298600844, -3.752487584542773 ], [ -38.489793458207615, -3.752476977164289 ], [ -38.489975833505504, -3.752439453162856 ], [ -38.490162451629168, -3.752398381531946 ], [ -38.490288276200161, -3.752372894618657 ], [ -38.490385118412455, -3.752353780867672 ], [ -38.490503165335539, -3.75233325947365 ], [ -38.490658551720379, -3.752309071722178 ], [ -38.490943917748432, -3.753594436043258 ], [ -38.490949476983268, -3.753624281160471 ], [ -38.4909528030106, -3.753651867201089 ], [ -38.490952577445249, -3.753670145212509 ], [ -38.49095407383701, -3.753786058187484 ], [ -38.490952777192611, -3.753865216912979 ], [ -38.490957732400979, -3.753948148790753 ], [ -38.490985157761571, -3.75410774028232 ], [ -38.491017577628725, -3.754282412689011 ], [ -38.491056204253397, -3.754538761204933 ], [ -38.491076146612471, -3.754660653331746 ], [ -38.491117324346824, -3.754831561356138 ], [ -38.491138550263109, -3.754896911744591 ], [ -38.491147282643965, -3.754937124838336 ], [ -38.491162264704656, -3.75498488058209 ], [ -38.491187237597387, -3.755059656907429 ], [ -38.491219708073672, -3.755147002610309 ], [ -38.491255289575257, -3.755261993124689 ], [ -38.491274016799224, -3.755322316053222 ], [ -38.491293991197743, -3.755388922208954 ], [ -38.491316452306613, -3.755481288062204 ], [ -38.491336399070526, -3.755595641192318 ], [ -38.491362586431272, -3.755733243213367 ], [ -38.491378800774513, -3.755813040419702 ], [ -38.4913962462916, -3.755926763838623 ], [ -38.491405273207356, -3.755998389597949 ], [ -38.491414262664833, -3.756134725072847 ], [ -38.49141293766165, -3.756262887273761 ], [ -38.491415408732607, -3.756315661706981 ], [ -38.491414740046544, -3.756390423051474 ], [ -38.491409079754348, -3.756445077483737 ], [ -38.491400912382922, -3.756509154199151 ], [ -38.491387749039866, -3.756560662997917 ], [ -38.49136332293741, -3.756621588963569 ], [ -38.491331387233828, -3.756690677788059 ], [ -38.49129195284123, -3.756749081980854 ], [ -38.491246265477329, -3.756805597766939 ], [ -38.491172428660882, -3.756872777342807 ], [ -38.491097973707198, -3.756927391552667 ], [ -38.49101664110065, -3.756978860484033 ], [ -38.490929682745318, -3.757025300117656 ], [ -38.490835217690027, -3.757074876599161 ], [ -38.49074326262668, -3.757110004792086 ], [ -38.490647556578878, -3.757142617780108 ], [ -38.490503064489417, -3.757182741197492 ], [ -38.49016091785581, -3.757267982813222 ], [ -38.489723692307855, -3.757382696282255 ], [ -38.489523533908745, -3.757431582382144 ], [ -38.488946818925029, -3.757587049834374 ], [ -38.488286295704533, -3.757748750096067 ], [ -38.488069482266901, -3.757803594415723 ], [ -38.487685428665884, -3.757896349331701 ], [ -38.487181276471432, -3.758024215268373 ], [ -38.486888552599524, -3.75808184165785 ], [ -38.486623358330093, -3.758119380205498 ], [ -38.486443224439419, -3.758148173383615 ], [ -38.486288105320753, -3.758179494288451 ], [ -38.486190529450646, -3.75820079715493 ], [ -38.486037906980137, -3.758240600852714 ], [ -38.485740167987025, -3.75831832785042 ], [ -38.485469954930849, -3.75838224953268 ], [ -38.485177222798555, -3.758453696792455 ], [ -38.484967836437143, -3.75850744524633 ], [ -38.484843204966339, -3.758540197484348 ], [ -38.484728113977219, -3.75856777229754 ], [ -38.484552975858229, -3.758609133004871 ], [ -38.484439132717341, -3.758641734509832 ], [ -38.48433029443536, -3.758671590375136 ], [ -38.484235761350249, -3.758703103860064 ], [ -38.484103223122119, -3.758754502443005 ], [ -38.483972909498661, -3.758811674361784 ], [ -38.483635834519724, -3.759031517086792 ], [ -38.483443068727716, -3.759191683904747 ], [ -38.483308262419541, -3.759339032356368 ], [ -38.483248258425917, -3.75942934114411 ], [ -38.483132715573696, -3.759654198255135 ], [ -38.483036194525361, -3.759968655030629 ], [ -38.482973846118867, -3.7602977538399 ], [ -38.482854955335903, -3.761002814880225 ], [ -38.482689206202416, -3.762949323720245 ], [ -38.482592663253904, -3.764196186566283 ], [ -38.482451889792358, -3.765525227083192 ], [ -38.482397308327592, -3.765958952831048 ], [ -38.482341721153439, -3.766488247373383 ], [ -38.482222736780365, -3.767641046899582 ], [ -38.482116732588139, -3.768144301327935 ], [ -38.481831711176966, -3.771444112390347 ], [ -38.481736449554333, -3.772666095206773 ], [ -38.481698079514537, -3.773097343953774 ], [ -38.481682607155818, -3.773315038154561 ], [ -38.481652180887941, -3.773856346884901 ], [ -38.481648822535838, -3.774443034386957 ], [ -38.4816666562945, -3.774830139163109 ], [ -38.481286900812293, -3.779351805594137 ], [ -38.481105891181159, -3.781460782667936 ], [ -38.481077211245598, -3.781794936261828 ], [ -38.480914775348744, -3.783687488871184 ], [ -38.480855580458524, -3.784444045662456 ], [ -38.48072606348623, -3.786099364749562 ], [ -38.480677718434656, -3.786923616738526 ], [ -38.48149399157419, -3.786998230397501 ], [ -38.482485791238737, -3.787083494356314 ], [ -38.482810736615605, -3.787111912042111 ], [ -38.483231098802776, -3.787147841849846 ], [ -38.483672663555886, -3.787187511703616 ], [ -38.484046376129939, -3.787222348210125 ], [ -38.484102035668549, -3.787227174052801 ], [ -38.484727010348024, -3.787285590779198 ], [ -38.485673222887669, -3.787367628900105 ], [ -38.485731535249336, -3.787368728650963 ], [ -38.485813175322271, -3.787365582209987 ], [ -38.485870959452484, -3.787363486577355 ], [ -38.485931925234141, -3.787359795305238 ], [ -38.485997132274882, -3.787355574043447 ], [ -38.486057038448614, -3.787350817111736 ], [ -38.486331132122253, -3.78731263948911 ], [ -38.486599394484195, -3.787274458309215 ], [ -38.488087552265625, -3.787077780562123 ], [ -38.488413865298277, -3.787034840616685 ], [ -38.489587635813564, -3.786883769757889 ], [ -38.490017063295078, -3.786829707407659 ], [ -38.490423163062864, -3.78677989115496 ], [ -38.490695663082604, -3.786747036259045 ], [ -38.490749738866469, -3.786740678023194 ], [ -38.490797981794756, -3.786736978896467 ], [ -38.490853115014282, -3.786735413870476 ], [ -38.490890953842992, -3.786736543271215 ], [ -38.490907716249389, -3.786737043589406 ], [ -38.490960727130734, -3.786738672367534 ], [ -38.491065686793036, -3.786745124350356 ], [ -38.491529524975853, -3.78677149057294 ], [ -38.491845994690038, -3.786790314705195 ], [ -38.49200873416649, -3.786802125675134 ], [ -38.492085597592109, -3.786808561009027 ], [ -38.492125354291069, -3.786812311963098 ], [ -38.492291259600201, -3.786849685244525 ], [ -38.492395678642495, -3.786874242106763 ], [ -38.492438610164626, -3.786888112611956 ], [ -38.492659099412343, -3.786956936024113 ], [ -38.49284831388087, -3.787022013444724 ], [ -38.492909268209274, -3.787038024554611 ], [ -38.492947433332212, -3.787043904580141 ], [ -38.493035433313295, -3.787043423735446 ], [ -38.493089508498855, -3.787038130373975 ], [ -38.493142524686171, -3.787030706345353 ], [ -38.493334457931795, -3.786978632943414 ], [ -38.493438907372386, -3.7869510036695 ], [ -38.493547067327725, -3.786923909068642 ], [ -38.493811637901757, -3.786852707767694 ], [ -38.494021068705358, -3.786794254330666 ], [ -38.494358811627471, -3.786695405165144 ], [ -38.494754348505822, -3.786577419284711 ], [ -38.494916061613203, -3.786530919187427 ], [ -38.494597554098227, -3.785455061339632 ], [ -38.494278526665013, -3.784362695318747 ], [ -38.493965324655747, -3.783281515393536 ], [ -38.494872510352444, -3.78301153054654 ], [ -38.494894824259873, -3.782926874380592 ], [ -38.495122436283616, -3.782136894526967 ], [ -38.495133577880061, -3.782121058837657 ], [ -38.495151747514306, -3.782098304611776 ], [ -38.495203742289981, -3.782023250951205 ], [ -38.495258386094008, -3.781950861386229 ], [ -38.495307185681355, -3.781900833857646 ], [ -38.495652447277941, -3.781630519814435 ], [ -38.495692752976801, -3.781601255225847 ], [ -38.495741010711789, -3.781571462761006 ], [ -38.495802532096974, -3.781523040147661 ], [ -38.495851327630731, -3.781479935218744 ], [ -38.495892174198239, -3.781432033055636 ], [ -38.495930906144032, -3.781374011951896 ], [ -38.496307103029778, -3.780776221441704 ], [ -38.496353253451915, -3.780723529738975 ], [ -38.496396746841775, -3.780682019214323 ], [ -38.496454026901191, -3.780634126582034 ], [ -38.496976422080785, -3.780231852267555 ], [ -38.497009833727233, -3.780206843680921 ], [ -38.497034758014621, -3.780191415355027 ], [ -38.49749929848322, -3.779913714581936 ], [ -38.497628146959798, -3.779860538310084 ], [ -38.497672690060696, -3.779837133689489 ], [ -38.497717768175761, -3.779805209201077 ], [ -38.497743754814351, -3.779786053891244 ], [ -38.497767095780752, -3.779758376868878 ], [ -38.497792551077197, -3.779741351292756 ], [ -38.497824897860532, -3.779724329715554 ], [ -38.497855650317881, -3.77971422985468 ], [ -38.498671615444898, -3.779507556218883 ], [ -38.498758573158582, -3.779474590909923 ], [ -38.498822213170719, -3.779428831820117 ], [ -38.498873668798765, -3.779368687869079 ], [ -38.498922483321408, -3.779292034540825 ], [ -38.498960697383609, -3.779212180004324 ], [ -38.498987250148154, -3.779130188669253 ], [ -38.499010624971611, -3.779043402892907 ], [ -38.499040380404061, -3.778923072609192 ], [ -38.499065365105757, -3.77880220705053 ], [ -38.499090344606017, -3.778690394175765 ], [ -38.499107889981929, -3.778600409952401 ], [ -38.499130237833164, -3.77845557986224 ], [ -38.499160051848257, -3.778233007466544 ], [ -38.499207431638979, -3.77788477260281 ], [ -38.49921806962692, -3.777822474954666 ], [ -38.499232418711678, -3.777759646941735 ], [ -38.499251540034834, -3.777694691644122 ], [ -38.499273311615809, -3.777630270389658 ], [ -38.499300380052567, -3.777573307353641 ], [ -38.499325845937769, -3.777537643835199 ], [ -38.499647587759213, -3.777139511491245 ], [ -38.499707004633876, -3.77706233170494 ], [ -38.499744680159175, -3.77699685459804 ], [ -38.499769629614796, -3.776937227759626 ], [ -38.499782910790664, -3.776887711891884 ], [ -38.499785593975574, -3.776830734744701 ], [ -38.499784032903683, -3.776779612768637 ], [ -38.499778228490399, -3.776732748430774 ], [ -38.499729139888018, -3.776362624795603 ], [ -38.500011213707381, -3.776268533214506 ], [ -38.500405164046683, -3.77613456773566 ], [ -38.501250318082818, -3.775864006605844 ], [ -38.501685088891371, -3.775726336419415 ], [ -38.501926958334288, -3.775650199673477 ], [ -38.502209475571497, -3.775545437662786 ], [ -38.502686926684717, -3.775214862246834 ], [ -38.503313997271732, -3.774728437970151 ], [ -38.503688488754989, -3.774355697980768 ], [ -38.504012012200086, -3.77400202954793 ], [ -38.504398383699943, -3.773664274810099 ], [ -38.504873397178415, -3.773204806954934 ], [ -38.505175754189288, -3.772933915830702 ], [ -38.505371391402356, -3.77274824850137 ], [ -38.505925116206086, -3.77235286676922 ], [ -38.506507918093654, -3.772101156412529 ], [ -38.508233038914987, -3.771754612967451 ], [ -38.50891955111797, -3.771524183201394 ], [ -38.509466123236464, -3.771352701086921 ], [ -38.50941837037778, -3.770798861558538 ], [ -38.509322595656421, -3.770171153195174 ], [ -38.509173119206864, -3.769515013807823 ], [ -38.508997110009815, -3.768907850507016 ], [ -38.50890496163241, -3.768548571265025 ], [ -38.508687691342587, -3.767983944534565 ], [ -38.508512674754627, -3.767498194497357 ], [ -38.508363963790408, -3.767143044155357 ], [ -38.507098164939059, -3.763854448624284 ], [ -38.50699283160953, -3.763634737706248 ], [ -38.506849607670908, -3.763373481440139 ], [ -38.506775284581714, -3.763259633183416 ], [ -38.506657031559044, -3.763114006461923 ], [ -38.5065038465466, -3.762950447650363 ], [ -38.5062223442741, -3.76260226554718 ], [ -38.506107535597181, -3.762417559473196 ], [ -38.506364901773196, -3.762447016620174 ], [ -38.506685684540905, -3.762447198744263 ], [ -38.50691802516225, -3.7624584578849 ], [ -38.507617630727729, -3.762542173574152 ], [ -38.507766942004437, -3.762547867032461 ], [ -38.508030254075415, -3.762582089616738 ], [ -38.508192870922144, -3.762620299933636 ], [ -38.508328338407324, -3.762581476241116 ], [ -38.508483248807551, -3.76255939971323 ], [ -38.508621492481964, -3.762548350574606 ], [ -38.509271661722991, -3.762670007220032 ], [ -38.509782926203272, -3.762765672295506 ], [ -38.510147908648413, -3.762799169546767 ], [ -38.510418980255821, -3.762799322289488 ], [ -38.510836593212829, -3.762766265975915 ], [ -38.51094169903422, -3.762749679394825 ], [ -38.511068859542348, -3.762749750940339 ], [ -38.511505868813288, -3.762655550232876 ], [ -38.511788042221006, -3.762611199536686 ], [ -38.512071698292445, -3.762580448541721 ], [ -38.512209174918389, -3.762566623564409 ], [ -38.512449060239682, -3.76245045072386 ], [ -38.512543098256657, -3.762417211995582 ], [ -38.51270350214633, -3.762395047312571 ], [ -38.513051932702233, -3.762395242584335 ], [ -38.513190251029634, -3.762411965801419 ], [ -38.513393537402997, -3.762448778408769 ], [ -38.513494432812273, -3.762467682218492 ], [ -38.513588424599149, -3.762517762505789 ], [ -38.513704595056495, -3.762523436401121 ], [ -38.514031613143658, -3.762485714061851 ], [ -38.51442575646147, -3.76238886434597 ], [ -38.51466081586166, -3.762314300913491 ], [ -38.515106166798184, -3.762173030470603 ], [ -38.515883456186621, -3.76183394481436 ], [ -38.51611121104326, -3.761746433765504 ], [ -38.51654668646799, -3.76157910928822 ], [ -38.517005429413075, -3.761254586266868 ], [ -38.517276702509534, -3.761062682549339 ], [ -38.517568307567359, -3.760761263441446 ], [ -38.517707509586884, -3.760617376421241 ], [ -38.517923647203531, -3.76026525186728 ], [ -38.517980760539885, -3.760185205406434 ], [ -38.518997895551387, -3.760065813557439 ], [ -38.519036109916044, -3.759805571840255 ], [ -38.519085720811532, -3.759500634782423 ], [ -38.51911945088208, -3.759302972862962 ], [ -38.519154649009892, -3.759133126102248 ], [ -38.519175960702071, -3.759040257814825 ], [ -38.519196767070213, -3.758967256640901 ], [ -38.51926114186999, -3.758788485667063 ], [ -38.519291845946171, -3.758699099357288 ], [ -38.519343331069287, -3.758582903543106 ], [ -38.519409653646932, -3.758458768961365 ], [ -38.519496750179755, -3.758320738667232 ], [ -38.519549198576989, -3.758251231744806 ], [ -38.519619357569205, -3.757990905197178 ], [ -38.519641505197185, -3.757879039444935 ], [ -38.519682735563848, -3.757655534321005 ], [ -38.519805215854731, -3.757069499191649 ], [ -38.519881360207407, -3.756703342518001 ], [ -38.520016390134359, -3.75599814658139 ], [ -38.520120337623645, -3.755465534805872 ], [ -38.520153520558814, -3.755293983057077 ], [ -38.520234881337842, -3.754881924363723 ], [ -38.520472972624276, -3.753660111246293 ], [ -38.520496911694543, -3.753539870316847 ], [ -38.520587663084193, -3.753040861110607 ], [ -38.520660154833351, -3.752670318170996 ], [ -38.520752354793387, -3.752199708263636 ], [ -38.520815332011338, -3.751877496946729 ], [ -38.520893712736999, -3.751478136601798 ], [ -38.520993838563292, -3.750971675443286 ], [ -38.521162817615441, -3.750137559682208 ], [ -38.521339485395572, -3.749288016552982 ], [ -38.521502565421912, -3.74849928413517 ], [ -38.521590442694887, -3.748082681857081 ], [ -38.521651588716999, -3.747803132925526 ], [ -38.521834582070461, -3.746950869791651 ], [ -38.521955996652451, -3.746342753640984 ], [ -38.522135371825314, -3.745495934770386 ], [ -38.522270359764505, -3.744851516515528 ], [ -38.522439766383783, -3.744056432943616 ], [ -38.52259739763582, -3.743313083772398 ], [ -38.522637227914899, -3.743120716185506 ], [ -38.522718799091273, -3.742726752978758 ], [ -38.522888205155866, -3.741930761441676 ], [ -38.523299957708865, -3.739966646274184 ], [ -38.5236473933684, -3.738296148076231 ], [ -38.523898365311062, -3.737048601907264 ], [ -38.523928312458871, -3.736903533021324 ], [ -38.523801722116083, -3.73694326761581 ], [ -38.522988133272975, -3.737196587593919 ], [ -38.522212178018343, -3.737441709589769 ], [ -38.521224806629291, -3.737753114306253 ], [ -38.520377178798931, -3.738020383144427 ], [ -38.519370498078004, -3.738336705637184 ], [ -38.518187743078713, -3.738713083546557 ], [ -38.517878801827976, -3.73880758133365 ], [ -38.517553522792504, -3.738913580909251 ], [ -38.517375587177277, -3.73896668450725 ], [ -38.517041797870803, -3.739070990616155 ], [ -38.5166397233777, -3.739198254796621 ], [ -38.51634971596819, -3.739289271373157 ], [ -38.516033198276467, -3.739388341927485 ], [ -38.515686955912891, -3.739498288711566 ], [ -38.515320229055554, -3.739613065244534 ], [ -38.514895259225099, -3.739746770867177 ], [ -38.514573118377555, -3.739846644604765 ], [ -38.514291544513462, -3.739937261686344 ], [ -38.513961771535037, -3.740039955003175 ], [ -38.513763345695786, -3.740101167178575 ], [ -38.513615530087769, -3.740147480274015 ], [ -38.513511898179651, -3.740180504491366 ], [ -38.513194576762935, -3.740279573485737 ], [ -38.512918225742766, -3.740366158621313 ], [ -38.512625003767958, -3.740459189256129 ], [ -38.512287597554952, -3.74056631544529 ], [ -38.511922074342685, -3.740681897980717 ], [ -38.51146617551138, -3.740824056713977 ], [ -38.510917890514534, -3.740997228177815 ], [ -38.510589320812308, -3.741101534539121 ], [ -38.510310961133555, -3.741188521094165 ], [ -38.509803245364417, -3.741347997659578 ], [ -38.508849067783743, -3.741649333879751 ], [ -38.508570104745893, -3.74173752980637 ], [ -38.507817367130151, -3.741973923806595 ], [ -38.507055289867083, -3.742213942769056 ], [ -38.506673096046811, -3.742334758201888 ], [ -38.506094884830354, -3.742517188540789 ], [ -38.505914734020131, -3.742573164434743 ], [ -38.505726749312331, -3.742633775382258 ], [ -38.505559050338292, -3.742685925589087 ], [ -38.505349777747192, -3.742751567363894 ], [ -38.50514251360412, -3.742816403348029 ], [ -38.504986863715963, -3.74286674479381 ], [ -38.504645038357189, -3.742973865278786 ], [ -38.504440384556794, -3.743038702562224 ], [ -38.50425019086321, -3.743099311911754 ], [ -38.504059998056221, -3.743158307469279 ], [ -38.503710138955057, -3.743268045336591 ], [ -38.503494238535474, -3.74333570004832 ], [ -38.503276328931385, -3.743405370743876 ], [ -38.503095976459448, -3.743462354484868 ], [ -38.502927772044501, -3.743513040543814 ], [ -38.502875517674937, -3.743532964714398 ], [ -38.502864293911323, -3.743497151812556 ], [ -38.5028534939186, -3.743462400636269 ], [ -38.502800843477019, -3.743479220934672 ], [ -38.502760548159443, -3.7434920941244 ], [ -38.502672048375487, -3.743523839069989 ], [ -38.502454539150861, -3.743595526957209 ], [ -38.501967503170739, -3.743756018959717 ], [ -38.501490911154256, -3.743912280541549 ], [ -38.500694787409152, -3.744165990906362 ], [ -38.500451370093359, -3.744245328735492 ], [ -38.500263787885245, -3.744303316299531 ], [ -38.499780560664028, -3.744474096787177 ], [ -38.499265609049374, -3.744640420989351 ], [ -38.498572713391383, -3.744864737562542 ], [ -38.498133276635926, -3.745007301641242 ], [ -38.497701472323421, -3.745146238941624 ], [ -38.497328714150299, -3.745267055364693 ], [ -38.497012595059694, -3.745365311805239 ], [ -38.496742264846276, -3.745453105169064 ], [ -38.4965607067655, -3.745510288468159 ], [ -38.496372721374883, -3.745570292073413 ], [ -38.496023260372738, -3.745683456037207 ], [ -38.495681834858651, -3.745790572945467 ], [ -38.495260071661818, -3.7459266906783 ], [ -38.494670808795313, -3.74611556139711 ], [ -38.494367941720782, -3.746214631340799 ], [ -38.494094801005581, -3.746300405003008 ], [ -38.493820853791938, -3.746391826211772 ], [ -38.493254085180297, -3.746572236772911 ], [ -38.492696956065309, -3.746750635355876 ], [ -38.492384267298576, -3.746851543331543 ], [ -38.492339504962111, -3.746827688636624 ], [ -38.492201314535585, -3.746918083907897 ], [ -38.492130611567148, -3.746969000382953 ], [ -38.49178879378799, -3.746549146265882 ], [ -38.49148149108953, -3.746150784496248 ], [ -38.490791285979618, -3.74523977543213 ], [ -38.490770296069797, -3.745211815905496 ], [ -38.490728529433603, -3.745155736118392 ], [ -38.490676961676257, -3.745085160069977 ], [ -38.490570023984013, -3.744931289957692 ], [ -38.490422926532716, -3.744703655406802 ], [ -38.490038715349435, -3.744098121739035 ], [ -38.489924774194961, -3.743911585075189 ], [ -38.489826773225211, -3.743728913901201 ], [ -38.489747783041459, -3.743560761924143 ], [ -38.489595271465994, -3.743229771190592 ], [ -38.489552752450365, -3.743143461730424 ], [ -38.489476423061639, -3.743002271108504 ], [ -38.489436545158306, -3.742934423306819 ], [ -38.489335146557941, -3.742770962119521 ], [ -38.488929079593078, -3.742126513290016 ], [ -38.488882119996077, -3.742052762898273 ], [ -38.488833339638838, -3.741980220118125 ], [ -38.488775641444533, -3.741902580031411 ], [ -38.488713878787294, -3.741828162323422 ], [ -38.488648229667675, -3.741757181465202 ], [ -38.488635969011696, -3.741744736250369 ], [ -38.488627734417847, -3.741736500321885 ], [ -38.488560559762782, -3.741671953881222 ], [ -38.488490255466601, -3.741607334098577 ], [ -38.488352926201117, -3.741479379158628 ], [ -38.488263896237832, -3.741395575439883 ], [ -38.488157947114075, -3.741284491084269 ], [ -38.488097063446759, -3.741211132326639 ], [ -38.488040163894176, -3.741134613943045 ], [ -38.488004128530171, -3.741081593858536 ], [ -38.487978731900782, -3.741042488448185 ], [ -38.487959957577928, -3.741012981932999 ], [ -38.487941294652295, -3.740983404138746 ], [ -38.487494332511282, -3.740274048808253 ], [ -38.487472587537987, -3.740239523296579 ], [ -38.487435426578074, -3.740180263099371 ], [ -38.487401640537669, -3.740125766307585 ], [ -38.487301618392415, -3.739958585071858 ], [ -38.48724966264745, -3.739867924331451 ], [ -38.48688547787404, -3.739237639930186 ], [ -38.486125448231363, -3.738032785585098 ], [ -38.485979134370929, -3.737793548653557 ], [ -38.485938789839054, -3.737726643669798 ], [ -38.485625313346254, -3.737194433683337 ], [ -38.485434658104509, -3.736881914618466 ], [ -38.484848548677931, -3.735953812594906 ], [ -38.48462509766015, -3.735585246510465 ], [ -38.484391493255302, -3.735183578025117 ], [ -38.484158975928892, -3.734800662399205 ], [ -38.482750543289534, -3.732574595595209 ], [ -38.48271020378295, -3.732507610892093 ], [ -38.482685599301341, -3.73251509916191 ], [ -38.482474494622636, -3.732636534655961 ], [ -38.482313840845755, -3.732708434181949 ], [ -38.480548493915748, -3.733213996433171 ], [ -38.480174141644767, -3.733331321201595 ], [ -38.480128767789594, -3.733343165958687 ], [ -38.480083600234863, -3.733355781358471 ], [ -38.478705160635513, -3.733749848129398 ], [ -38.476841929326852, -3.734285624233042 ], [ -38.473871664940177, -3.735138919156086 ], [ -38.472755473209986, -3.73545292903473 ], [ -38.471173249285776, -3.735907780428475 ], [ -38.470628677176762, -3.736065230153907 ], [ -38.470610616129491, -3.736072261175853 ], [ -38.47059243693748, -3.736078977904502 ], [ -38.470574145019874, -3.736085378337664 ], [ -38.470555745829358, -3.736091460567351 ], [ -38.470537244850654, -3.73609722278051 ], [ -38.470518647598858, -3.736102663259462 ], [ -38.470499959617641, -3.736107780382414 ], [ -38.470481186477841, -3.736112572624005 ], [ -38.470462333775636, -3.736117038555645 ], [ -38.470443407130873, -3.736121176846142 ], [ -38.470424412185587, -3.736124986261856 ], [ -38.470405354601944, -3.736128465667207 ], [ -38.470386240061039, -3.736131614025011 ], [ -38.470367074260743, -3.736134430396773 ], [ -38.470347862914309, -3.73613691394295 ], [ -38.470328611748528, -3.736139063923182 ], [ -38.47030932650209, -3.736140879696641 ], [ -38.470290012923876, -3.736142360722018 ], [ -38.470270676771072, -3.736143506557809 ], [ -38.47025132380773, -3.736144316862473 ], [ -38.470231959802895, -3.736144791394462 ], [ -38.470212590528881, -3.736144930012313 ], [ -38.470193221759523, -3.73614473267473 ], [ -38.470175657676634, -3.736141621595397 ], [ -38.470158212058813, -3.736137898123631 ], [ -38.470140906057324, -3.736133566773759 ], [ -38.470123760654154, -3.736128632797179 ], [ -38.470106796636564, -3.736123102175901 ], [ -38.470090034571939, -3.736116981615301 ], [ -38.470073494782746, -3.736110278536043 ], [ -38.470057197322006, -3.736103001065025 ], [ -38.470041161948977, -3.736095158025508 ], [ -38.470025408105059, -3.736086758926505 ], [ -38.470009954890394, -3.736077813951148 ], [ -38.469994821040594, -3.736068333944476 ], [ -38.469980024904132, -3.736058330400135 ], [ -38.469965584419974, -3.736047815446489 ], [ -38.469951517095858, -3.736036801832053 ], [ -38.469937839987189, -3.736025302909802 ], [ -38.469924569676181, -3.736013332621149 ], [ -38.469911722251922, -3.736000905479062 ], [ -38.469899313290732, -3.735988036550275 ], [ -38.469887357837301, -3.735974741437269 ], [ -38.469875870386581, -3.735961036259128 ], [ -38.469864864866011, -3.735946937632153 ], [ -38.469854354618761, -3.73593246264973 ], [ -38.469844352387589, -3.735917628861405 ], [ -38.469834870299231, -3.735902454251822 ], [ -38.469825919849839, -3.735886957218878 ], [ -38.469817511890994, -3.735871156551295 ], [ -38.469809656616569, -3.735855071405952 ], [ -38.469802363550329, -3.735838721284669 ], [ -38.469795641534446, -3.735822126010462 ], [ -38.469789498718704, -3.735805305703606 ], [ -38.469783942550684, -3.735788280757234 ], [ -38.469778979766694, -3.735771071812507 ], [ -38.469691580410654, -3.735468256431518 ], [ -38.469277653354958, -3.734007680421373 ], [ -38.469240500363803, -3.73388085043966 ], [ -38.469234423920341, -3.733863072839766 ], [ -38.469228042447369, -3.733845403426026 ], [ -38.469221357852277, -3.733827847479711 ], [ -38.469214372133038, -3.733810410248195 ], [ -38.469207087377697, -3.733793096943331 ], [ -38.469199505763612, -3.733775912739921 ], [ -38.469191629556896, -3.733758862774274 ], [ -38.469183461111726, -3.733741952142437 ], [ -38.469175002869584, -3.733725185898893 ], [ -38.469166257358616, -3.733708569055004 ], [ -38.46915722719281, -3.733692106577398 ], [ -38.469147915071268, -3.733675803386582 ], [ -38.469138323777251, -3.733659664355479 ], [ -38.469128456177629, -3.733643694307925 ], [ -38.469118315221728, -3.733627898017237 ], [ -38.469107903940667, -3.733612280204883 ], [ -38.469097225446269, -3.733596845538863 ], [ -38.469086282930327, -3.733581598632492 ], [ -38.469075079663448, -3.733566544042959 ], [ -38.469063618994262, -3.733551686269979 ], [ -38.469051904348277, -3.733537029754469 ], [ -38.469039939226938, -3.733522578877105 ], [ -38.469027727206537, -3.733508337957191 ], [ -38.469015271937195, -3.733494311251179 ], [ -38.469002577141694, -3.73348050295161 ], [ -38.468989646614453, -3.733466917185677 ], [ -38.468976484220292, -3.733453558014002 ], [ -38.468963093893393, -3.733440429429629 ], [ -38.468949479636052, -3.733427535356555 ], [ -38.468935645517455, -3.733414879648722 ], [ -38.468921595672526, -3.733402466088835 ], [ -38.468907334300695, -3.733390298387226 ], [ -38.468892865664593, -3.733378380180702 ], [ -38.468878194088788, -3.733366715031556 ], [ -38.46886332395853, -3.733355306426379 ], [ -38.468848259718378, -3.733344157775162 ], [ -38.46883300587092, -3.73333327241013 ], [ -38.468817566975481, -3.733322653584833 ], [ -38.46880194764659, -3.733312304473169 ], [ -38.468786152552795, -3.733302228168378 ], [ -38.468770186415121, -3.733292427682251 ], [ -38.468754054005736, -3.733282905944032 ], [ -38.468737760146503, -3.733273665799717 ], [ -38.468721309707547, -3.733264710011096 ], [ -38.468704707605802, -3.733256041254995 ], [ -38.468687958803464, -3.733247662122449 ], [ -38.468671068306676, -3.733239575117884 ], [ -38.468654041163894, -3.7332317826585 ], [ -38.468636882464409, -3.733224287073323 ], [ -38.468619597336797, -3.7332170906028 ], [ -38.468602190947465, -3.733210195397886 ], [ -38.468190425176324, -3.733074956927819 ], [ -38.466610531566872, -3.732565305764227 ], [ -38.465004107293105, -3.732043437171204 ], [ -38.464974637557617, -3.732033564528424 ], [ -38.464945008817288, -3.7320241844482 ], [ -38.464915229229462, -3.732015299513042 ], [ -38.464885306992954, -3.732006912169135 ], [ -38.464855250345927, -3.731999024725621 ], [ -38.464825067563453, -3.731991639354105 ], [ -38.464794766955428, -3.731984758087849 ], [ -38.464764356864109, -3.731978382821376 ], [ -38.464733845661947, -3.731972515309939 ], [ -38.464703241749213, -3.731967157168905 ], [ -38.464672553551672, -3.731962309873504 ], [ -38.464641789518346, -3.731957974758252 ], [ -38.464610958119096, -3.731954153016707 ], [ -38.464580067842356, -3.731950845700979 ], [ -38.464549127192754, -3.731948053721709 ], [ -38.464532973243941, -3.73194623549208 ], [ -38.464516790597116, -3.731944696191047 ], [ -38.464500584024371, -3.731943436272462 ], [ -38.464484358304851, -3.731942456107964 ], [ -38.464468118223344, -3.731941755986511 ], [ -38.464451868568879, -3.731941336114578 ], [ -38.464435614133322, -3.731941196615981 ], [ -38.464419359709922, -3.731941337531862 ], [ -38.464403110091936, -3.731941758820644 ], [ -38.464386870071209, -3.731942460358121 ], [ -38.464370644436741, -3.731943441937429 ], [ -38.464354437973313, -3.731944703269035 ], [ -38.464338255459992, -3.731946243981053 ], [ -38.464322101668891, -3.731948063619095 ], [ -38.464305981363573, -3.731950161646604 ], [ -38.464289899297739, -3.731952537444855 ], [ -38.464273860213794, -3.731955190313274 ], [ -38.464257868841536, -3.731958119469553 ], [ -38.464241929896644, -3.73196132404994 ], [ -38.464226048079325, -3.731964803109368 ], [ -38.464210228072929, -3.731968555621946 ], [ -38.46419447454268, -3.731972580481093 ], [ -38.464178792134099, -3.731976876499906 ], [ -38.464163185471747, -3.73198144241153 ], [ -38.464147659157867, -3.73198627686953 ], [ -38.464132217770995, -3.731991378448277 ], [ -38.464116865864668, -3.731996745643385 ], [ -38.464101607965951, -3.732002376872092 ], [ -38.464086448574285, -3.732008270473814 ], [ -38.464071392160029, -3.732014424710597 ], [ -38.464056443163095, -3.732020837767614 ], [ -38.464041605991802, -3.732027507753712 ], [ -38.463958119900141, -3.732059487022968 ], [ -38.463730477119263, -3.732152256302829 ], [ -38.463265218355161, -3.732336422251732 ], [ -38.46297862515496, -3.732451471470962 ], [ -38.462369386364486, -3.732698170814767 ], [ -38.462229943368726, -3.732755469922097 ], [ -38.462149455681079, -3.73278229112025 ], [ -38.46208461610339, -3.732797280633291 ], [ -38.462024766390648, -3.732807491147896 ], [ -38.461983960832399, -3.73281270357979 ], [ -38.461941344052732, -3.732814271424856 ], [ -38.461891928818559, -3.732812647053525 ], [ -38.461803980370185, -3.732807127817837 ], [ -38.461744821509896, -3.732799576809692 ], [ -38.461685665285657, -3.732787699176046 ], [ -38.461638524341858, -3.732773779469398 ], [ -38.461590932536495, -3.732755760577088 ], [ -38.461527932054643, -3.732728623531111 ], [ -38.461308118142675, -3.73262100596796 ], [ -38.46107312105142, -3.732506319790646 ], [ -38.460423878501189, -3.73218666098096 ], [ -38.459989462740559, -3.73197507201181 ], [ -38.459637307094752, -3.731804067202753 ], [ -38.459109300450969, -3.731547787616599 ], [ -38.458678741169649, -3.731332556995407 ], [ -38.458170674832118, -3.731089496817826 ], [ -38.457919588749789, -3.730967740739176 ], [ -38.45768525438568, -3.730882885097356 ], [ -38.457404236461564, -3.730777961417023 ], [ -38.456359470076379, -3.730287570970724 ], [ -38.456283665683358, -3.730440044261853 ], [ -38.456190500716325, -3.731106989636495 ], [ -38.455596446310544, -3.731939085592251 ] ] ] ] } }
]
}
