ID Vítima Indiciado/suspeito,AIS,Município de ocorrência,Data da comunicação,Data da ocorrência,Tipo de local,Idade da vítima,Gênero da vítima,Profissão da vítima,faixa etaria
AI0947,AIS 14,São Benedito,2015-01-19,2015-01-17,RESIDENCIA PARTICULAR,,NÃO INFORMADO,NÃO INFORMADO,
AI0706,AIS 16,Independência,2015-01-19,2015-01-19,RESIDENCIA PARTICULAR,0.0,Feminino,NÃO INFORMADO,Criança
AI0190,AIS 13,Eusébio,2015-01-26,2015-01-26,RESIDENCIA PARTICULAR,4.0,Feminino,ESTUDANTE,Criança
AI0190,AIS 13,Eusébio,2015-01-26,2015-01-26,RESIDENCIA PARTICULAR,7.0,Masculino,ESTUDANTE,Criança
AI0878,AIS 20,Pedra Branca,2015-02-02,2015-02-01,VIA PUBLICA,,NÃO INFORMADO,NÃO INFORMADO,
AI0552,AIS 16,Ipaporanga,2015-02-07,2015-02-06,NÃO INFORMADO,,NÃO INFORMADO,NÃO INFORMADO,
AI0043,AIS 02,Fortaleza,2015-02-06,2015-02-06,RESIDENCIA PARTICULAR,,NÃO INFORMADO,NÃO INFORMADO,
AI0484,AIS 19,Campos Sales,2015-02-19,2015-02-06,RESIDENCIA PARTICULAR,,NÃO INFORMADO,NÃO INFORMADO,
AI0782,AIS 19,Juazeiro do Norte,2015-04-09,2015-02-10,NÃO INFORMADO,,NÃO INFORMADO,NÃO INFORMADO,
AI0559,AIS 19,Crato,2015-02-14,2015-02-14,RESIDENCIA PARTICULAR,,NÃO INFORMADO,NÃO INFORMADO,
AI0359,AIS 17,Morrinhos,2015-02-20,2015-02-14,RESIDENCIA PARTICULAR,,NÃO INFORMADO,NÃO INFORMADO,
AI0483,AIS 19,Campos Sales,2015-03-05,2015-02-16,NÃO INFORMADO,8.0,Masculino,NÃO INFORMADO,Criança
AI0904,AIS 20,Quixeramobim,2015-02-16,2015-02-16,VIA PUBLICA,,NÃO INFORMADO,NÃO INFORMADO,
AI0513,AIS 14,Chaval,2015-02-23,2015-02-23,NÃO INFORMADO,,NÃO INFORMADO,NÃO INFORMADO,
AI0198,AIS 13,Aquiraz,2015-03-07,2015-03-07,VIA PUBLICA,1.0,Feminino,NÃO INFORMADO,Criança
AI0809,AIS 18,Limoeiro do Norte,2015-03-25,2015-03-10,RESIDENCIA PARTICULAR,13.0,Masculino,NÃO INFORMADO,Adolecencia
AI0704,AIS 21,Quixelô,2015-03-11,2015-03-11,RESIDENCIA PARTICULAR,,NÃO INFORMADO,NÃO INFORMADO,
AI0519,AIS 25,Chorozinho,2015-03-17,2015-03-16,RESIDENCIA PARTICULAR,42.0,Feminino,DO LAR,Adulto
AI0989,AIS 14,Massapê,2015-03-22,2015-03-22,NÃO INFORMADO,1.0,Feminino,NÃO INFORMADO,Criança
AI0186,AIS 09,Fortaleza,2015-04-03,2015-04-03,VIA PUBLICA,3.0,Masculino,NÃO INFORMADO,Criança
AI0186,AIS 09,Fortaleza,2015-04-03,2015-04-03,VIA PUBLICA,1.0,Masculino,NÃO INFORMADO,Criança
AI0186,AIS 09,Fortaleza,2015-04-03,2015-04-03,VIA PUBLICA,10.0,Masculino,NÃO INFORMADO,Adolecencia
AI0104,AIS 07,Fortaleza,2015-04-09,2015-04-09,RESIDENCIA PARTICULAR,,NÃO INFORMADO,NÃO INFORMADO,
AI0736,AIS 18,Iracema,2015-04-22,2015-04-11,RESIDENCIA PARTICULAR,10.0,Masculino,ESTUDANTE,Adolecencia
AI0868,AIS 25,Pacajus,2015-04-14,2015-04-14,VIA PUBLICA,0.0,Feminino,NÃO INFORMADO,Criança
AI0868,AIS 25,Pacajus,2015-04-14,2015-04-14,VIA PUBLICA,0.0,Feminino,NÃO INFORMADO,Criança
AI0125,AIS 11,Caucaia,2015-04-16,2015-04-16,RESIDENCIA PARTICULAR,,NÃO INFORMADO,NÃO INFORMADO,
AI0968,AIS 20,Milhã,2015-04-30,2015-04-30,NÃO INFORMADO,,NÃO INFORMADO,NÃO INFORMADO,
AI0065,AIS 12,Maracanaú,2015-05-12,2015-05-09,RESIDENCIA PARTICULAR,,NÃO INFORMADO,NÃO INFORMADO,
AI0464,AIS 15,Boa Viagem,2016-03-07,2015-05-10,RESIDENCIA PARTICULAR,,NÃO INFORMADO,NÃO INFORMADO,
AI0568,AIS 19,Crato,2015-05-23,2015-05-23,RESIDENCIA PARTICULAR,,NÃO INFORMADO,NÃO INFORMADO,
AI0850,AIS 16,Novo Oriente,2015-05-28,2015-05-28,RESIDENCIA PARTICULAR,,NÃO INFORMADO,NÃO INFORMADO,
AI0476,AIS 14,Camocim,2015-05-30,2015-05-30,NÃO INFORMADO,5.0,Feminino,NÃO INFORMADO,Criança
AI0787,AIS 19,Juazeiro do Norte,2015-05-30,2015-05-30,RESIDENCIA PARTICULAR,8.0,Feminino,ESTUDANTE,Criança
AI0973,AIS 20,Milhã,2015-06-03,2015-06-03,NÃO INFORMADO,,NÃO INFORMADO,NÃO INFORMADO,
AI1018,AIS 22,Tauá,2015-06-09,2015-06-09,RESIDENCIA PARTICULAR,1.0,Feminino,CRIANÇA,Criança
AI1018,AIS 22,Tauá,2015-06-09,2015-06-09,RESIDENCIA PARTICULAR,2.0,Feminino,CRIANÇA,Criança
AI0801,AIS 18,Limoeiro do Norte,2015-06-16,2015-06-15,VIA PUBLICA,,NÃO INFORMADO,NÃO INFORMADO,
AI0295,AIS 04,Fortaleza,2015-06-29,2015-06-20,"HOTEL, PENSAO, ETC",4.0,Feminino,NÃO INFORMADO,Criança
AI0544,AIS 16,Crateús,2015-06-26,2015-06-25,NÃO INFORMADO,36.0,Masculino,AGRICULTOR(A),Adulto
AI0635,AIS 20,Jaguaretama,2015-06-27,2015-06-26,RESIDENCIA PARTICULAR,17.0,Feminino,ESTUDANTE,Jovem
AI0596,AIS 25,Horizonte,2015-07-02,2015-07-02,RESIDENCIA PARTICULAR,8.0,Masculino,ESTUDANTE,Criança
AI0596,AIS 25,Horizonte,2015-07-02,2015-07-02,RESIDENCIA PARTICULAR,5.0,Masculino,ESTUDANTE,Criança
AI0596,AIS 25,Horizonte,2015-07-02,2015-07-02,RESIDENCIA PARTICULAR,13.0,Masculino,ESTUDANTE,Adolecencia
AI0747,AIS 18,Iracema,2015-07-28,2015-07-06,RESIDENCIA PARTICULAR,,NÃO INFORMADO,NÃO INFORMADO,
AI0084,AIS 12,Maracanaú,2015-07-07,2015-07-07,RESIDENCIA PARTICULAR,,NÃO INFORMADO,NÃO INFORMADO,
AI0087,AIS 12,Maracanaú,2015-07-09,2015-07-09,RESIDENCIA PARTICULAR,17.0,Masculino,ESTUDANTE,Jovem
AI0183,AIS 24,Maranguape,2015-07-09,2015-07-09,RESIDENCIA PARTICULAR,,NÃO INFORMADO,NÃO INFORMADO,
AI0802,AIS 18,Limoeiro do Norte,2015-08-25,2015-07-13,RESIDENCIA PARTICULAR,,NÃO INFORMADO,NÃO INFORMADO,
AI0593,AIS 14,Guaraciaba do Norte,2016-07-19,2015-07-14,RESIDENCIA PARTICULAR,5.0,Feminino,ESTUDANTE,Criança
AI0593,AIS 14,Guaraciaba do Norte,2016-07-19,2015-07-14,RESIDENCIA PARTICULAR,11.0,Masculino,ESTUDANTE,Adolecencia
AI0158,AIS 12,Maracanaú,2015-07-18,2015-07-18,VIA PUBLICA,,NÃO INFORMADO,NÃO INFORMADO,
AI0978,AIS 20,Senador Pompeu,2015-08-25,2015-07-24,NÃO INFORMADO,,NÃO INFORMADO,NÃO INFORMADO,
AI0492,AIS 15,Paramoti,2017-07-19,2015-07-24,RESIDENCIA PARTICULAR,,NÃO INFORMADO,NÃO INFORMADO,
AI0246,AIS 09,Fortaleza,2015-07-26,2015-07-26,RESIDENCIA PARTICULAR,12.0,Feminino,ESTUDANTE,Adolecencia
AI0951,AIS 14,São Benedito,2015-07-28,2015-07-27,VIA PUBLICA,,NÃO INFORMADO,NÃO INFORMADO,
AI1049,AIS 14,São Benedito,2015-07-29,2015-07-28,RESIDENCIA PARTICULAR,5.0,Feminino,Não informado,Criança
AI0006,AIS 10,Fortaleza,2015-07-31,2015-07-31,NÃO INFORMADO,,NÃO INFORMADO,NÃO INFORMADO,
AI0088,AIS 12,Maracanaú,2015-07-31,2015-07-31,RESIDENCIA PARTICULAR,17.0,Masculino,ESTUDANTE,Jovem
AI0823,AIS 19,Mauriti,2015-08-03,2015-08-01,NÃO INFORMADO,,NÃO INFORMADO,NÃO INFORMADO,
AI0095,AIS 12,Maracanaú,2015-08-11,2015-08-05,NÃO INFORMADO,,NÃO INFORMADO,NÃO INFORMADO,
AI0665,AIS 21,Icó,2015-08-07,2015-08-07,RESIDENCIA PARTICULAR,,NÃO INFORMADO,NÃO INFORMADO,
AI0501,AIS 13,Cascavel,2015-08-12,2015-08-10,NÃO INFORMADO,5.0,Feminino,NÃO INFORMADO,Criança
AI0440,AIS 04,Fortaleza,2015-08-13,2015-08-13,RESIDENCIA PARTICULAR,63.0,Feminino,DO LAR,Idoso
AI0821,AIS 19,Mauriti,2018-11-19,2015-08-13,VIA PUBLICA,10.0,Masculino,ESTUDANTE,Adolecencia
AI0821,AIS 19,Mauriti,2018-11-19,2015-08-13,VIA PUBLICA,8.0,Masculino,ESTUDANTE,Criança
AI0286,AIS 03,Fortaleza,2015-08-17,2015-08-16,RESIDENCIA PARTICULAR,11.0,Feminino,ESTUDANTE,Adolecencia
AI0286,AIS 03,Fortaleza,2015-08-17,2015-08-16,RESIDENCIA PARTICULAR,9.0,Masculino,NÃO INFORMADO,Criança
AI0731,AIS 16,Ipu,2015-08-18,2015-08-16,RESIDENCIA PARTICULAR,,NÃO INFORMADO,NÃO INFORMADO,
AI0759,AIS 19,Juazeiro do Norte,2015-08-19,2015-08-19,RESIDENCIA PARTICULAR,,NÃO INFORMADO,NÃO INFORMADO,
AI0803,AIS 18,Limoeiro do Norte,2015-09-21,2015-08-24,RESIDENCIA PARTICULAR,,NÃO INFORMADO,NÃO INFORMADO,
AI0066,AIS 12,Maracanaú,2015-09-30,2015-08-24,RESIDENCIA PARTICULAR,,NÃO INFORMADO,NÃO INFORMADO,
AI0089,AIS 12,Maracanaú,2015-08-27,2015-08-27,RESIDENCIA PARTICULAR,18.0,Masculino,ESTUDANTE,Jovem
AI0434,AIS 19,Assaré,2015-10-09,2015-09-08,NÃO INFORMADO,10.0,Masculino,ESTUDANTE,Adolecencia
AI0434,AIS 19,Assaré,2015-10-09,2015-09-08,NÃO INFORMADO,5.0,Feminino,ESTUDANTE,Criança
AI0189,AIS 02,Fortaleza,2015-10-01,2015-09-21,EDIFICIO PUBLICO,,Feminino,NÃO INFORMADO,
AI0478,AIS 14,Chaval,2015-09-24,2015-09-24,"BAR, RESTAURANTE, ETC",,NÃO INFORMADO,NÃO INFORMADO,
AI0142,AIS 12,Maracanaú,2015-09-28,2015-09-26,NÃO INFORMADO,,NÃO INFORMADO,NÃO INFORMADO,
AI0067,AIS 12,Maracanaú,2015-11-09,2015-09-28,REPARTICAO PUBLICA,17.0,Feminino,ESTUDANTE,Jovem
AI0091,AIS 12,Maracanaú,2015-09-29,2015-09-29,RESIDENCIA PARTICULAR,16.0,Masculino,SERVENTE DE PEDREIRO,Jovem
AI0979,AIS 20,Milhã,2015-10-01,2015-10-01,"BAR, RESTAURANTE, ETC",,NÃO INFORMADO,NÃO INFORMADO,
AI0929,AIS 20,Ibicuitinga,2015-10-06,2015-10-01,NÃO INFORMADO,20.0,Feminino,AGRICULTOR(A),Jovem
AI0851,AIS 16,Novo Oriente,2015-10-13,2015-10-05,RESIDENCIA PARTICULAR,,NÃO INFORMADO,NÃO INFORMADO,
AI0510,AIS 14,Chaval,2015-10-06,2015-10-06,RESIDENCIA PARTICULAR,,NÃO INFORMADO,NÃO INFORMADO,
AI0487,AIS 19,Campos Sales,2016-04-14,2015-10-14,NÃO INFORMADO,,NÃO INFORMADO,NÃO INFORMADO,
AI0512,AIS 14,Chaval,2015-10-27,2015-10-27,VIA PUBLICA,,NÃO INFORMADO,NÃO INFORMADO,
AI0717,AIS 21,Ipaumirim,2015-10-28,2015-10-28,VIA PUBLICA,,NÃO INFORMADO,NÃO INFORMADO,
AI0517,AIS 25,Chorozinho,2015-12-11,2015-12-03,RESIDENCIA PARTICULAR,13.0,Masculino,ESTUDANTE,Adolecencia
AI0517,AIS 25,Chorozinho,2015-12-11,2015-12-03,RESIDENCIA PARTICULAR,11.0,Masculino,ESTUDANTE,Adolecencia
AI0517,AIS 25,Chorozinho,2015-12-11,2015-12-03,RESIDENCIA PARTICULAR,16.0,Masculino,ESTUDANTE,Jovem
AI0178,AIS 12,Maracanaú,2015-12-07,2015-12-03,RESIDENCIA PARTICULAR,,NÃO INFORMADO,NÃO INFORMADO,
AI0511,AIS 14,Chaval,2015-12-08,2015-12-07,RESIDENCIA PARTICULAR,,NÃO INFORMADO,NÃO INFORMADO,
AI1014,AIS 16,Tamboril,2015-12-16,2015-12-16,RESIDENCIA PARTICULAR,,NÃO INFORMADO,NÃO INFORMADO,
AI0179,AIS 12,Maracanaú,2015-12-21,2015-12-20,RESIDENCIA PARTICULAR,,NÃO INFORMADO,NÃO INFORMADO,
AI1076,AIS 17,Umirim,2016-01-05,2015-12-29,RESIDENCIA PARTICULAR,2.0,Feminino,NÃO INFORMADO,Criança
AI1076,AIS 17,Umirim,2016-01-05,2015-12-29,RESIDENCIA PARTICULAR,3.0,Feminino,NÃO INFORMADO,Criança
AI1100,AIS 21,Várzea Alegre,2017-01-07,2016-01-07,RESIDENCIA PARTICULAR,4.0,Masculino,NÃO INFORMADO,Criança
AI1100,AIS 21,Várzea Alegre,2017-01-07,2016-01-07,RESIDENCIA PARTICULAR,12.0,Feminino,ESTUDANTE,Adolecencia
AI0843,AIS 22,Mombaça,2016-09-21,2016-01-11,RESIDENCIA PARTICULAR,50.0,Masculino,NÃO INFORMADO,Adulto
AI0843,AIS 22,Mombaça,2016-09-21,2016-01-11,RESIDENCIA PARTICULAR,72.0,Feminino,APOSENTADA,Idoso
AI1111,AIS 21,Várzea Alegre,2016-07-27,2016-01-11,RESIDENCIA PARTICULAR,11.0,Masculino,ESTUDANTE,Adolecencia
AI1111,AIS 21,Várzea Alegre,2016-07-27,2016-01-11,RESIDENCIA PARTICULAR,13.0,Feminino,ESTUDANTE,Adolecencia
AI1111,AIS 21,Várzea Alegre,2016-07-27,2016-01-11,RESIDENCIA PARTICULAR,14.0,Masculino,SERVENTE,Adolecencia
AI0404,AIS 18,Itaiçaba,2016-10-03,2016-01-14,RESIDENCIA PARTICULAR,7.0,Masculino,ESTUDANTE,Criança
AI0165,AIS 09,Fortaleza,2016-06-19,2016-01-19,RESIDENCIA PARTICULAR,,NÃO INFORMADO,NÃO INFORMADO,
AI1087,AIS 17,Uruburetama,2016-07-05,2016-02-03,RESIDENCIA PARTICULAR,,NÃO INFORMADO,NÃO INFORMADO,
AI0930,AIS 18,Russas,2016-02-04,2016-02-04,RESIDENCIA PARTICULAR,,NÃO INFORMADO,NÃO INFORMADO,
AI0722,AIS 16,Pires Ferreira,2019-07-16,2016-02-04,RESIDENCIA PARTICULAR,,NÃO INFORMADO,NÃO INFORMADO,
AI0515,AIS 14,Chaval,2016-02-05,2016-02-05,RESIDENCIA PARTICULAR,,NÃO INFORMADO,NÃO INFORMADO,
AI0500,AIS 13,Cascavel,2016-02-06,2016-02-06,RESIDENCIA PARTICULAR,15.0,Masculino,ESTUDANTE,Adolecencia
AI0500,AIS 13,Cascavel,2016-02-06,2016-02-06,RESIDENCIA PARTICULAR,50.0,Feminino,DO LAR,Adulto
AI1058,AIS 14,Ubajara,2016-02-07,2016-02-06,RESIDENCIA PARTICULAR,,Feminino,NÃO INFORMADO,
AI0209,AIS 10,Fortaleza,2016-02-21,2016-02-21,PRAIA,7.0,Feminino,ESTUDANTE,Criança
AI0726,AIS 16,Ipu,2016-02-25,2016-02-22,RESIDENCIA PARTICULAR,,NÃO INFORMADO,NÃO INFORMADO,
AI0003,AIS 01,Fortaleza,2016-02-29,2016-02-29,RESIDENCIA PARTICULAR,,NÃO INFORMADO,NÃO INFORMADO,
AI0618,AIS 17,Itapajé,2016-03-07,2016-03-02,VIA PUBLICA,7.0,Masculino,ESTUDANTE,Criança
AI0618,AIS 17,Itapajé,2016-03-07,2016-03-02,VIA PUBLICA,10.0,Feminino,ESTUDANTE,Adolecencia
AI0982,AIS 20,Senador Pompeu,2017-03-09,2016-03-03,RESIDENCIA PARTICULAR,16.0,Masculino,NÃO INFORMADO,Jovem
AI0982,AIS 20,Senador Pompeu,2017-03-09,2016-03-03,RESIDENCIA PARTICULAR,14.0,Feminino,NÃO INFORMADO,Adolecencia
AI1105,AIS 21,Várzea Alegre,2016-04-28,2016-03-04,RESIDENCIA PARTICULAR,9.0,Masculino,ESTUDANTE,Criança
AI0224,AIS 07,Fortaleza,2016-03-06,2016-03-06,RESIDENCIA PARTICULAR,,NÃO INFORMADO,NÃO INFORMADO,
AI0148,AIS 12,Maracanaú,2016-03-11,2016-03-11,CASA COMERCIAL,5.0,Masculino,ESTUDANTE,Criança
AI1016,AIS 22,Catarina,2016-03-19,2016-03-19,RODOVIA,,NÃO INFORMADO,NÃO INFORMADO,
AI0776,AIS 19,Crato,2016-04-01,2016-04-01,RESIDENCIA PARTICULAR,,NÃO INFORMADO,NÃO INFORMADO,
AI0527,AIS 16,Crateús,2016-04-06,2016-04-05,VIA PUBLICA,,NÃO INFORMADO,NÃO INFORMADO,
AI0083,AIS 12,Maracanaú,2016-04-08,2016-04-08,RESIDENCIA PARTICULAR,17.0,Masculino,ESTUDANTE,Jovem
AI0200,AIS 25,Itaitinga,2016-04-14,2016-04-14,RESIDENCIA PARTICULAR,,NÃO INFORMADO,NÃO INFORMADO,
AI1088,AIS 17,Uruburetama,2016-07-19,2016-04-16,RESIDENCIA PARTICULAR,,NÃO INFORMADO,NÃO INFORMADO,
AI0187,AIS 13,Eusébio,2017-07-21,2016-04-18,RESIDENCIA PARTICULAR,,NÃO INFORMADO,NÃO INFORMADO,
AI1071,AIS 14,Ubajara,2016-05-31,2016-04-19,RESIDENCIA PARTICULAR,16.0,Feminino,DO LAR,Jovem
AI0621,AIS 17,Itapajé,2016-04-26,2016-04-26,RESIDENCIA PARTICULAR,15.0,Masculino,ESTUDANTE,Adolecencia
AI0068,AIS 12,Maracanaú,2016-07-28,2016-05-01,NÃO INFORMADO,,NÃO INFORMADO,NÃO INFORMADO,
AI0932,AIS 19,Antonina do Norte,2016-11-04,2016-05-11,RESIDENCIA PARTICULAR,,NÃO INFORMADO,NÃO INFORMADO,
AI0327,AIS 19,Juazeiro do Norte,2016-05-12,2016-05-12,RESIDENCIA PARTICULAR,11.0,Feminino,NÃO INFORMADO,Adolecencia
AI0157,AIS 24,Pacatuba,2016-05-15,2016-05-15,RESIDENCIA PARTICULAR,,NÃO INFORMADO,NÃO INFORMADO,
AI0919,AIS 18,Russas,2016-05-24,2016-05-23,RESIDENCIA PARTICULAR,,NÃO INFORMADO,NÃO INFORMADO,
AI0591,AIS 14,Guaraciaba do Norte,2016-05-30,2016-05-28,RESIDENCIA PARTICULAR,,NÃO INFORMADO,NÃO INFORMADO,
AI0997,AIS 14,Sobral,2016-05-31,2016-05-30,RESIDENCIA PARTICULAR,,NÃO INFORMADO,NÃO INFORMADO,
AI0490,AIS 19,Campos Sales,2016-06-02,2016-06-02,RESIDENCIA PARTICULAR,3.0,Feminino,ESTUDANTE,Criança
AI0490,AIS 19,Campos Sales,2016-06-02,2016-06-02,RESIDENCIA PARTICULAR,11.0,Masculino,ESTUDANTE,Adolecencia
AI0490,AIS 19,Campos Sales,2016-06-02,2016-06-02,RESIDENCIA PARTICULAR,,Feminino,ESTUDANTE,
AI0106,AIS 03,Fortaleza,2016-06-07,2016-06-07,RESIDENCIA PARTICULAR,12.0,Masculino,ESTUDANTE,Adolecencia
AI0040,AIS 02,Fortaleza,2016-06-23,2016-06-23,RESIDENCIA PARTICULAR,7.0,Feminino,NÃO INFORMADO,Criança
AI0249,AIS 06,Fortaleza,2016-06-25,2016-06-25,RESIDENCIA PARTICULAR,,NÃO INFORMADO,NÃO INFORMADO,
AI0674,AIS 21,Quixelô,2016-06-28,2016-06-28,RESIDENCIA PARTICULAR,,NÃO INFORMADO,NÃO INFORMADO,
AI0164,AIS 12,Maracanaú,2016-06-28,2016-06-28,NÃO INFORMADO,,NÃO INFORMADO,NÃO INFORMADO,
AI0612,AIS 17,Itapajé,2016-06-30,2016-06-30,RESIDENCIA PARTICULAR,,NÃO INFORMADO,NÃO INFORMADO,
AI0752,AIS 19,Altaneira,2016-07-08,2016-07-08,RESIDENCIA PARTICULAR,,NÃO INFORMADO,NÃO INFORMADO,
AI0255,AIS 03,Fortaleza,2016-07-10,2016-07-10,RESIDENCIA PARTICULAR,7.0,Masculino,ESTUDANTE,Criança
AI1117,AIS 14,Viçosa do Ceará,2016-07-11,2016-07-11,RESIDENCIA PARTICULAR,,NÃO INFORMADO,NÃO INFORMADO,
AI0976,AIS 22,Piquet Carneiro,2016-07-12,2016-07-12,RESIDENCIA PARTICULAR,,NÃO INFORMADO,NÃO INFORMADO,
AI0655,AIS 18,Icapuí,2017-01-06,2016-07-25,RESIDENCIA PARTICULAR,17.0,Feminino,NÃO INFORMADO,Jovem
AI0753,AIS 19,Altaneira,2016-07-25,2016-07-25,RESIDENCIA PARTICULAR,4.0,Masculino,NÃO INFORMADO,Criança
AI0748,AIS 18,Iracema,2016-09-20,2016-07-27,RESIDENCIA PARTICULAR,13.0,Feminino,NÃO INFORMADO,Adolecencia
AI0623,AIS 17,Itapipoca,2016-10-27,2016-08-23,RESIDENCIA PARTICULAR,,NÃO INFORMADO,NÃO INFORMADO,
AI0598,AIS 25,Horizonte,2016-08-23,2016-08-23,VIA PUBLICA,,NÃO INFORMADO,NÃO INFORMADO,
AI0538,AIS 16,Crateús,2016-08-24,2016-08-23,RESIDENCIA PARTICULAR,,NÃO INFORMADO,NÃO INFORMADO,
AI1080,AIS 17,Uruburetama,2016-08-25,2016-08-25,RESIDENCIA PARTICULAR,,NÃO INFORMADO,NÃO INFORMADO,
AI0664,AIS 21,Iguatu,2016-08-29,2016-08-28,RESIDENCIA PARTICULAR,2.0,Feminino,ESTUDANTE,Criança
AI0664,AIS 21,Iguatu,2016-08-29,2016-08-28,RESIDENCIA PARTICULAR,5.0,Feminino,ESTUDANTE,Criança
AI0303,AIS 09,Fortaleza,2016-09-02,2016-09-02,NÃO INFORMADO,2.0,Masculino,ESTUDANTE,Criança
AI0749,AIS 18,Iracema,2016-09-20,2016-09-02,RESIDENCIA PARTICULAR,,NÃO INFORMADO,NÃO INFORMADO,
AI1081,AIS 17,Uruburetama,2016-11-28,2016-09-05,RESIDENCIA PARTICULAR,13.0,Masculino,ESTUDANTE,Adolecencia
AI0034,AIS 02,Fortaleza,2016-09-13,2016-09-13,RESIDENCIA PARTICULAR,,NÃO INFORMADO,NÃO INFORMADO,
AI0020,AIS 01,Fortaleza,2016-09-16,2016-09-16,RESIDENCIA PARTICULAR,,NÃO INFORMADO,NÃO INFORMADO,
AI0069,AIS 09,Fortaleza,2016-10-13,2016-09-20,REPARTICAO PUBLICA,,NÃO INFORMADO,NÃO INFORMADO,
AI0875,AIS 23,Paraipaba,2016-10-17,2016-09-28,RESIDENCIA PARTICULAR,39.0,Feminino,PROFESSOR(A),Adulto
AI0761,AIS 19,Barbalha,2016-10-10,2016-10-10,RESIDENCIA PARTICULAR,,NÃO INFORMADO,NÃO INFORMADO,
AI0174,AIS 12,Maracanaú,2016-10-18,2016-10-12,RESIDENCIA PARTICULAR,,NÃO INFORMADO,NÃO INFORMADO,
AI0797,AIS 21,Lavras da Mangabeira,2016-10-16,2016-10-14,RESIDENCIA PARTICULAR,11.0,Masculino,ESTUDANTE,Adolecencia
AI0001,AIS Não Identificada (Fortaleza),Fortaleza,2017-12-05,2016-10-17,RESIDENCIA PARTICULAR,,NÃO INFORMADO,NÃO INFORMADO,
AI0864,AIS 21,Orós,2016-10-19,2016-10-19,RESIDENCIA PARTICULAR,,NÃO INFORMADO,NÃO INFORMADO,
AI0096,AIS 12,Maracanaú,2016-10-21,2016-10-20,RESIDENCIA PARTICULAR,16.0,Masculino,VENDEDOR AMBULANTE,Jovem
AI0096,AIS 12,Maracanaú,2016-10-21,2016-10-20,RESIDENCIA PARTICULAR,15.0,Masculino,DESEMPREGADO,Adolecencia
AI0644,AIS 20,Jaguaretama,2016-11-04,2016-11-04,REPARTICAO PUBLICA,,NÃO INFORMADO,NÃO INFORMADO,
AI0356,AIS 17,Acaraú,2017-08-07,2016-11-04,RESIDENCIA PARTICULAR,,NÃO INFORMADO,NÃO INFORMADO,
AI1021,AIS 22,Tauá,2016-11-16,2016-11-09,RESIDENCIA PARTICULAR,,NÃO INFORMADO,NÃO INFORMADO,
AI0085,AIS 12,Maracanaú,2017-05-26,2016-11-11,RESIDENCIA PARTICULAR,11.0,Masculino,ESTUDANTE,Adolecencia
AI0085,AIS 12,Maracanaú,2017-05-26,2016-11-11,RESIDENCIA PARTICULAR,11.0,Masculino,NÃO INFORMADO,Adolecencia
AI0926,AIS 18,Russas,2016-12-06,2016-11-20,RESIDENCIA PARTICULAR,24.0,Masculino,BENEFICIÁRIO,Jovem
AI0036,AIS 02,Fortaleza,2016-12-24,2016-11-24,RESIDENCIA PARTICULAR,,NÃO INFORMADO,NÃO INFORMADO,
AI0009,AIS 10,Fortaleza,2017-07-24,2016-11-29,"HOSPITAL, CLINICA, ETC",87.0,Feminino,NÃO INFORMADO,Idoso
AI0184,AIS 24,Maranguape,2016-11-29,2016-11-29,RESIDENCIA PARTICULAR,,NÃO INFORMADO,NÃO INFORMADO,
AI0122,AIS 11,Caucaia,2016-12-10,2016-12-10,RESIDENCIA PARTICULAR,,NÃO INFORMADO,NÃO INFORMADO,
AI0007,AIS 07,Fortaleza,2016-12-11,2016-12-11,ESTACIONAMENTO,2.0,Masculino,NÃO INFORMADO,Criança
AI0604,AIS 25,Horizonte,2016-12-14,2016-12-14,NÃO INFORMADO,20.0,Masculino,INCAPAZ,Jovem
AI0604,AIS 25,Horizonte,2016-12-14,2016-12-14,NÃO INFORMADO,13.0,Feminino,ESTUDANTE,Adolecencia
AI0180,AIS 12,Maracanaú,2017-12-05,2016-12-15,RESIDENCIA PARTICULAR,,NÃO INFORMADO,NÃO INFORMADO,
AI1086,AIS 17,Uruburetama,2017-01-24,2016-12-20,RESIDENCIA PARTICULAR,,NÃO INFORMADO,NÃO INFORMADO,
AI1133,AIS 14,Sobral,2016-12-24,2016-12-24,VIA PUBLICA,,NÃO INFORMADO,NÃO INFORMADO,
AI0634,AIS 20,Jaguaretama,2016-12-28,2016-12-28,RESIDENCIA PARTICULAR,,NÃO INFORMADO,NÃO INFORMADO,
AI1116,AIS 14,Viçosa do Ceará,2016-12-30,2016-12-28,VIA PUBLICA,,NÃO INFORMADO,NÃO INFORMADO,
AI1023,AIS 22,Catarina,2017-01-31,2017-01-16,RESIDENCIA PARTICULAR,11.0,Masculino,ESTUDANTE,Adolecencia
AI0927,AIS 05,Fortaleza,2017-02-06,2017-01-23,"HOSPITAL, CLINICA, ETC",,NÃO INFORMADO,NÃO INFORMADO,
AI0697,AIS 21,Iguatu,2018-02-05,2017-01-31,RESIDENCIA PARTICULAR,,NÃO INFORMADO,NÃO INFORMADO,
AI0176,AIS 11,Caucaia,2017-01-31,2017-01-31,NÃO INFORMADO,,NÃO INFORMADO,NÃO INFORMADO,
AI0755,AIS 19,Juazeiro do Norte,2017-01-31,2017-01-31,RESIDENCIA PARTICULAR,,NÃO INFORMADO,NÃO INFORMADO,
AI0631,AIS 17,Itapipoca,2020-03-02,2017-02-06,RESIDENCIA PARTICULAR,,NÃO INFORMADO,NÃO INFORMADO,
AI0980,AIS 20,Senador Pompeu,2017-02-09,2017-02-08,RESIDENCIA PARTICULAR,,NÃO INFORMADO,NÃO INFORMADO,
AI0896,AIS 20,Choró,2017-05-03,2017-02-13,RESIDENCIA PARTICULAR,,NÃO INFORMADO,NÃO INFORMADO,
AI0762,AIS 19,Juazeiro do Norte,2017-02-21,2017-02-20,VIA PUBLICA,,NÃO INFORMADO,NÃO INFORMADO,
AI0419,AIS 19,Antonina do Norte,2019-02-20,2017-02-21,RESIDENCIA PARTICULAR,3.0,Masculino,NÃO INFORMADO,Criança
AI0480,AIS 14,Camocim,2017-02-21,2017-02-21,RESIDENCIA PARTICULAR,,NÃO INFORMADO,NÃO INFORMADO,
AI0496,AIS 19,Caririaçu,2017-03-14,2017-02-22,RESIDENCIA PARTICULAR,12.0,Masculino,NÃO INFORMADO,Adolecencia
AI0100,AIS 03,Fortaleza,2017-02-27,2017-02-26,RESIDENCIA PARTICULAR,,NÃO INFORMADO,NÃO INFORMADO,
AI0409,AIS 18,Aracati,2017-02-28,2017-02-28,VIA PUBLICA,,NÃO INFORMADO,NÃO INFORMADO,
AI0410,AIS 18,Aracati,2017-02-28,2017-02-28,VIA PUBLICA,,NÃO INFORMADO,NÃO INFORMADO,
AI0124,AIS 11,Caucaia,2017-03-25,2017-03-09,RESIDENCIA PARTICULAR,45.0,Masculino,SERVIDOR PUBLICO,Adulto
AI0124,AIS 11,Caucaia,2017-03-25,2017-03-09,RESIDENCIA PARTICULAR,45.0,Masculino,SUB TENENTE BM,Adulto
AI0894,AIS 20,Quixadá,2017-03-19,2017-03-11,RESIDENCIA PARTICULAR,,NÃO INFORMADO,NÃO INFORMADO,
AI0467,AIS 15,Boa Viagem,2017-03-30,2017-03-21,RESIDENCIA PARTICULAR,,NÃO INFORMADO,NÃO INFORMADO,
AI0473,AIS 14,Camocim,2017-04-03,2017-03-21,RESIDENCIA PARTICULAR,,NÃO INFORMADO,NÃO INFORMADO,
AI1118,AIS 14,Viçosa do Ceará,2017-03-22,2017-03-22,VIA PUBLICA,11.0,Masculino,CRIANÇA,Adolecencia
AI0663,AIS 21,Icó,2017-08-09,2017-03-28,RESIDENCIA PARTICULAR,,NÃO INFORMADO,NÃO INFORMADO,
AI0666,AIS 21,Icó,2018-03-19,2017-03-29,EVENTO,,NÃO INFORMADO,NÃO INFORMADO,
AI0274,AIS Não Identificada (Fortaleza),Fortaleza,2018-04-06,2017-04-06,RESIDENCIA PARTICULAR,1.0,Masculino,NÃO TEM,Criança
AI0274,AIS Não Identificada (Fortaleza),Fortaleza,2018-04-06,2017-04-06,RESIDENCIA PARTICULAR,3.0,Feminino,NÃO TEM,Criança
AI0274,AIS Não Identificada (Fortaleza),Fortaleza,2018-04-06,2017-04-06,RESIDENCIA PARTICULAR,0.0,Feminino,NÃO TEM,Criança
AI0992,AIS 14,Forquilha,2017-04-09,2017-04-09,RESIDENCIA PARTICULAR,6.0,Feminino,NÃO INFORMADO,Criança
AI0992,AIS 14,Forquilha,2017-04-09,2017-04-09,RESIDENCIA PARTICULAR,9.0,Feminino,NÃO INFORMADO,Criança
AI0992,AIS 14,Forquilha,2017-04-09,2017-04-09,RESIDENCIA PARTICULAR,4.0,Feminino,NÃO INFORMADO,Criança
AI0010,AIS 09,Fortaleza,2018-01-16,2017-04-14,RESIDENCIA PARTICULAR,,NÃO INFORMADO,NÃO INFORMADO,
AI0533,AIS 16,Crateús,2017-04-15,2017-04-15,RESIDENCIA PARTICULAR,77.0,Feminino,APOSENTADA,Idoso
AI0339,AIS 12,Maracanaú,2017-08-03,2017-04-15,RESIDENCIA PARTICULAR,5.0,Masculino,NÃO INFORMADO,Criança
AI0339,AIS 12,Maracanaú,2017-08-03,2017-04-15,RESIDENCIA PARTICULAR,4.0,Masculino,NÃO INFORMADO,Criança
AI0339,AIS 12,Maracanaú,2017-08-03,2017-04-15,RESIDENCIA PARTICULAR,1.0,Feminino,NÃO INFORMADO,Criança
AI0394,AIS 18,Aracati,2017-04-23,2017-04-23,NÃO INFORMADO,11.0,Masculino,NÃO INFORMADO,Adolecencia
AI0237,AIS 06,Fortaleza,2017-05-14,2017-05-04,RESIDENCIA PARTICULAR,,NÃO INFORMADO,NÃO INFORMADO,
AI0505,AIS 13,Cascavel,2018-04-02,2017-05-06,VIA PUBLICA,,NÃO INFORMADO,NÃO INFORMADO,
AI0535,AIS 16,Crateús,2017-05-08,2017-05-08,RESIDENCIA PARTICULAR,7.0,Masculino,ESTUDANTE,Criança
AI0028,AIS 05,Fortaleza,2017-05-08,2017-05-08,RESIDENCIA PARTICULAR,1.0,Feminino,NÃO INFORMADO,Criança
AI0798,AIS 21,Lavras da Mangabeira,2017-07-21,2017-05-11,RESIDENCIA PARTICULAR,,NÃO INFORMADO,NÃO INFORMADO,
AI0869,AIS 14,Graça,2017-05-15,2017-05-15,RESIDENCIA PARTICULAR,1.0,Feminino,NÃO INFORMADO,Criança
AI0994,AIS 14,Sobral,2017-05-18,2017-05-17,RESIDENCIA PARTICULAR,,NÃO INFORMADO,NÃO INFORMADO,
AI0243,AIS 03,Fortaleza,2017-05-19,2017-05-19,RESIDENCIA PARTICULAR,,Feminino,NÃO INFORMADO,
AI0243,AIS 03,Fortaleza,2017-05-19,2017-05-19,RESIDENCIA PARTICULAR,1.0,Masculino,NÃO INFORMADO,Criança
AI0243,AIS 03,Fortaleza,2017-05-19,2017-05-19,RESIDENCIA PARTICULAR,15.0,Masculino,NÃO INFORMADO,Adolecencia
AI0537,AIS 16,Tamboril,2017-05-19,2017-05-19,RESIDENCIA PARTICULAR,,NÃO INFORMADO,NÃO INFORMADO,
AI0116,AIS 08,Fortaleza,2022-05-27,2017-05-20,VIA PUBLICA,,NÃO INFORMADO,NÃO INFORMADO,
AI0188,AIS 13,Eusébio,2017-09-28,2017-05-22,RESIDENCIA PARTICULAR,,NÃO INFORMADO,NÃO INFORMADO,
AI0170,AIS 12,Maracanaú,2017-08-24,2017-05-23,RESIDENCIA PARTICULAR,15.0,Feminino,NÃO INFORMADO,Adolecencia
AI0168,AIS 12,Maracanaú,2017-05-30,2017-05-28,NÃO INFORMADO,,NÃO INFORMADO,NÃO INFORMADO,
AI0092,AIS 12,Maracanaú,2017-07-04,2017-05-29,RESIDENCIA PARTICULAR,16.0,Masculino,ESTUDANTE,Jovem
AI0489,AIS 19,Campos Sales,2017-06-01,2017-06-01,RESIDENCIA PARTICULAR,11.0,Masculino,ESTUDANTE,Adolecencia
AI0681,AIS 19,Antonina do Norte,2017-06-02,2017-06-02,RESIDENCIA PARTICULAR,,NÃO INFORMADO,NÃO INFORMADO,
AI0862,AIS 21,Orós,2018-07-16,2017-06-05,RESIDENCIA PARTICULAR,,NÃO INFORMADO,NÃO INFORMADO,
AI0239,AIS 09,Fortaleza,2017-06-09,2017-06-09,RESIDENCIA PARTICULAR,13.0,Feminino,ESTUDANTE,Adolecencia
AI0239,AIS 09,Fortaleza,2017-06-09,2017-06-09,RESIDENCIA PARTICULAR,7.0,Feminino,ESTUDANTE,Criança
AI0640,AIS 18,Jaguaribara,2017-06-13,2017-06-13,RESIDENCIA PARTICULAR,,NÃO INFORMADO,NÃO INFORMADO,
AI0128,AIS 11,Caucaia,2017-06-16,2017-06-16,RESIDENCIA PARTICULAR,,NÃO INFORMADO,NÃO INFORMADO,
AI0330,AIS 14,Sobral,2017-06-21,2017-06-21,RESIDENCIA PARTICULAR,3.0,Feminino,NÃO INFORMADO,Criança
AI0240,AIS 09,Fortaleza,2017-06-24,2017-06-24,RESIDENCIA PARTICULAR,,NÃO INFORMADO,NÃO INFORMADO,
AI0307,AIS 08,Fortaleza,2017-06-30,2017-06-29,RESIDENCIA PARTICULAR,16.0,Feminino,NÃO TEM,Jovem
AI0514,AIS 14,Chaval,2017-07-13,2017-07-07,"BAR, RESTAURANTE, ETC",,NÃO INFORMADO,NÃO INFORMADO,
AI1129,AIS 14,Sobral,2018-05-21,2017-07-07,RESIDENCIA PARTICULAR,,NÃO INFORMADO,NÃO INFORMADO,
AI0780,AIS 19,Juazeiro do Norte,2017-07-08,2017-07-08,RESIDENCIA PARTICULAR,,NÃO INFORMADO,NÃO INFORMADO,
AI0781,AIS 19,Juazeiro do Norte,2017-07-08,2017-07-08,VIA PUBLICA,,NÃO INFORMADO,NÃO INFORMADO,
AI0258,AIS 01,Fortaleza,2017-07-18,2017-07-18,RESIDENCIA PARTICULAR,83.0,Feminino,NÃO INFORMADO,Idoso
AI0539,AIS 16,Crateús,2017-07-21,2017-07-21,VIA PUBLICA,,NÃO INFORMADO,NÃO INFORMADO,
AI1128,AIS 14,Sobral,2017-08-10,2017-07-21,RESIDENCIA PARTICULAR,,NÃO INFORMADO,NÃO INFORMADO,
AI0925,AIS 18,São João do Jaguaribe,2017-07-24,2017-07-24,RESIDENCIA PARTICULAR,,NÃO INFORMADO,NÃO INFORMADO,
AI0831,AIS 14,Croatá,2019-10-31,2017-08-02,RESIDENCIA PARTICULAR,,NÃO INFORMADO,NÃO INFORMADO,
AI1020,AIS 22,Catarina,2017-08-06,2017-08-06,RESIDENCIA PARTICULAR,,NÃO INFORMADO,NÃO INFORMADO,
AI0606,AIS 25,Horizonte,2017-08-15,2017-08-11,RESIDENCIA PARTICULAR,,NÃO INFORMADO,NÃO INFORMADO,
AI0541,AIS 16,Crateús,2017-08-14,2017-08-12,RESIDENCIA PARTICULAR,,NÃO INFORMADO,NÃO INFORMADO,
AI0291,AIS 05,Fortaleza,2017-09-10,2017-08-13,RESIDENCIA PARTICULAR,12.0,Masculino,ESTUDANTE,Adolecencia
AI0940,AIS 16,Hidrolândia,2017-08-14,2017-08-13,VIA PUBLICA,4.0,Masculino,NÃO INFORMADO,Criança
AI0940,AIS 16,Hidrolândia,2017-08-14,2017-08-13,VIA PUBLICA,10.0,Masculino,NÃO INFORMADO,Adolecencia
AI0589,AIS 14,Guaraciaba do Norte,2017-08-14,2017-08-13,RESIDENCIA PARTICULAR,,NÃO INFORMADO,NÃO INFORMADO,
AI0005,AIS 01,Fortaleza,2017-08-18,2017-08-18,RESIDENCIA PARTICULAR,64.0,Feminino,FISCAL FAZENDARIA,Idoso
AI0005,AIS 01,Fortaleza,2017-08-18,2017-08-18,RESIDENCIA PARTICULAR,61.0,Feminino,PENSIONISTA,Idoso
AI0005,AIS 01,Fortaleza,2017-08-18,2017-08-18,RESIDENCIA PARTICULAR,20.0,Feminino,NÃO INFORMADO,Jovem
AI0005,AIS 01,Fortaleza,2017-08-18,2017-08-18,RESIDENCIA PARTICULAR,26.0,Masculino,NÃO INFORMADO,Adulto
AI0005,AIS 01,Fortaleza,2017-08-18,2017-08-18,RESIDENCIA PARTICULAR,85.0,Masculino,MILITAR,Idoso
AI0005,AIS 01,Fortaleza,2017-08-18,2017-08-18,RESIDENCIA PARTICULAR,64.0,Feminino,APOSENTADA,Idoso
AI0005,AIS 01,Fortaleza,2017-08-18,2017-08-18,RESIDENCIA PARTICULAR,38.0,Masculino,METALURGICO,Adulto
AI0171,AIS 12,Maracanaú,2017-08-24,2017-08-24,RESIDENCIA PARTICULAR,,NÃO INFORMADO,NÃO INFORMADO,
AI0299,AIS 08,Fortaleza,2017-09-03,2017-09-02,VIA PUBLICA,,Masculino,NÃO INFORMADO,
AI0299,AIS 08,Fortaleza,2017-09-03,2017-09-02,VIA PUBLICA,4.0,Masculino,NÃO TEM,Criança
AI0252,AIS 07,Fortaleza,2017-09-05,2017-09-05,RESIDENCIA PARTICULAR,2.0,Feminino,NÃO INFORMADO,Criança
AI0252,AIS 07,Fortaleza,2017-09-05,2017-09-05,RESIDENCIA PARTICULAR,13.0,Masculino,VENDEDOR,Adolecencia
AI0276,AIS 15,Acarape,2018-04-10,2017-09-07,RESIDENCIA PARTICULAR,12.0,Feminino,ESTUDANTE,Adolecencia
AI0550,AIS 16,Poranga,2017-09-12,2017-09-12,RESIDENCIA PARTICULAR,34.0,Feminino,DELEGADA,Adulto
AI0550,AIS 16,Poranga,2017-09-12,2017-09-12,RESIDENCIA PARTICULAR,,Feminino,ESTUDANTE,
AI0550,AIS 16,Poranga,2017-09-12,2017-09-12,RESIDENCIA PARTICULAR,,Masculino,ESTUDANTE,
AI0550,AIS 16,Poranga,2017-09-12,2017-09-12,RESIDENCIA PARTICULAR,,Feminino,ESTUDANTE,
AI0939,AIS 16,Catunda,2017-09-13,2017-09-13,RESIDENCIA PARTICULAR,,NÃO INFORMADO,NÃO INFORMADO,
AI0042,AIS 08,Fortaleza,2017-09-19,2017-09-18,RESIDENCIA PARTICULAR,,NÃO INFORMADO,NÃO INFORMADO,
AI0277,AIS 07,Fortaleza,2017-09-21,2017-09-20,RESIDENCIA PARTICULAR,4.0,Feminino,ESTUDANTE,Criança
AI0032,AIS 09,Fortaleza,2017-09-23,2017-09-23,VIA PUBLICA,,NÃO INFORMADO,NÃO INFORMADO,
AI1101,AIS 21,Várzea Alegre,2018-03-05,2017-10-03,"HOSPITAL, CLINICA, ETC",,NÃO INFORMADO,NÃO INFORMADO,
AI0910,AIS 15,Redenção,2017-10-11,2017-10-11,REPARTICAO PUBLICA,2.0,Masculino,NÃO INFORMADO,Criança
AI0058,AIS 09,Fortaleza,2017-10-26,2017-10-15,RESIDENCIA PARTICULAR,,NÃO INFORMADO,NÃO INFORMADO,
AI0714,AIS 16,Independência,2017-10-17,2017-10-16,RESIDENCIA PARTICULAR,,NÃO INFORMADO,NÃO INFORMADO,
AI0121,AIS 11,Caucaia,2017-11-07,2017-10-23,RESIDENCIA PARTICULAR,,NÃO INFORMADO,NÃO INFORMADO,
AI0713,AIS 16,Independência,2017-10-31,2017-10-25,RESIDENCIA PARTICULAR,,NÃO INFORMADO,NÃO INFORMADO,
AI0551,AIS 16,Crateús,2017-10-31,2017-10-31,"BAR, RESTAURANTE, ETC",,NÃO INFORMADO,NÃO INFORMADO,
AI0495,AIS 19,Caririaçu,2017-11-13,2017-11-13,RESIDENCIA PARTICULAR,16.0,Feminino,ESTUDANTE,Jovem
AI0495,AIS 19,Caririaçu,2017-11-13,2017-11-13,RESIDENCIA PARTICULAR,14.0,Feminino,NÃO INFORMADO,Adolecencia
AI0495,AIS 19,Caririaçu,2017-11-13,2017-11-13,RESIDENCIA PARTICULAR,7.0,Masculino,ESTUDANTE,Criança
AI0495,AIS 19,Caririaçu,2017-11-13,2017-11-13,RESIDENCIA PARTICULAR,11.0,Masculino,NÃO INFORMADO,Adolecencia
AI1012,AIS 16,Tamboril,2018-03-12,2017-11-22,RESIDENCIA PARTICULAR,,NÃO INFORMADO,NÃO INFORMADO,
AI0838,AIS 22,Mombaça,2018-10-09,2017-12-08,RESIDENCIA PARTICULAR,,NÃO INFORMADO,NÃO INFORMADO,
AI0628,AIS 17,Itapipoca,2017-12-13,2017-12-09,RESIDENCIA PARTICULAR,33.0,Feminino,CABELEREIRA,Adulto
AI0999,AIS 14,Groaíras,2018-05-28,2017-12-10,RESIDENCIA PARTICULAR,,NÃO INFORMADO,NÃO INFORMADO,
AI0672,AIS 21,Iguatu,2018-04-14,2017-12-14,RESIDENCIA PARTICULAR,14.0,Masculino,ESTUDANTE,Adolecencia
AI0941,AIS 16,Hidrolândia,2018-02-21,2017-12-20,RESIDENCIA PARTICULAR,15.0,Feminino,ESTUDANTE,Adolecencia
AI0555,AIS 16,Tamboril,2017-12-23,2017-12-23,CASA COMERCIAL,,NÃO INFORMADO,NÃO INFORMADO,
AI0567,AIS 19,Crato,2019-04-10,2017-12-26,RESIDENCIA PARTICULAR,,NÃO INFORMADO,NÃO INFORMADO,
AI0567,AIS 19,Crato,2019-04-10,2017-12-26,RESIDENCIA PARTICULAR,13.0,Masculino,ESTUDANTE,Adolecencia
AI0567,AIS 19,Crato,2019-04-10,2017-12-26,RESIDENCIA PARTICULAR,11.0,Masculino,NÃO INFORMADO,Adolecencia
AI0516,AIS 15,Ocara,2018-01-17,2017-12-29,RESIDENCIA PARTICULAR,,NÃO INFORMADO,NÃO INFORMADO,
AI0928,AIS 18,Russas,2017-12-29,2017-12-29,VIA PUBLICA,,NÃO INFORMADO,NÃO INFORMADO,
AI0872,AIS 23,Paracuru,2018-01-04,2018-01-04,VIA PUBLICA,,NÃO INFORMADO,NÃO INFORMADO,
AI0415,AIS 19,Potengi,2018-01-16,2018-01-07,RESIDENCIA PARTICULAR,89.0,Feminino,APOSENTADA,Idoso
AI0836,AIS 22,Piquet Carneiro,2018-01-11,2018-01-11,REPARTICAO PUBLICA,9.0,Masculino,ESTUDANTE,Criança
AI0918,AIS 18,Iracema,2018-01-19,2018-01-18,RESIDENCIA PARTICULAR,11.0,Masculino,ESTUDANTE,Adolecencia
AI0918,AIS 18,Iracema,2018-01-19,2018-01-18,RESIDENCIA PARTICULAR,14.0,Masculino,ESTUDANTE,Adolecencia
AI0918,AIS 18,Iracema,2018-01-19,2018-01-18,RESIDENCIA PARTICULAR,13.0,Feminino,DO LAR,Adolecencia
AI0079,AIS 12,Maracanaú,2018-02-08,2018-01-23,RESIDENCIA PARTICULAR,17.0,Masculino,S/PROFISSÃO,Jovem
AI0097,AIS 12,Maracanaú,2018-01-31,2018-01-23,RESIDENCIA PARTICULAR,,NÃO INFORMADO,NÃO INFORMADO,
AI0059,AIS 12,Maracanaú,2018-09-20,2018-02-02,RESIDENCIA PARTICULAR,,Masculino,AGRICULTOR(A),
AI0064,AIS 12,Maracanaú,2018-05-17,2018-02-06,RESIDENCIA PARTICULAR,9.0,Masculino,ESTUDANTE,Criança
AI0064,AIS 12,Maracanaú,2018-05-17,2018-02-06,RESIDENCIA PARTICULAR,6.0,Masculino,ESTUDANTE,Criança
AI0333,AIS 14,Sobral,2019-01-03,2018-02-08,RESIDENCIA PARTICULAR,9.0,Masculino,ESTUDANTE,Criança
AI0082,AIS 12,Maracanaú,2018-02-11,2018-02-11,RESIDENCIA PARTICULAR,37.0,Feminino,NÃO INFORMADA,Adulto
AI0035,AIS 02,Fortaleza,2018-03-02,2018-02-21,RESIDENCIA PARTICULAR,,NÃO INFORMADO,NÃO INFORMADO,
AI0077,AIS 05,Fortaleza,2018-04-25,2018-02-25,"HOSPITAL, CLINICA, ETC",,NÃO INFORMADO,NÃO INFORMADO,
AI0987,AIS 14,Meruoca,2018-03-01,2018-03-01,VIA PUBLICA,5.0,Feminino,NÃO INFORMADO,Criança
AI0987,AIS 14,Meruoca,2018-03-01,2018-03-01,VIA PUBLICA,3.0,Masculino,NÃO INFORMADO,Criança
AI0293,AIS 03,Fortaleza,2018-03-06,2018-03-02,EDIFICIO PUBLICO,,NÃO INFORMADO,NÃO INFORMADO,
AI0873,AIS 23,Paracuru,2019-09-14,2018-03-07,RESIDENCIA PARTICULAR,15.0,Feminino,NÃO TEM,Adolecencia
AI0956,AIS 14,São Benedito,2018-04-10,2018-03-10,RESIDENCIA PARTICULAR,,NÃO INFORMADO,NÃO INFORMADO,
AI0229,AIS 01,Fortaleza,2018-03-11,2018-03-10,RESIDENCIA PARTICULAR,5.0,Feminino,NÃO INFORMADO,Criança
AI0229,AIS 01,Fortaleza,2018-03-11,2018-03-10,RESIDENCIA PARTICULAR,1.0,Masculino,NÃO INFORMADO,Criança
AI0229,AIS 01,Fortaleza,2018-03-11,2018-03-10,RESIDENCIA PARTICULAR,2.0,Feminino,NÃO INFORMADO,Criança
AI0022,AIS 11,Caucaia,2018-03-14,2018-03-14,RESIDENCIA PARTICULAR,,NÃO INFORMADO,NÃO INFORMADO,
AI0294,AIS 08,Fortaleza,2018-03-20,2018-03-15,RESIDENCIA PARTICULAR,8.0,Feminino,NÃO INFORMADO,Criança
AI0912,AIS 15,Redenção,2018-03-15,2018-03-15,VIA PUBLICA,,NÃO INFORMADO,NÃO INFORMADO,
AI0185,AIS 13,Aquiraz,2018-03-19,2018-03-15,RESIDENCIA PARTICULAR,,NÃO INFORMADO,NÃO INFORMADO,
AI0765,AIS 19,Juazeiro do Norte,2018-03-18,2018-03-18,RESIDENCIA PARTICULAR,,NÃO INFORMADO,NÃO INFORMADO,
AI0485,AIS 19,Campos Sales,2018-04-10,2018-03-18,"HOSPITAL, CLINICA, ETC",,NÃO INFORMADO,NÃO INFORMADO,
AI0273,AIS 01,Fortaleza,2018-03-22,2018-03-22,RESIDENCIA PARTICULAR,6.0,Feminino,NÃO TEM,Criança
AI0332,AIS 14,Sobral,2018-12-27,2018-03-26,RESIDENCIA PARTICULAR,,NÃO INFORMADO,NÃO INFORMADO,
AI0965,AIS 18,Palhano,2018-04-09,2018-03-27,RESIDENCIA PARTICULAR,11.0,Feminino,ESTUDANTE,Adolecencia
AI0965,AIS 18,Palhano,2018-04-09,2018-03-27,RESIDENCIA PARTICULAR,7.0,Feminino,ESTUDANTE,Criança
AI0848,AIS 20,Morada Nova,2018-03-27,2018-03-27,RESIDENCIA PARTICULAR,,NÃO INFORMADO,NÃO INFORMADO,
AI0486,AIS 19,Salitre,2018-04-05,2018-04-02,RESIDENCIA PARTICULAR,,NÃO INFORMADO,NÃO INFORMADO,
AI0004,AIS 06,Fortaleza,2018-04-11,2018-04-04,RESIDENCIA PARTICULAR,,NÃO INFORMADO,NÃO INFORMADO,
AI1084,AIS 17,Uruburetama,2018-08-10,2018-04-07,RESIDENCIA PARTICULAR,,NÃO INFORMADO,NÃO INFORMADO,
AI0105,AIS 07,Fortaleza,2018-04-08,2018-04-08,RESIDENCIA PARTICULAR,,NÃO INFORMADO,NÃO INFORMADO,
AI0127,AIS 11,Caucaia,2018-04-22,2018-04-22,RESIDENCIA PARTICULAR,,NÃO INFORMADO,NÃO INFORMADO,
AI0060,AIS 12,Maracanaú,2018-05-15,2018-04-25,RESIDENCIA PARTICULAR,13.0,Masculino,ESTUDANTE,Adolecencia
AI0822,AIS 19,Mauriti,2018-05-14,2018-04-26,RESIDENCIA PARTICULAR,,NÃO INFORMADO,NÃO INFORMADO,
AI0086,AIS 12,Maracanaú,2018-05-02,2018-04-26,RESIDENCIA PARTICULAR,12.0,Masculino,NÃO INFORMADO,Adolecencia
AI0590,AIS 14,Guaraciaba do Norte,2018-05-03,2018-05-03,VIA PUBLICA,20.0,Masculino,AUTONOMO(A),Jovem
AI0590,AIS 14,Guaraciaba do Norte,2018-05-03,2018-05-03,VIA PUBLICA,16.0,Masculino,PADREIRO,Jovem
AI0590,AIS 14,Guaraciaba do Norte,2018-05-03,2018-05-03,VIA PUBLICA,49.0,Masculino,FUNCIONARIO PÚBLICO,Adulto
AI0590,AIS 14,Guaraciaba do Norte,2018-05-03,2018-05-03,VIA PUBLICA,24.0,Masculino,COMERCIANTE,Jovem
AI0590,AIS 14,Guaraciaba do Norte,2018-05-03,2018-05-03,VIA PUBLICA,24.0,Masculino,MOTORISTA,Jovem
AI0590,AIS 14,Guaraciaba do Norte,2018-05-03,2018-05-03,VIA PUBLICA,,Masculino,AUXILIAR DE ESCRITORIO,
AI0590,AIS 14,Guaraciaba do Norte,2018-05-03,2018-05-03,VIA PUBLICA,23.0,Masculino,ESTUDANTE,Jovem
AI0160,AIS 12,Maracanaú,2018-07-26,2018-05-04,RESIDENCIA PARTICULAR,,NÃO INFORMADO,NÃO INFORMADO,
AI0152,AIS 12,Maracanaú,2018-05-05,2018-05-05,RESIDENCIA PARTICULAR,,NÃO INFORMADO,NÃO INFORMADO,
AI0423,AIS 19,Assaré,2018-05-09,2018-05-05,RESIDENCIA PARTICULAR,,NÃO INFORMADO,NÃO INFORMADO,
AI0491,AIS 19,Campos Sales,2018-08-21,2018-05-09,RESIDENCIA PARTICULAR,68.0,Feminino,APOSENTADA,Idoso
AI0192,AIS 13,Aquiraz,2018-05-18,2018-05-11,RESIDENCIA PARTICULAR,,NÃO INFORMADO,NÃO INFORMADO,
AI0432,AIS 19,Antonina do Norte,2018-06-25,2018-05-11,RESIDENCIA PARTICULAR,5.0,Masculino,NÃO INFORMADO,Criança
AI0432,AIS 19,Antonina do Norte,2018-06-25,2018-05-11,RESIDENCIA PARTICULAR,,Feminino,ESTUDANTE,
AI0432,AIS 19,Antonina do Norte,2018-06-25,2018-05-11,RESIDENCIA PARTICULAR,12.0,Feminino,ESTUDANTE,Adolecencia
AI0432,AIS 19,Antonina do Norte,2018-06-25,2018-05-11,RESIDENCIA PARTICULAR,10.0,Feminino,ESTUDANTE,Adolecencia
AI0497,AIS 19,Juazeiro do Norte,2018-05-25,2018-05-16,VIA PUBLICA,,NÃO INFORMADO,NÃO INFORMADO,
AI0531,AIS 16,Crateús,2018-05-18,2018-05-16,RESIDENCIA PARTICULAR,87.0,Masculino,APOSENTADO,Idoso
AI0232,AIS Não Identificada (Fortaleza),Fortaleza,2018-05-17,2018-05-16,VIA PUBLICA,,NÃO INFORMADO,NÃO INFORMADO,
AI0454,AIS 18,Beberibe,2018-06-12,2018-05-17,VIA PUBLICA,10.0,Masculino,ESTUDANTE,Adolecencia
AI0772,AIS 19,Juazeiro do Norte,2020-06-17,2018-05-17,"HOSPITAL, CLINICA, ETC",,NÃO INFORMADO,NÃO INFORMADO,
AI0488,AIS 19,Campos Sales,2018-05-29,2018-05-18,RESIDENCIA PARTICULAR,3.0,Masculino,NÃO INFORMADO,Criança
AI0488,AIS 19,Campos Sales,2018-05-29,2018-05-18,RESIDENCIA PARTICULAR,7.0,Feminino,ESTUDANTE,Criança
AI0488,AIS 19,Campos Sales,2018-05-29,2018-05-18,RESIDENCIA PARTICULAR,9.0,Feminino,ESTUDANTE,Criança
AI0488,AIS 19,Campos Sales,2018-05-29,2018-05-18,RESIDENCIA PARTICULAR,14.0,Masculino,ESTUDANTE,Adolecencia
AI0488,AIS 19,Campos Sales,2018-05-29,2018-05-18,RESIDENCIA PARTICULAR,5.0,Masculino,NÃO INFORMADO,Criança
AI0488,AIS 19,Campos Sales,2018-05-29,2018-05-18,RESIDENCIA PARTICULAR,12.0,Masculino,ESTUDANTE,Adolecencia
AI0659,AIS 21,Icó,2018-05-28,2018-05-28,RESIDENCIA PARTICULAR,,NÃO INFORMADO,NÃO INFORMADO,
AI0304,AIS 01,Fortaleza,2018-11-16,2018-05-28,RESIDENCIA PARTICULAR,,NÃO INFORMADO,NÃO INFORMADO,
AI0711,AIS 16,Independência,2018-05-29,2018-05-29,PROPRIEDADE AGRICOLA,,NÃO INFORMADO,NÃO INFORMADO,
AI0323,AIS 19,Crato,2018-05-31,2018-05-31,RESIDENCIA PARTICULAR,6.0,Feminino,ESTUDANTE,Criança
AI0323,AIS 19,Crato,2018-05-31,2018-05-31,RESIDENCIA PARTICULAR,3.0,Feminino,ESTUDANTE,Criança
AI1103,AIS 21,Várzea Alegre,2018-06-04,2018-06-04,RESIDENCIA PARTICULAR,3.0,Feminino,ESTUDANTE,Criança
AI1103,AIS 21,Várzea Alegre,2018-06-04,2018-06-04,RESIDENCIA PARTICULAR,0.0,Feminino,NÃO INFORMADO,Criança
AI1103,AIS 21,Várzea Alegre,2018-06-04,2018-06-04,RESIDENCIA PARTICULAR,8.0,Feminino,ESTUDANTE,Criança
AI1103,AIS 21,Várzea Alegre,2018-06-04,2018-06-04,RESIDENCIA PARTICULAR,5.0,Masculino,ESTUDANTE,Criança
AI1103,AIS 21,Várzea Alegre,2018-06-04,2018-06-04,RESIDENCIA PARTICULAR,10.0,Masculino,ESTUDANTE,Adolecencia
AI0199,AIS 25,Itaitinga,2018-06-04,2018-06-04,RESIDENCIA PARTICULAR,,NÃO INFORMADO,NÃO INFORMADO,
AI0159,AIS 12,Maracanaú,2018-06-09,2018-06-09,RESIDENCIA PARTICULAR,,NÃO INFORMADO,NÃO INFORMADO,
AI0025,AIS 13,Eusébio,2018-06-23,2018-06-10,RESIDENCIA PARTICULAR,,NÃO INFORMADO,NÃO INFORMADO,
AI0259,AIS 06,Fortaleza,2018-06-17,2018-06-17,VIA PUBLICA,,Masculino,NÃO INFORMADO,
AI0986,AIS 14,Cariré,2018-06-24,2018-06-23,RESIDENCIA PARTICULAR,8.0,Masculino,NÃO INFORMADO,Criança
AI0021,AIS 01,Fortaleza,2019-05-31,2018-07-01,VIA PUBLICA,16.0,Masculino,NÃO INFORMADO,Jovem
AI0578,AIS 19,Santana do Cariri,2018-07-03,2018-07-02,VIA PUBLICA,,NÃO INFORMADO,NÃO INFORMADO,
AI0732,AIS 16,Ipu,2018-08-08,2018-07-08,NÃO INFORMADO,,NÃO INFORMADO,NÃO INFORMADO,
AI0687,AIS 21,Várzea Alegre,2018-07-08,2018-07-08,VIA PUBLICA,,NÃO INFORMADO,NÃO INFORMADO,
AI0041,AIS Não Identificada (Fortaleza),Fortaleza,2018-07-12,2018-07-11,PRACA,,NÃO INFORMADO,NÃO INFORMADO,
AI0625,AIS 17,Umirim,2018-07-15,2018-07-14,RESIDENCIA PARTICULAR,,NÃO INFORMADO,NÃO INFORMADO,
AI0863,AIS 21,Orós,2018-07-17,2018-07-16,VIA PUBLICA,,NÃO INFORMADO,NÃO INFORMADO,
AI0807,AIS 18,Limoeiro do Norte,2018-08-01,2018-07-28,NÃO INFORMADO,15.0,Feminino,ESTUDANTE,Adolecencia
AI0493,AIS 15,Itatira,2018-08-01,2018-08-01,VIA PUBLICA,4.0,Feminino,NÃO INFORMADO,Criança
AI0115,AIS 08,Fortaleza,2022-05-27,2018-08-02,VIA PUBLICA,,NÃO INFORMADO,NÃO INFORMADO,
AI0892,AIS 17,Pentecoste,2018-08-21,2018-08-02,RESIDENCIA PARTICULAR,,NÃO INFORMADO,NÃO INFORMADO,
AI0521,AIS 14,Alcântaras,2018-09-03,2018-08-03,RESIDENCIA PARTICULAR,32.0,Masculino,APOSENTADO,Adulto
AI0549,AIS 16,Ipaporanga,2018-08-06,2018-08-06,RESIDENCIA PARTICULAR,2.0,Masculino,NÃO INFORMADO,Criança
AI1095,AIS 16,Varjota,2018-11-08,2018-08-10,RESIDENCIA PARTICULAR,,NÃO INFORMADO,NÃO INFORMADO,
AI0062,AIS 12,Maracanaú,2018-08-21,2018-08-17,EDIFICIO PUBLICO,17.0,Masculino,RECICLADOR,Jovem
AI0382,AIS 18,Potiretama,2018-08-18,2018-08-18,RESIDENCIA PARTICULAR,3.0,Feminino,NÃO INFORMADO,Criança
AI0382,AIS 18,Potiretama,2018-08-18,2018-08-18,RESIDENCIA PARTICULAR,9.0,Feminino,ESTUDANTE,Criança
AI0382,AIS 18,Potiretama,2018-08-18,2018-08-18,RESIDENCIA PARTICULAR,7.0,Masculino,NÃO INFORMADO,Criança
AI0349,AIS 21,Icó,2019-01-28,2018-08-20,RESIDENCIA PARTICULAR,,NÃO INFORMADO,NÃO INFORMADO,
AI1013,AIS 16,Monsenhor Tabosa,2018-08-21,2018-08-21,VIA PUBLICA,,NÃO INFORMADO,NÃO INFORMADO,
AI1127,AIS 14,Sobral,2018-12-03,2018-08-26,VIA PUBLICA,,NÃO INFORMADO,NÃO INFORMADO,
AI0355,AIS 05,Fortaleza,2018-08-29,2018-08-29,RESIDENCIA PARTICULAR,86.0,Feminino,APOSENTADA,Idoso
AI0837,AIS 22,Piquet Carneiro,2018-08-29,2018-08-29,RESIDENCIA PARTICULAR,,NÃO INFORMADO,NÃO INFORMADO,
AI0368,AIS 18,Potiretama,2019-02-05,2018-09-04,NÃO INFORMADO,14.0,Feminino,Não informado,Adolecencia
AI0368,AIS 18,Potiretama,2019-02-05,2018-09-04,NÃO INFORMADO,13.0,Feminino,NÃO INFORMADO,Adolecencia
AI0385,AIS 18,Alto Santo,2018-10-05,2018-09-06,RESIDENCIA PARTICULAR,8.0,Feminino,NÃO INFORMADO,Criança
AI0385,AIS 18,Alto Santo,2018-10-05,2018-09-06,RESIDENCIA PARTICULAR,2.0,Feminino,NÃO INFORMADO,Criança
AI0385,AIS 18,Alto Santo,2018-10-05,2018-09-06,RESIDENCIA PARTICULAR,6.0,Masculino,NÃO INFORMADO,Criança
AI0134,AIS 11,Caucaia,2018-09-09,2018-09-09,RESIDENCIA PARTICULAR,,NÃO INFORMADO,NÃO INFORMADO,
AI0093,AIS 12,Maracanaú,2018-09-14,2018-09-14,RESIDENCIA PARTICULAR,,NÃO INFORMADO,NÃO INFORMADO,
AI0138,AIS 11,Caucaia,2018-09-15,2018-09-14,VIA PUBLICA,,NÃO INFORMADO,NÃO INFORMADO,
AI0090,AIS 12,Maracanaú,2018-09-25,2018-09-17,VIA PUBLICA,,NÃO INFORMADO,NÃO INFORMADO,
AI0340,AIS 12,Maracanaú,2018-09-19,2018-09-19,RESIDENCIA PARTICULAR,10.0,Feminino,ESTUDANTE,Adolecencia
AI0936,AIS 14,Santana do Acaraú,2019-02-06,2018-09-24,RESIDENCIA PARTICULAR,17.0,Masculino,NÃO INFORMADO,Jovem
AI0357,AIS 17,Acaraú,2018-10-09,2018-09-26,VIA PUBLICA,2.0,Masculino,NÃO INFORMADO,Criança
AI0383,AIS 18,Alto Santo,2018-10-05,2018-09-29,RESIDENCIA PARTICULAR,,NÃO INFORMADO,NÃO INFORMADO,
AI0627,AIS 17,Itapipoca,2018-09-30,2018-09-30,RESIDENCIA PARTICULAR,,NÃO INFORMADO,NÃO INFORMADO,
AI0343,AIS 06,Fortaleza,2018-10-01,2018-10-01,RESIDENCIA PARTICULAR,21.0,Masculino,NÃO INFORMADO,Jovem
AI0250,AIS 05,Fortaleza,2018-10-02,2018-10-02,RESIDENCIA PARTICULAR,9.0,Feminino,NÃO INFORMADO,Criança
AI0250,AIS 05,Fortaleza,2018-10-02,2018-10-02,RESIDENCIA PARTICULAR,3.0,Feminino,NÃO INFORMADO,Criança
AI0790,AIS 21,Jucás,2018-10-04,2018-10-04,RESIDENCIA PARTICULAR,,NÃO INFORMADO,NÃO INFORMADO,
AI0094,AIS 12,Maracanaú,2018-10-05,2018-10-05,RESIDENCIA PARTICULAR,,NÃO INFORMADO,NÃO INFORMADO,
AI0950,AIS 14,São Benedito,2018-10-10,2018-10-10,RESIDENCIA PARTICULAR,,NÃO INFORMADO,NÃO INFORMADO,
AI0922,AIS 18,Russas,2018-10-14,2018-10-13,RESIDENCIA PARTICULAR,,NÃO INFORMADO,NÃO INFORMADO,
AI1054,AIS 14,São Benedito,2018-10-16,2018-10-15,VIA PUBLICA,7.0,Feminino,MENOR,Criança
AI1054,AIS 14,São Benedito,2018-10-16,2018-10-15,VIA PUBLICA,5.0,Feminino,MENOR,Criança
AI0056,AIS 08,Fortaleza,2018-10-19,2018-10-17,VIA PUBLICA,,NÃO INFORMADO,NÃO INFORMADO,
AI0366,AIS 18,Alto Santo,2019-02-05,2018-10-22,RESIDENCIA PARTICULAR,16.0,Masculino,NÃO INFORMADO,Jovem
AI0172,AIS 12,Maracanaú,2018-10-26,2018-10-26,RESIDENCIA PARTICULAR,,NÃO INFORMADO,NÃO INFORMADO,
AI0302,AIS 02,Fortaleza,2018-10-27,2018-10-27,VIA PUBLICA,9.0,Masculino,NÃO INFORMADO,Criança
AI0960,AIS 23,São Gonçalo do Amarante,2018-10-28,2018-10-28,"MAR, RIO, LAGOA, ETC",,Masculino,NÃO INFORMADO,
AI0960,AIS 23,São Gonçalo do Amarante,2018-10-28,2018-10-28,"MAR, RIO, LAGOA, ETC",5.0,Masculino,ESTUDANTE,Criança
AI0960,AIS 23,São Gonçalo do Amarante,2018-10-28,2018-10-28,"MAR, RIO, LAGOA, ETC",7.0,Masculino,ESTUDANTE,Criança
AI0191,AIS 13,Aquiraz,2019-01-04,2018-10-29,RESIDENCIA PARTICULAR,,NÃO INFORMADO,NÃO INFORMADO,
AI0367,AIS 18,Alto Santo,2019-02-05,2018-10-31,RESIDENCIA PARTICULAR,,NÃO INFORMADO,NÃO INFORMADO,
AI0985,AIS 14,Groaíras,2018-11-06,2018-11-06,VIA PUBLICA,5.0,Feminino,NÃO INFORMADO,Criança
AI0897,AIS 20,Choró,2018-11-09,2018-11-08,RESIDENCIA PARTICULAR,,NÃO INFORMADO,NÃO INFORMADO,
AI0897,AIS 20,Choró,2018-11-09,2018-11-08,RESIDENCIA PARTICULAR,,NÃO INFORMADO,NÃO INFORMADO,
AI0012,AIS 03,Fortaleza,2018-11-20,2018-11-09,NÃO INFORMADO,,NÃO INFORMADO,NÃO INFORMADO,
AI0816,AIS 14,Meruoca,2019-02-20,2018-11-14,RESIDENCIA PARTICULAR,1.0,Feminino,NÃO INFORMADO,Criança
AI0816,AIS 14,Meruoca,2019-02-20,2018-11-14,RESIDENCIA PARTICULAR,,Feminino,NÃO INFORMADO,
AI0143,AIS 12,Maracanaú,2018-11-17,2018-11-17,RESIDENCIA PARTICULAR,,NÃO INFORMADO,NÃO INFORMADO,
AI0610,AIS 17,Itapajé,2018-11-21,2018-11-20,VIA PUBLICA,,NÃO INFORMADO,NÃO INFORMADO,
AI0123,AIS 11,Caucaia,2018-12-11,2018-11-20,RESIDENCIA PARTICULAR,,NÃO INFORMADO,NÃO INFORMADO,
AI0756,AIS 19,Juazeiro do Norte,2018-11-22,2018-11-21,RESIDENCIA PARTICULAR,,NÃO INFORMADO,NÃO INFORMADO,
AI0937,AIS 14,Santana do Acaraú,2018-11-22,2018-11-21,RESIDENCIA PARTICULAR,,NÃO INFORMADO,NÃO INFORMADO,
AI0804,AIS 18,Limoeiro do Norte,2018-11-29,2018-11-28,VIA PUBLICA,,NÃO INFORMADO,NÃO INFORMADO,
AI0459,AIS 15,Boa Viagem,2019-10-23,2018-11-28,RESIDENCIA PARTICULAR,,NÃO INFORMADO,NÃO INFORMADO,
AI1126,AIS 14,Sobral,2019-01-28,2018-11-28,RESIDENCIA PARTICULAR,,NÃO INFORMADO,NÃO INFORMADO,
AI0556,AIS 16,Crateús,2018-11-29,2018-11-29,RESIDENCIA PARTICULAR,1.0,Feminino,NÃO INFORMADO,Criança
AI0724,AIS 16,Ipu,2018-12-07,2018-12-06,RESIDENCIA PARTICULAR,,Feminino,NÃO INFORMADO,
AI0494,AIS 15,Canindé,2018-12-13,2018-12-13,RESIDENCIA PARTICULAR,,NÃO INFORMADO,NÃO INFORMADO,
AI0608,AIS 25,Horizonte,2018-12-19,2018-12-19,RESIDENCIA PARTICULAR,,NÃO INFORMADO,NÃO INFORMADO,
AI0046,AIS 07,Fortaleza,2018-12-21,2018-12-21,RESIDENCIA PARTICULAR,47.0,Masculino,MILITAR,Adulto
AI0046,AIS 07,Fortaleza,2018-12-21,2018-12-21,RESIDENCIA PARTICULAR,12.0,Masculino,ESTUDANTE,Adolecencia
AI0046,AIS 07,Fortaleza,2018-12-21,2018-12-21,RESIDENCIA PARTICULAR,14.0,Masculino,ESTUDANTE,Adolecencia
AI0144,AIS 12,Maracanaú,2018-12-22,2018-12-22,RESIDENCIA PARTICULAR,,NÃO INFORMADO,NÃO INFORMADO,
AI0202,AIS 09,Fortaleza,2018-12-27,2018-12-27,NÃO INFORMADO,,NÃO INFORMADO,NÃO INFORMADO,
AI0300,AIS 03,Fortaleza,2018-12-30,2018-12-29,RESIDENCIA PARTICULAR,,NÃO INFORMADO,NÃO INFORMADO,
AI0211,AIS 06,Fortaleza,2019-01-01,2019-01-01,RESIDENCIA PARTICULAR,,NÃO INFORMADO,NÃO INFORMADO,
AI0636,AIS 20,Jaguaretama,2019-01-04,2019-01-01,RESIDENCIA PARTICULAR,,NÃO INFORMADO,NÃO INFORMADO,
AI0076,AIS 02,Fortaleza,2019-07-18,2019-01-02,RESIDENCIA PARTICULAR,46.0,Masculino,POLICIAL MILITAR DA RESERVA,Adulto
AI0311,AIS 03,Fortaleza,2019-01-04,2019-01-03,VIA PUBLICA,,NÃO INFORMADO,NÃO INFORMADO,
AI0201,AIS 09,Fortaleza,2019-01-09,2019-01-09,REPARTICAO PUBLICA,,NÃO INFORMADO,NÃO INFORMADO,
AI0422,AIS 19,Assaré,2019-01-11,2019-01-11,RESIDENCIA PARTICULAR,12.0,Feminino,ESTUDANTE,Adolecencia
AI0422,AIS 19,Assaré,2019-01-11,2019-01-11,RESIDENCIA PARTICULAR,5.0,Feminino,NÃO INFORMADO,Criança
AI0371,AIS 18,Alto Santo,2019-01-15,2019-01-15,RESIDENCIA PARTICULAR,18.0,Feminino,Não informado,Jovem
AI0645,AIS 18,Jaguaribe,2019-01-18,2019-01-17,RESIDENCIA PARTICULAR,1.0,Masculino,NÃO INFORMADO,Criança
AI0645,AIS 18,Jaguaribe,2019-01-18,2019-01-17,RESIDENCIA PARTICULAR,0.0,Masculino,NÃO INFORMADO,Criança
AI0509,AIS 14,Chaval,2019-03-18,2019-01-20,NÃO INFORMADO,,NÃO INFORMADO,NÃO INFORMADO,
AI0369,AIS 18,Alto Santo,2019-02-21,2019-01-25,RESIDENCIA PARTICULAR,,NÃO INFORMADO,NÃO INFORMADO,
AI0920,AIS 18,Palhano,2019-01-26,2019-01-26,RESIDENCIA PARTICULAR,,NÃO INFORMADO,NÃO INFORMADO,
AI0290,AIS 05,Fortaleza,2019-02-05,2019-01-28,RESIDENCIA PARTICULAR,6.0,Masculino,ESTUDANTE,Criança
AI0254,AIS 09,Fortaleza,2019-01-29,2019-01-29,VIA PUBLICA,13.0,Masculino,ESTUDANTE,Adolecencia
AI0254,AIS 09,Fortaleza,2019-01-29,2019-01-29,VIA PUBLICA,13.0,Masculino,NÃO INFORMADO,Adolecencia
AI0193,AIS 13,Aquiraz,2019-10-21,2019-01-30,RESIDENCIA PARTICULAR,,NÃO INFORMADO,NÃO INFORMADO,
AI0338,AIS 12,Maracanaú,2019-02-04,2019-02-02,RESIDENCIA PARTICULAR,5.0,Masculino,ESTUDANTE,Criança
AI0033,AIS 05,Fortaleza,2019-02-05,2019-02-05,RESIDENCIA PARTICULAR,,NÃO INFORMADO,NÃO INFORMADO,
AI0292,AIS 09,Fortaleza,2019-02-07,2019-02-07,RESIDENCIA PARTICULAR,10.0,Masculino,ESTUDANTE,Adolecencia
AI0463,AIS 15,Madalena,2019-02-12,2019-02-11,RESIDENCIA PARTICULAR,,NÃO INFORMADO,NÃO INFORMADO,
AI0373,AIS 18,Alto Santo,2019-03-14,2019-02-19,RESIDENCIA PARTICULAR,,NÃO INFORMADO,NÃO INFORMADO,
AI0712,AIS 16,Independência,2019-05-13,2019-02-19,RESIDENCIA PARTICULAR,,NÃO INFORMADO,NÃO INFORMADO,
AI0267,AIS 05,Fortaleza,2019-03-04,2019-02-27,RESIDENCIA PARTICULAR,,NÃO INFORMADO,NÃO INFORMADO,
AI0764,AIS 19,Juazeiro do Norte,2019-03-06,2019-02-28,NÃO INFORMADO,14.0,Masculino,NÃO INFORMADO,Adolecencia
AI0668,AIS 21,Várzea Alegre,2019-03-09,2019-03-09,RESIDENCIA PARTICULAR,,NÃO INFORMADO,NÃO INFORMADO,
AI0146,AIS 12,Maracanaú,2019-03-12,2019-03-12,RESIDENCIA PARTICULAR,,NÃO INFORMADO,NÃO INFORMADO,
AI1038,AIS 14,Tianguá,2019-03-18,2019-03-17,RESIDENCIA PARTICULAR,,NÃO INFORMADO,NÃO INFORMADO,
AI0101,AIS 03,Fortaleza,2019-03-21,2019-03-20,RESIDENCIA PARTICULAR,,NÃO INFORMADO,NÃO INFORMADO,
AI0241,AIS 06,Fortaleza,2019-03-25,2019-03-25,RESIDENCIA PARTICULAR,2.0,Feminino,NÃO INFORMADO,Criança
AI0241,AIS 06,Fortaleza,2019-03-25,2019-03-25,RESIDENCIA PARTICULAR,5.0,Masculino,NÃO INFORMADO,Criança
AI0466,AIS 15,Boa Viagem,2019-04-03,2019-04-02,VIA PUBLICA,82.0,Feminino,APOSENTADA,Idoso
AI0600,AIS 25,Horizonte,2019-04-05,2019-04-05,RESIDENCIA PARTICULAR,11.0,Feminino,ESTUDANTE,Adolecencia
AI0600,AIS 25,Horizonte,2019-04-05,2019-04-05,RESIDENCIA PARTICULAR,14.0,Feminino,ESTUDANTE,Adolecencia
AI0646,AIS 18,Jaguaribe,2019-04-07,2019-04-07,RESIDENCIA PARTICULAR,,NÃO INFORMADO,NÃO INFORMADO,
AI0038,AIS 02,Fortaleza,2019-04-17,2019-04-12,"BAR, RESTAURANTE, ETC",,NÃO INFORMADO,NÃO INFORMADO,
AI0528,AIS 16,Crateús,2019-04-12,2019-04-12,RESIDENCIA PARTICULAR,,NÃO INFORMADO,NÃO INFORMADO,
AI0228,AIS 09,Fortaleza,2019-04-16,2019-04-16,RESIDENCIA PARTICULAR,4.0,Masculino,ESTUDANTE,Criança
AI0341,AIS 12,Maracanaú,2019-04-24,2019-04-19,RESIDENCIA PARTICULAR,9.0,Feminino,NÃO INFORMADO,Criança
AI0884,AIS 19,Penaforte,2019-05-05,2019-05-05,RESIDENCIA PARTICULAR,3.0,Masculino,PRE-ESCOLAR,Criança
AI0354,AIS 05,Fortaleza,2019-05-08,2019-05-07,"HOTEL, PENSAO, ETC",,NÃO INFORMADO,NÃO INFORMADO,
AI1093,AIS 16,Varjota,2019-05-10,2019-05-09,RESIDENCIA PARTICULAR,,NÃO INFORMADO,NÃO INFORMADO,
AI0048,AIS 09,Fortaleza,2019-05-17,2019-05-17,RESIDENCIA PARTICULAR,,Feminino,NÃO INFORMADO,
AI0861,AIS 21,Orós,2019-06-18,2019-05-21,NÃO INFORMADO,,NÃO INFORMADO,NÃO INFORMADO,
AI1008,AIS 18,Tabuleiro do Norte,2023-05-15,2019-05-24,RESIDENCIA PARTICULAR,,NÃO INFORMADO,NÃO INFORMADO,
AI0570,AIS 19,Salitre,2019-05-26,2019-05-26,RESIDENCIA PARTICULAR,7.0,Masculino,NÃO INFORMADO,Criança
AI0570,AIS 19,Salitre,2019-05-26,2019-05-26,RESIDENCIA PARTICULAR,3.0,Masculino,NÃO INFORMADO,Criança
AI0570,AIS 19,Salitre,2019-05-26,2019-05-26,RESIDENCIA PARTICULAR,0.0,Feminino,NÃO INFORMADO,Criança
AI0570,AIS 19,Salitre,2019-05-26,2019-05-26,RESIDENCIA PARTICULAR,1.0,Masculino,NÃO INFORMADO,Criança
AI1104,AIS 21,Várzea Alegre,2019-06-03,2019-06-02,RESIDENCIA PARTICULAR,14.0,Masculino,NÃO INFORMADO,Adolecencia
AI0381,AIS 18,Potiretama,2019-06-25,2019-06-02,RESIDENCIA PARTICULAR,8.0,Feminino,ESTUDANTE,Criança
AI0915,AIS 15,Redenção,2019-06-05,2019-06-05,RESIDENCIA PARTICULAR,,Masculino,NÃO INFORMADO,
AI1106,AIS 21,Várzea Alegre,2019-06-10,2019-06-08,RESIDENCIA PARTICULAR,2.0,Feminino,NÃO INFORMADO,Criança
AI0957,AIS 14,São Benedito,2019-06-18,2019-06-15,RESIDENCIA PARTICULAR,,NÃO INFORMADO,NÃO INFORMADO,
AI0204,AIS 04,Fortaleza,2019-06-20,2019-06-19,VIA PUBLICA,,NÃO INFORMADO,NÃO INFORMADO,
AI0360,AIS 17,Acaraú,2019-06-19,2019-06-19,RESIDENCIA PARTICULAR,46.0,Masculino,NÃO INFORMADO,Adulto
AI1123,AIS 17,Jijoca de Jericoacoara,2019-06-24,2019-06-21,VIA PUBLICA,,NÃO INFORMADO,NÃO INFORMADO,
AI0155,AIS 12,Maracanaú,2019-06-22,2019-06-22,RESIDENCIA PARTICULAR,11.0,Feminino,NÃO INFORMADO,Adolecencia
AI0155,AIS 12,Maracanaú,2019-06-22,2019-06-22,RESIDENCIA PARTICULAR,48.0,Feminino,DO LAR,Adulto
AI0778,AIS 19,Juazeiro do Norte,2019-06-23,2019-06-23,CLUBE,36.0,Feminino,PEDAGOGA,Adulto
AI0542,AIS 16,Crateús,2019-06-25,2019-06-25,RESIDENCIA PARTICULAR,1.0,Feminino,RECEM NASCIDA,Criança
AI0959,AIS 23,São Gonçalo do Amarante,2019-09-19,2019-06-26,RESIDENCIA PARTICULAR,9.0,Masculino,NÃO INFORMADO,Criança
AI0959,AIS 23,São Gonçalo do Amarante,2019-09-19,2019-06-26,RESIDENCIA PARTICULAR,8.0,Masculino,ESTUDANTE,Criança
AI0442,AIS 19,Barbalha,2019-06-28,2019-06-28,RESIDENCIA PARTICULAR,,NÃO INFORMADO,NÃO INFORMADO,
AI0874,AIS 23,Paraipaba,2019-06-30,2019-06-30,RESIDENCIA PARTICULAR,,NÃO INFORMADO,NÃO INFORMADO,
AI0150,AIS 12,Maracanaú,2020-03-02,2019-07-01,RESIDENCIA PARTICULAR,,NÃO INFORMADO,NÃO INFORMADO,
AI0845,AIS 20,Ibicuitinga,2020-08-27,2019-07-03,RESIDENCIA PARTICULAR,,NÃO INFORMADO,NÃO INFORMADO,
AI0281,AIS Não Identificada (Fortaleza),Fortaleza,2019-10-16,2019-07-11,RESIDENCIA PARTICULAR,5.0,Feminino,NÃO INFORMADO,Criança
AI0071,AIS 11,Caucaia,2019-07-14,2019-07-14,RESIDENCIA PARTICULAR,13.0,Feminino,NÃO INFORMADO,Adolecencia
AI0071,AIS 11,Caucaia,2019-07-14,2019-07-14,RESIDENCIA PARTICULAR,10.0,Feminino,NÃO INFORMADO,Adolecencia
AI1107,AIS 21,Várzea Alegre,2019-07-22,2019-07-22,RESIDENCIA PARTICULAR,30.0,Feminino,AGRICULTOR(A),Adulto
AI0584,AIS 19,Altaneira,2019-08-05,2019-08-02,RESIDENCIA PARTICULAR,,NÃO INFORMADO,NÃO INFORMADO,
AI0057,AIS 08,Fortaleza,2019-08-05,2019-08-05,RESIDENCIA PARTICULAR,,NÃO INFORMADO,NÃO INFORMADO,
AI0470,AIS 15,Boa Viagem,2019-08-08,2019-08-07,TERRENO BALDIO,,NÃO INFORMADO,NÃO INFORMADO,
AI0543,AIS 16,Crateús,2019-08-08,2019-08-08,"AEROPORTO,PORTO,RODOVIARIA",29.0,Masculino,AUX. DE EXPEDIÇÃO,Adulto
AI0269,AIS 04,Fortaleza,2019-08-08,2019-08-08,VIA PUBLICA,,Masculino,NÃO INFORMADO,
AI0536,AIS 16,Crateús,2019-08-08,2019-08-08,RESIDENCIA PARTICULAR,,NÃO INFORMADO,NÃO INFORMADO,
AI1053,AIS 14,São Benedito,2019-08-11,2019-08-11,RESIDENCIA PARTICULAR,1.0,Masculino,NÃO INFORMADO,Criança
AI0053,AIS 07,Fortaleza,2019-08-19,2019-08-11,RESIDENCIA PARTICULAR,,NÃO INFORMADO,NÃO INFORMADO,
AI0052,AIS Não Identificada (Fortaleza),Fortaleza,2019-08-12,2019-08-12,NÃO INFORMADO,1.0,Feminino,NÃO INFORMADO,Criança
AI0786,AIS 19,Juazeiro do Norte,2019-08-13,2019-08-13,RESIDENCIA PARTICULAR,,NÃO INFORMADO,NÃO INFORMADO,
AI1055,AIS 14,Tianguá,2019-08-14,2019-08-14,RESIDENCIA PARTICULAR,4.0,Masculino,NÃO INFORMADO,Criança
AI0460,AIS 15,Boa Viagem,2019-11-04,2019-08-15,RESIDENCIA PARTICULAR,,NÃO INFORMADO,NÃO INFORMADO,
AI0247,AIS 06,Fortaleza,2019-08-15,2019-08-15,RESIDENCIA PARTICULAR,,NÃO INFORMADO,NÃO INFORMADO,
AI0898,AIS 20,Quixadá,2019-08-17,2019-08-17,REPARTICAO PUBLICA,,NÃO INFORMADO,NÃO INFORMADO,
AI0626,AIS 17,Itapipoca,2019-08-26,2019-08-26,RESIDENCIA PARTICULAR,,NÃO INFORMADO,NÃO INFORMADO,
AI0405,AIS 18,Fortim,2019-09-06,2019-09-06,RESIDENCIA PARTICULAR,,NÃO INFORMADO,NÃO INFORMADO,
AI0581,AIS 17,Cruz,2019-09-10,2019-09-10,RESIDENCIA PARTICULAR,,NÃO INFORMADO,NÃO INFORMADO,
AI0365,AIS 18,Alto Santo,2019-09-16,2019-09-14,RESIDENCIA PARTICULAR,,NÃO INFORMADO,NÃO INFORMADO,
AI0287,AIS 09,Fortaleza,2019-11-27,2019-09-17,RESIDENCIA PARTICULAR,,NÃO INFORMADO,NÃO INFORMADO,
AI0810,AIS 18,Limoeiro do Norte,2019-09-20,2019-09-20,VIA PUBLICA,11.0,Feminino,NÃO INFORMADO,Adolecencia
AI0852,AIS 16,Novo Oriente,2019-11-21,2019-10-12,RESIDENCIA PARTICULAR,22.0,Feminino,NÃO INFORMADO,Jovem
AI0279,AIS 07,Fortaleza,2019-10-15,2019-10-12,RESIDENCIA PARTICULAR,5.0,Feminino,NÃO INFORMADO,Criança
AI0935,AIS 14,Santana do Acaraú,2019-10-15,2019-10-13,PROPRIEDADE AGRICOLA,,NÃO INFORMADO,NÃO INFORMADO,
AI0642,AIS 18,Jaguaribe,2020-11-11,2019-10-15,RESIDENCIA PARTICULAR,2.0,Masculino,ESTUDANTE,Criança
AI0642,AIS 18,Jaguaribe,2020-11-11,2019-10-15,RESIDENCIA PARTICULAR,4.0,Masculino,ESTUDANTE,Criança
AI0652,AIS 14,Ibiapina,2019-10-21,2019-10-18,VIA PUBLICA,,NÃO INFORMADO,NÃO INFORMADO,
AI0309,AIS 08,Fortaleza,2019-10-20,2019-10-20,CASA COMERCIAL,2.0,Masculino,NÃO INFORMADO,Criança
AI0111,AIS 02,Fortaleza,2019-10-22,2019-10-22,RESIDENCIA PARTICULAR,3.0,Masculino,NÃO INFORMADO,Criança
AI0031,AIS 05,Fortaleza,2019-10-27,2019-10-26,RESIDENCIA PARTICULAR,,NÃO INFORMADO,NÃO INFORMADO,
AI0045,AIS 09,Fortaleza,2019-10-28,2019-10-28,RESIDENCIA PARTICULAR,18.0,Feminino,NÃO INFORMADO,Jovem
AI1042,AIS 14,Tianguá,2019-10-29,2019-10-28,RESIDENCIA PARTICULAR,,NÃO INFORMADO,NÃO INFORMADO,
AI0855,AIS 21,Orós,2020-01-06,2019-10-31,RESIDENCIA PARTICULAR,,NÃO INFORMADO,NÃO INFORMADO,
AI0108,AIS 01,Fortaleza,2019-11-01,2019-11-01,RESIDENCIA PARTICULAR,,NÃO INFORMADO,NÃO INFORMADO,
AI0285,AIS 05,Fortaleza,2019-11-04,2019-11-01,RESIDENCIA PARTICULAR,7.0,Feminino,NÃO INFORMADO,Criança
AI1097,AIS 21,Várzea Alegre,2019-11-04,2019-11-01,RESIDENCIA PARTICULAR,,NÃO INFORMADO,NÃO INFORMADO,
AI1062,AIS 14,Ubajara,2019-11-02,2019-11-02,RESIDENCIA PARTICULAR,27.0,Masculino,VERDUREIRO,Adulto
AI0477,AIS 14,Camocim,2019-11-06,2019-11-06,RESIDENCIA PARTICULAR,,NÃO INFORMADO,NÃO INFORMADO,
AI0815,AIS 15,Madalena,2019-12-05,2019-11-09,RESIDENCIA PARTICULAR,,NÃO INFORMADO,NÃO INFORMADO,
AI0977,AIS 22,Piquet Carneiro,2019-11-10,2019-11-10,RESIDENCIA PARTICULAR,,Masculino,ESTUDANTE,
AI0924,AIS 18,Russas,2019-11-14,2019-11-12,RESIDENCIA PARTICULAR,,NÃO INFORMADO,NÃO INFORMADO,
AI0757,AIS 19,Juazeiro do Norte,2019-11-19,2019-11-14,RESIDENCIA PARTICULAR,34.0,Masculino,GUARDA MUNICIPAL,Adulto
AI0306,AIS 08,Fortaleza,2019-11-20,2019-11-20,RESIDENCIA PARTICULAR,2.0,Masculino,NÃO INFORMADO,Criança
AI1026,AIS 14,Tianguá,2019-11-26,2019-11-25,RESIDENCIA PARTICULAR,17.0,Feminino,NÃO INFORMADO,Jovem
AI1026,AIS 14,Tianguá,2019-11-26,2019-11-25,RESIDENCIA PARTICULAR,17.0,Feminino,VENDEDORA,Jovem
AI0364,AIS 21,Acopiara,2021-08-25,2019-11-28,RESIDENCIA PARTICULAR,,NÃO INFORMADO,NÃO INFORMADO,
AI0866,AIS 25,Pacajus,2019-11-29,2019-11-29,RESIDENCIA PARTICULAR,,NÃO INFORMADO,NÃO INFORMADO,
AI0498,AIS 19,Caririaçu,2019-12-09,2019-11-30,VIA PUBLICA,,NÃO INFORMADO,NÃO INFORMADO,
AI0051,AIS 07,Fortaleza,2019-12-05,2019-12-05,RESIDENCIA PARTICULAR,,NÃO INFORMADO,NÃO INFORMADO,
AI0407,AIS 18,Fortim,2019-12-11,2019-12-11,RESIDENCIA PARTICULAR,,NÃO INFORMADO,NÃO INFORMADO,
AI0760,AIS 19,Juazeiro do Norte,2019-12-11,2019-12-11,RESIDENCIA PARTICULAR,,NÃO INFORMADO,NÃO INFORMADO,
AI0298,AIS 01,Fortaleza,2019-12-14,2019-12-14,RESIDENCIA PARTICULAR,9.0,Masculino,NÃO INFORMADO,Criança
AI0298,AIS 01,Fortaleza,2019-12-14,2019-12-14,RESIDENCIA PARTICULAR,10.0,Feminino,NÃO INFORMADO,Adolecencia
AI0217,AIS 03,Fortaleza,2019-12-15,2019-12-15,RESIDENCIA PARTICULAR,2.0,Masculino,NÃO INFORMADO,Criança
AI0554,AIS 16,Poranga,2019-12-16,2019-12-16,RESIDENCIA PARTICULAR,1.0,Feminino,NÃO INFORMADO,Criança
AI0554,AIS 16,Poranga,2019-12-16,2019-12-16,RESIDENCIA PARTICULAR,3.0,Masculino,NÃO INFORMADO,Criança
AI0639,AIS 18,Jaguaribe,2021-07-13,2019-12-17,RESIDENCIA PARTICULAR,,NÃO INFORMADO,NÃO INFORMADO,
AI0727,AIS 16,Ipu,2019-12-17,2019-12-17,RESIDENCIA PARTICULAR,89.0,Feminino,NÃO INFORMADO,Idoso
AI0288,AIS 06,Fortaleza,2019-12-18,2019-12-18,RESIDENCIA PARTICULAR,9.0,Feminino,ESTUDANTE,Criança
AI0329,AIS 19,Juazeiro do Norte,2019-12-20,2019-12-19,RESIDENCIA PARTICULAR,11.0,Feminino,ESTUDANTE,Adolecencia
AI0029,AIS 05,Fortaleza,2019-12-20,2019-12-20,"HOSPITAL, CLINICA, ETC",70.0,Masculino,OPERARIO,Idoso
AI0943,AIS 16,Catunda,2019-12-20,2019-12-20,RESIDENCIA PARTICULAR,14.0,Feminino,ESTUDANTE,Adolecencia
AI1079,AIS 17,Itapajé,2020-09-24,2019-12-20,RESIDENCIA PARTICULAR,,NÃO INFORMADO,NÃO INFORMADO,
AI0331,AIS 14,Sobral,2019-12-25,2019-12-25,RESIDENCIA PARTICULAR,6.0,Feminino,NÃO INFORMADO,Criança
AI0964,AIS 18,São João do Jaguaribe,2019-12-28,2019-12-28,VIA PUBLICA,,NÃO INFORMADO,NÃO INFORMADO,
AI0098,AIS 03,Fortaleza,2019-12-31,2019-12-31,RESIDENCIA PARTICULAR,,NÃO INFORMADO,NÃO INFORMADO,
AI0205,AIS 06,Fortaleza,2020-01-02,2020-01-01,RESIDENCIA PARTICULAR,4.0,Feminino,NÃO INFORMADO,Criança
AI0205,AIS 06,Fortaleza,2020-01-02,2020-01-01,RESIDENCIA PARTICULAR,1.0,Feminino,NÃO INFORMADO,Criança
AI0081,AIS 12,Maracanaú,2025-03-17,2020-01-01,VIA PUBLICA,38.0,Feminino,Não informado,Adulto
AI0650,AIS 19,Jardim,2020-01-24,2020-01-03,RESIDENCIA PARTICULAR,,NÃO INFORMADO,NÃO INFORMADO,
AI0446,AIS 19,Barbalha,2020-01-09,2020-01-07,RESIDENCIA PARTICULAR,,NÃO INFORMADO,NÃO INFORMADO,
AI0561,AIS 19,Santana do Cariri,2020-01-15,2020-01-13,RESIDENCIA PARTICULAR,,NÃO INFORMADO,NÃO INFORMADO,
AI0251,AIS 04,Fortaleza,2020-01-14,2020-01-14,RESIDENCIA PARTICULAR,2.0,Masculino,NÃO INFORMADO,Criança
AI0881,AIS 20,Pedra Branca,2020-02-13,2020-01-18,RESIDENCIA PARTICULAR,12.0,Feminino,NÃO INFORMADO,Adolecencia
AI0378,AIS 18,Potiretama,2020-02-12,2020-01-21,RESIDENCIA PARTICULAR,22.0,Masculino,NÃO INFORMADO,Jovem
AI0558,AIS 19,Santana do Cariri,2020-01-21,2020-01-21,VIA PUBLICA,,NÃO INFORMADO,NÃO INFORMADO,
AI1022,AIS 22,Aiuaba,2020-02-14,2020-01-27,RESIDENCIA PARTICULAR,17.0,Masculino,AGRICULTOR(A),Jovem
AI1022,AIS 22,Aiuaba,2020-02-14,2020-01-27,RESIDENCIA PARTICULAR,13.0,Feminino,AGRICULTOR(A),Adolecencia
AI0607,AIS 13,Aquiraz,2020-01-29,2020-01-28,RESIDENCIA PARTICULAR,,NÃO INFORMADO,NÃO INFORMADO,
AI1096,AIS 21,Várzea Alegre,2020-02-03,2020-02-03,VIA PUBLICA,,NÃO INFORMADO,NÃO INFORMADO,
AI0418,AIS 19,Assaré,2020-02-06,2020-02-06,RESIDENCIA PARTICULAR,,NÃO INFORMADO,NÃO INFORMADO,
AI0692,AIS 21,Várzea Alegre,2020-02-08,2020-02-07,RESIDENCIA PARTICULAR,4.0,Masculino,NÃO INFORMADO,Criança
AI1001,AIS 20,Solonópole,2020-03-18,2020-02-10,RESIDENCIA PARTICULAR,,NÃO INFORMADO,NÃO INFORMADO,
AI0139,AIS 23,Paraipaba,2020-02-13,2020-02-13,RESIDENCIA PARTICULAR,5.0,Feminino,NÃO INFORMADO,Criança
AI0450,AIS 15,Barreira,2021-08-17,2020-02-13,RESIDENCIA PARTICULAR,13.0,Feminino,ESTUDANTE,Adolecencia
AI0938,AIS 16,Santa Quitéria,2021-02-04,2020-02-19,VIA PUBLICA,,NÃO INFORMADO,NÃO INFORMADO,
AI0479,AIS 14,Camocim,2020-02-25,2020-02-24,RESIDENCIA PARTICULAR,,NÃO INFORMADO,NÃO INFORMADO,
AI0482,AIS 14,Camocim,2020-02-24,2020-02-24,RESIDENCIA PARTICULAR,,NÃO INFORMADO,NÃO INFORMADO,
AI0231,AIS 03,Fortaleza,2020-02-26,2020-02-26,RESIDENCIA PARTICULAR,0.0,Feminino,NÃO INFORMADO,Criança
AI0370,AIS 18,Alto Santo,2020-05-07,2020-02-27,RESIDENCIA PARTICULAR,12.0,Feminino,ESTUDANTE,Adolecencia
AI0305,AIS 06,Fortaleza,2020-02-28,2020-02-27,RESIDENCIA PARTICULAR,39.0,Feminino,ABATEDOR DE FRANGO,Adulto
AI0305,AIS 06,Fortaleza,2020-02-28,2020-02-27,RESIDENCIA PARTICULAR,,Masculino,NÃO INFORMADO,
AI0728,AIS 16,Ipu,2020-03-02,2020-02-29,VIA PUBLICA,13.0,Masculino,NÃO INFORMADO,Adolecencia
AI0553,AIS 16,Independência,2020-03-01,2020-03-01,RESIDENCIA PARTICULAR,,NÃO INFORMADO,NÃO INFORMADO,
AI1110,AIS 21,Várzea Alegre,2020-03-03,2020-03-03,RESIDENCIA PARTICULAR,10.0,Masculino,ESTUDANTE,Adolecencia
AI0970,AIS 20,Milhã,2020-03-06,2020-03-05,RESIDENCIA PARTICULAR,12.0,Feminino,NÃO INFORMADO,Adolecencia
AI0504,AIS 13,Cascavel,2020-03-07,2020-03-07,RESIDENCIA PARTICULAR,,NÃO INFORMADO,NÃO INFORMADO,
AI0151,AIS 12,Maracanaú,2020-03-07,2020-03-07,RESIDENCIA PARTICULAR,35.0,Feminino,COMERCIANTE,Adulto
AI0019,AIS 01,Fortaleza,2020-03-11,2020-03-08,RESIDENCIA PARTICULAR,44.0,Feminino,"PEDAG., EM.MARIA FELICIO LOPES",Adulto
AI1002,AIS 20,Solonópole,2020-03-31,2020-03-11,VIA PUBLICA,9.0,Masculino,NÃO INFORMADO,Criança
AI1002,AIS 20,Solonópole,2020-03-31,2020-03-11,VIA PUBLICA,12.0,Feminino,ESTUDANTE,Adolecencia
AI1002,AIS 20,Solonópole,2020-03-31,2020-03-11,VIA PUBLICA,8.0,Masculino,ESTUDANTE,Criança
AI0624,AIS 17,Itapipoca,2020-07-13,2020-04-11,RESIDENCIA PARTICULAR,,NÃO INFORMADO,NÃO INFORMADO,
AI0840,AIS 22,Mombaça,2020-05-29,2020-04-27,VIA PUBLICA,69.0,Feminino,APOSENTADA,Idoso
AI1041,AIS 14,Tianguá,2020-05-17,2020-05-16,RESIDENCIA PARTICULAR,6.0,Feminino,ESTUDANTE,Criança
AI1074,AIS 14,Ubajara,2020-05-20,2020-05-20,RESIDENCIA PARTICULAR,,NÃO INFORMADO,NÃO INFORMADO,
AI0534,AIS 16,Poranga,2020-05-21,2020-05-21,RESIDENCIA PARTICULAR,13.0,Masculino,NÃO INFORMADO,Adolecencia
AI0534,AIS 16,Poranga,2020-05-21,2020-05-21,RESIDENCIA PARTICULAR,2.0,Feminino,NÃO INFORMADO,Criança
AI0768,AIS 19,Juazeiro do Norte,2020-05-23,2020-05-23,RESIDENCIA PARTICULAR,,NÃO INFORMADO,NÃO INFORMADO,
AI0812,AIS 18,Limoeiro do Norte,2020-06-05,2020-06-05,RESIDENCIA PARTICULAR,5.0,Masculino,NÃO INFORMADO,Criança
AI0812,AIS 18,Limoeiro do Norte,2020-06-05,2020-06-05,RESIDENCIA PARTICULAR,,Masculino,NÃO INFORMADO,
AI0740,AIS 18,Iracema,2020-06-09,2020-06-06,RESIDENCIA PARTICULAR,,NÃO INFORMADO,NÃO INFORMADO,
AI0376,AIS 18,Alto Santo,2020-06-10,2020-06-07,RESIDENCIA PARTICULAR,86.0,Feminino,APOSENTADA,Idoso
AI0741,AIS 18,Iracema,2020-06-09,2020-06-09,RESIDENCIA PARTICULAR,,NÃO INFORMADO,NÃO INFORMADO,
AI0562,AIS 19,Potengi,2020-06-15,2020-06-11,RESIDENCIA PARTICULAR,,NÃO INFORMADO,NÃO INFORMADO,
AI1102,AIS 21,Várzea Alegre,2020-06-18,2020-06-17,VIA PUBLICA,,NÃO INFORMADO,NÃO INFORMADO,
AI0336,AIS 11,Caucaia,2020-06-19,2020-06-18,RESIDENCIA PARTICULAR,10.0,Masculino,NÃO INFORMADO,Adolecencia
AI0336,AIS 11,Caucaia,2020-06-19,2020-06-18,RESIDENCIA PARTICULAR,14.0,Masculino,NÃO INFORMADO,Adolecencia
AI0336,AIS 11,Caucaia,2020-06-19,2020-06-18,RESIDENCIA PARTICULAR,12.0,Feminino,NÃO INFORMADO,Adolecencia
AI0456,AIS 17,Bela Cruz,2020-06-30,2020-06-27,VIA PUBLICA,,NÃO INFORMADO,NÃO INFORMADO,
AI0955,AIS 14,São Benedito,2020-06-30,2020-06-30,RESIDENCIA PARTICULAR,,NÃO INFORMADO,NÃO INFORMADO,
AI0946,AIS 14,São Benedito,2020-07-28,2020-07-06,RESIDENCIA PARTICULAR,9.0,Masculino,ESTUDANTE,Criança
AI0322,AIS 01,Fortaleza,2020-07-23,2020-07-06,RESIDENCIA PARTICULAR,,Masculino,NÃO INFORMADO,
AI0594,AIS 15,Mulungu,2020-07-08,2020-07-08,RESIDENCIA PARTICULAR,11.0,Masculino,PADEIRO,Adolecencia
AI0573,AIS 19,Crato,2020-07-10,2020-07-08,RESIDENCIA PARTICULAR,,NÃO INFORMADO,NÃO INFORMADO,
AI0949,AIS 14,São Benedito,2020-07-13,2020-07-11,RESIDENCIA PARTICULAR,11.0,Masculino,NÃO INFORMADO,Adolecencia
AI0078,AIS 06,Fortaleza,2020-07-13,2020-07-12,VIA PUBLICA,25.0,Feminino,ND,Jovem
AI0037,AIS 02,Fortaleza,2020-07-16,2020-07-16,RESIDENCIA PARTICULAR,1.0,Feminino,NÃO INFORMADO,Criança
AI0560,AIS 19,Santana do Cariri,2020-07-25,2020-07-25,VIA PUBLICA,,NÃO INFORMADO,NÃO INFORMADO,
AI0638,AIS 18,Jaguaribe,2020-08-13,2020-07-25,RESIDENCIA PARTICULAR,,NÃO INFORMADO,NÃO INFORMADO,
AI0427,AIS 21,Tarrafas,2020-09-17,2020-07-27,RESIDENCIA PARTICULAR,,NÃO INFORMADO,NÃO INFORMADO,
AI0773,AIS 19,Juazeiro do Norte,2020-07-28,2020-07-28,CASA COMERCIAL,,NÃO INFORMADO,NÃO INFORMADO,
AI0870,AIS 14,Graça,2020-11-03,2020-08-04,RESIDENCIA PARTICULAR,,NÃO INFORMADO,NÃO INFORMADO,
AI0074,AIS 11,Caucaia,2020-08-10,2020-08-09,VIA PUBLICA,,NÃO INFORMADO,NÃO INFORMADO,
AI0882,AIS 20,Pedra Branca,2020-08-11,2020-08-11,RESIDENCIA PARTICULAR,,NÃO INFORMADO,NÃO INFORMADO,
AI0445,AIS 19,Barbalha,2021-04-20,2020-08-13,RESIDENCIA PARTICULAR,12.0,Masculino,NÃO INFORMADO,Adolecencia
AI0445,AIS 19,Barbalha,2021-04-20,2020-08-13,RESIDENCIA PARTICULAR,8.0,Masculino,ESTUDANTE,Criança
AI0445,AIS 19,Barbalha,2021-04-20,2020-08-13,RESIDENCIA PARTICULAR,8.0,Masculino,ESTUDANTE,Criança
AI0445,AIS 19,Barbalha,2021-04-20,2020-08-13,RESIDENCIA PARTICULAR,14.0,Masculino,ESTUDANTE,Adolecencia
AI0023,AIS 04,Fortaleza,2020-08-17,2020-08-17,VIA PUBLICA,,NÃO INFORMADO,NÃO INFORMADO,
AI0651,AIS 14,Ibiapina,2020-08-19,2020-08-19,VIA PUBLICA,,NÃO INFORMADO,NÃO INFORMADO,
AI0474,AIS 14,Camocim,2020-08-22,2020-08-20,VIA PUBLICA,,NÃO INFORMADO,NÃO INFORMADO,
AI0933,AIS 14,Santana do Acaraú,2020-08-24,2020-08-22,RESIDENCIA PARTICULAR,,NÃO INFORMADO,NÃO INFORMADO,
AI0564,AIS 19,Altaneira,2020-08-24,2020-08-24,REPARTICAO PUBLICA,,NÃO INFORMADO,NÃO INFORMADO,
AI1078,AIS 17,Umirim,2020-09-16,2020-08-25,RESIDENCIA PARTICULAR,,NÃO INFORMADO,NÃO INFORMADO,
AI0262,AIS 06,Fortaleza,2020-08-26,2020-08-26,RESIDENCIA PARTICULAR,9.0,Masculino,NÃO INFORMADO,Criança
AI0499,AIS 13,Cascavel,2020-08-26,2020-08-26,RESIDENCIA PARTICULAR,,NÃO INFORMADO,NÃO INFORMADO,
AI0775,AIS 19,Juazeiro do Norte,2020-08-26,2020-08-26,CASA COMERCIAL,,Masculino,NÃO INFORMADO,
AI0131,AIS 11,Caucaia,2020-08-28,2020-08-27,RESIDENCIA PARTICULAR,12.0,Feminino,NÃO INFORMADO,Adolecencia
AI0131,AIS 11,Caucaia,2020-08-28,2020-08-27,RESIDENCIA PARTICULAR,4.0,Masculino,NÃO INFORMADO,Criança
AI0131,AIS 11,Caucaia,2020-08-28,2020-08-27,RESIDENCIA PARTICULAR,10.0,Masculino,NÃO INFORMADO,Adolecencia
AI0131,AIS 11,Caucaia,2020-08-28,2020-08-27,RESIDENCIA PARTICULAR,7.0,Feminino,NÃO INFORMADO,Criança
AI0131,AIS 11,Caucaia,2020-08-28,2020-08-27,RESIDENCIA PARTICULAR,1.0,Feminino,NÃO INFORMADO,Criança
AI0131,AIS 11,Caucaia,2020-08-28,2020-08-27,RESIDENCIA PARTICULAR,5.0,Masculino,NÃO INFORMADO,Criança
AI1068,AIS 14,Ubajara,2020-09-01,2020-09-01,RESIDENCIA PARTICULAR,,NÃO INFORMADO,NÃO INFORMADO,
AI0948,AIS 14,Carnaubal,2021-10-11,2020-09-01,RESIDENCIA PARTICULAR,,Masculino,DEFICIENTE,
AI0948,AIS 14,Carnaubal,2021-10-11,2020-09-01,RESIDENCIA PARTICULAR,,Feminino,NÃO INFORMADO,
AI0729,AIS 14,Croatá,2020-09-11,2020-09-03,RESIDENCIA PARTICULAR,,NÃO INFORMADO,NÃO INFORMADO,
AI0677,AIS 21,Iguatu,2020-09-03,2020-09-03,VIA PUBLICA,21.0,Feminino,DO LAR,Jovem
AI0677,AIS 21,Iguatu,2020-09-03,2020-09-03,VIA PUBLICA,45.0,Feminino,DOMÉSTICA,Adulto
AI0547,AIS 16,Monsenhor Tabosa,2020-09-06,2020-09-05,RESIDENCIA PARTICULAR,7.0,Feminino,NÃO INFORMADO,Criança
AI0270,AIS 03,Fortaleza,2020-09-11,2020-09-10,RESIDENCIA PARTICULAR,9.0,Masculino,NÃO INFORMADO,Criança
AI0203,AIS 02,Fortaleza,2020-09-12,2020-09-12,RESIDENCIA PARTICULAR,6.0,Masculino,NÃO INFORMADO,Criança
AI0203,AIS 02,Fortaleza,2020-09-12,2020-09-12,RESIDENCIA PARTICULAR,0.0,Feminino,NÃO INFORMADO,Criança
AI0577,AIS 19,Crato,2021-01-21,2020-09-13,RESIDENCIA PARTICULAR,,NÃO INFORMADO,NÃO INFORMADO,
AI0271,AIS 12,Maracanaú,2020-09-18,2020-09-17,RESIDENCIA PARTICULAR,9.0,Masculino,NÃO INFORMADO,Criança
AI0475,AIS 14,Camocim,2020-09-19,2020-09-19,RESIDENCIA PARTICULAR,,NÃO INFORMADO,NÃO INFORMADO,
AI0324,AIS 19,Crato,2020-09-23,2020-09-21,RESIDENCIA PARTICULAR,,NÃO INFORMADO,NÃO INFORMADO,
AI0520,AIS 25,Chorozinho,2020-10-01,2020-09-28,RESIDENCIA PARTICULAR,,NÃO INFORMADO,NÃO INFORMADO,
AI0730,AIS 16,Ipu,2020-10-05,2020-10-05,RESIDENCIA PARTICULAR,,NÃO INFORMADO,NÃO INFORMADO,
AI0244,AIS 07,Fortaleza,2020-10-11,2020-10-11,RESIDENCIA PARTICULAR,,NÃO INFORMADO,NÃO INFORMADO,
AI1040,AIS 14,Ubajara,2020-10-11,2020-10-11,RESIDENCIA PARTICULAR,,NÃO INFORMADO,NÃO INFORMADO,
AI0107,AIS 09,Fortaleza,2020-10-12,2020-10-12,RESIDENCIA PARTICULAR,,NÃO INFORMADO,NÃO INFORMADO,
AI0934,AIS 14,Santana do Acaraú,2020-10-13,2020-10-12,RESIDENCIA PARTICULAR,,NÃO INFORMADO,NÃO INFORMADO,
AI0315,AIS Não Identificada (Fortaleza),Fortaleza,2021-01-11,2020-10-13,RESIDENCIA PARTICULAR,,NÃO INFORMADO,NÃO INFORMADO,
AI0682,AIS 21,Várzea Alegre,2020-10-14,2020-10-14,VIA PUBLICA,,NÃO INFORMADO,NÃO INFORMADO,
AI0195,AIS 13,Aquiraz,2020-12-03,2020-10-20,RESIDENCIA PARTICULAR,11.0,Feminino,NÃO INFORMADO,Adolecencia
AI0658,AIS 21,Icó,2020-10-25,2020-10-25,VIA PUBLICA,1.0,Masculino,NÃO INFORMADO,Criança
AI0390,AIS 17,Amontada,2020-10-29,2020-10-27,RESIDENCIA PARTICULAR,0.0,Masculino,NÃO INFORMADO,Criança
AI0630,AIS 17,Itapipoca,2020-10-29,2020-10-27,RESIDENCIA PARTICULAR,,NÃO INFORMADO,NÃO INFORMADO,
AI0075,AIS 24,Pacatuba,2020-11-05,2020-11-05,RESIDENCIA PARTICULAR,18.0,Feminino,ESTUDANTE,Jovem
AI0162,AIS 12,Maracanaú,2020-11-07,2020-11-07,RESIDENCIA PARTICULAR,,NÃO INFORMADO,NÃO INFORMADO,
AI0063,AIS 24,Pacatuba,2021-05-25,2020-11-10,RESIDENCIA PARTICULAR,,NÃO INFORMADO,NÃO INFORMADO,
AI0278,AIS Não Identificada (Fortaleza),Fortaleza,2020-11-12,2020-11-12,RESIDENCIA PARTICULAR,11.0,Feminino,NÃO INFORMADO,Adolecencia
AI0372,AIS 18,Alto Santo,2021-01-05,2020-11-20,RESIDENCIA PARTICULAR,,NÃO INFORMADO,NÃO INFORMADO,
AI0388,AIS 18,Alto Santo,2020-11-30,2020-11-21,VIA PUBLICA,,NÃO INFORMADO,NÃO INFORMADO,
AI0181,AIS 24,Maranguape,2021-01-29,2020-12-14,RESIDENCIA PARTICULAR,47.0,Masculino,SEM PROFISSÃO,Adulto
AI1015,AIS 16,Tamboril,2020-12-21,2020-12-18,NÃO INFORMADO,,NÃO INFORMADO,NÃO INFORMADO,
AI0846,AIS 20,Morada Nova,2020-12-28,2020-12-22,RESIDENCIA PARTICULAR,,NÃO INFORMADO,NÃO INFORMADO,
AI0723,AIS 16,Ipu,2020-12-22,2020-12-22,RESIDENCIA PARTICULAR,,NÃO INFORMADO,NÃO INFORMADO,
AI0923,AIS 18,Quixeré,2023-11-29,2021-01-01,RESIDENCIA PARTICULAR,,NÃO INFORMADO,NÃO INFORMADO,
AI0733,AIS 16,Ararendá,2021-01-05,2021-01-03,RESIDENCIA PARTICULAR,,NÃO INFORMADO,NÃO INFORMADO,
AI0297,AIS 06,Fortaleza,2021-01-08,2021-01-08,VIA PUBLICA,4.0,Masculino,NÃO INFORMADO,Criança
AI0769,AIS 19,Juazeiro do Norte,2021-01-15,2021-01-15,RESIDENCIA PARTICULAR,,Masculino,NÃO INFORMADO,
AI0080,AIS 12,Maracanaú,2021-07-26,2021-01-17,RESIDENCIA PARTICULAR,2.0,Masculino,NÃO INFORMADO,Criança
AI1077,AIS 17,Umirim,2021-01-19,2021-01-17,RESIDENCIA PARTICULAR,,NÃO INFORMADO,NÃO INFORMADO,
AI0284,AIS 01,Fortaleza,2021-01-22,2021-01-21,RESIDENCIA PARTICULAR,4.0,Masculino,NÃO INFORMADO,Criança
AI0154,AIS 12,Maracanaú,2021-01-30,2021-01-30,RESIDENCIA PARTICULAR,,NÃO INFORMADO,NÃO INFORMADO,
AI0253,AIS 06,Fortaleza,2021-01-31,2021-01-31,RESIDENCIA PARTICULAR,,NÃO INFORMADO,NÃO INFORMADO,
AI0784,AIS 19,Juazeiro do Norte,2021-02-01,2021-02-01,RESIDENCIA PARTICULAR,13.0,Feminino,ESTUDANTE,Adolecencia
AI0784,AIS 19,Juazeiro do Norte,2021-02-01,2021-02-01,RESIDENCIA PARTICULAR,16.0,Masculino,ESTUDANTE,Jovem
AI0784,AIS 19,Juazeiro do Norte,2021-02-01,2021-02-01,RESIDENCIA PARTICULAR,10.0,Masculino,ESTUDANTE,Adolecencia
AI0783,AIS 19,Juazeiro do Norte,2021-02-01,2021-02-01,RESIDENCIA PARTICULAR,13.0,Feminino,ESTUDANTE,Adolecencia
AI0783,AIS 19,Juazeiro do Norte,2021-02-01,2021-02-01,RESIDENCIA PARTICULAR,16.0,Masculino,ESTUDANTE,Jovem
AI0783,AIS 19,Juazeiro do Norte,2021-02-01,2021-02-01,RESIDENCIA PARTICULAR,10.0,Masculino,ESTUDANTE,Adolecencia
AI0522,AIS 14,Coreaú,2021-02-11,2021-02-03,VIA PUBLICA,,NÃO INFORMADO,NÃO INFORMADO,
AI1059,AIS 14,Guaraciaba do Norte,2021-02-07,2021-02-07,RESIDENCIA PARTICULAR,,NÃO INFORMADO,NÃO INFORMADO,
AI0901,AIS 20,Choró,2021-02-12,2021-02-11,RESIDENCIA PARTICULAR,,NÃO INFORMADO,NÃO INFORMADO,
AI0632,AIS 17,Itarema,2021-06-25,2021-02-23,RESIDENCIA PARTICULAR,,NÃO INFORMADO,NÃO INFORMADO,
AI0963,AIS 23,São Gonçalo do Amarante,2021-06-02,2021-02-23,RESIDENCIA PARTICULAR,,NÃO INFORMADO,NÃO INFORMADO,
AI0055,AIS 02,Fortaleza,2021-03-01,2021-02-27,VIA PUBLICA,,NÃO INFORMADO,NÃO INFORMADO,
AI0312,AIS 07,Fortaleza,2021-03-02,2021-03-02,RESIDENCIA PARTICULAR,10.0,Feminino,ESTUDANTE,Adolecencia
AI0054,AIS 12,Maracanaú,2021-03-03,2021-03-03,RESIDENCIA PARTICULAR,3.0,Feminino,NÃO INFORMADO,Criança
AI0656,AIS 18,Icapuí,2021-08-25,2021-03-04,VIA PUBLICA,,NÃO INFORMADO,NÃO INFORMADO,
AI0141,AIS 03,Fortaleza,2021-03-26,2021-03-08,RESIDENCIA PARTICULAR,,NÃO INFORMADO,NÃO INFORMADO,
AI0676,AIS 21,Iguatu,2021-03-10,2021-03-10,REPARTICAO PUBLICA,0.0,Masculino,NÃO INFORMADO,Criança
AI1024,AIS 22,Tauá,2021-03-15,2021-03-14,RESIDENCIA PARTICULAR,15.0,Masculino,NÃO INFORMADO,Adolecencia
AI0906,AIS 22,Quiterianópolis,2021-03-31,2021-03-30,VIA PUBLICA,,NÃO INFORMADO,NÃO INFORMADO,
AI0671,AIS 21,Várzea Alegre,2021-04-01,2021-04-01,VIA PUBLICA,,NÃO INFORMADO,NÃO INFORMADO,
AI0545,AIS 16,Novo Oriente,2021-04-15,2021-04-06,RESIDENCIA PARTICULAR,,NÃO INFORMADO,NÃO INFORMADO,
AI0766,AIS 19,Juazeiro do Norte,2021-04-08,2021-04-08,REPARTICAO PUBLICA,,Masculino,NÃO INFORMADO,
AI1099,AIS 21,Várzea Alegre,2021-04-12,2021-04-09,RESIDENCIA PARTICULAR,17.0,Feminino,ESTUDANTE,Jovem
AI0745,AIS 18,Ereré,2021-06-15,2021-04-11,RESIDENCIA PARTICULAR,,NÃO INFORMADO,NÃO INFORMADO,
AI0829,AIS 19,Milagres,2021-04-23,2021-04-23,RESIDENCIA PARTICULAR,,NÃO INFORMADO,NÃO INFORMADO,
AI0962,AIS 23,São Gonçalo do Amarante,2021-05-06,2021-04-23,RESIDENCIA PARTICULAR,,NÃO INFORMADO,NÃO INFORMADO,
AI0471,AIS 19,Brejo Santo,2021-04-27,2021-04-26,RESIDENCIA PARTICULAR,16.0,Feminino,ESTUDANTE,Jovem
AI0597,AIS 25,Horizonte,2021-04-27,2021-04-27,RESIDENCIA PARTICULAR,,NÃO INFORMADO,NÃO INFORMADO,
AI0858,AIS 21,Orós,2021-05-03,2021-04-30,RESIDENCIA PARTICULAR,,NÃO INFORMADO,NÃO INFORMADO,
AI0502,AIS 13,Cascavel,2021-05-09,2021-05-09,RESIDENCIA PARTICULAR,6.0,Feminino,NÃO INFORMADO,Criança
AI1069,AIS 14,Ubajara,2021-05-17,2021-05-15,RESIDENCIA PARTICULAR,,NÃO INFORMADO,NÃO INFORMADO,
AI0400,AIS 18,Aracati,2021-05-25,2021-05-25,RESIDENCIA PARTICULAR,,NÃO INFORMADO,NÃO INFORMADO,
AI0849,AIS 16,Ararendá,2021-05-25,2021-05-25,RESIDENCIA PARTICULAR,,NÃO INFORMADO,NÃO INFORMADO,
AI0289,AIS 06,Fortaleza,2021-05-27,2021-05-27,RESIDENCIA PARTICULAR,0.0,Masculino,NÃO TEM,Criança
AI0289,AIS 06,Fortaleza,2021-05-27,2021-05-27,RESIDENCIA PARTICULAR,6.0,Feminino,NÃO TEM,Criança
AI0289,AIS 06,Fortaleza,2021-05-27,2021-05-27,RESIDENCIA PARTICULAR,11.0,Feminino,NÃO TEM,Adolecencia
AI0289,AIS 06,Fortaleza,2021-05-27,2021-05-27,RESIDENCIA PARTICULAR,13.0,Feminino,NÃO TEM,Adolecencia
AI0117,AIS 05,Fortaleza,2021-05-28,2021-05-28,RESIDENCIA PARTICULAR,,NÃO INFORMADO,NÃO INFORMADO,
AI0319,AIS 11,Caucaia,2021-05-31,2021-05-28,RESIDENCIA PARTICULAR,12.0,Masculino,NÃO INFORMADO,Adolecencia
AI0319,AIS 11,Caucaia,2021-05-31,2021-05-28,RESIDENCIA PARTICULAR,10.0,Masculino,NÃO INFORMADO,Adolecencia
AI0319,AIS 11,Caucaia,2021-05-31,2021-05-28,RESIDENCIA PARTICULAR,7.0,Masculino,NÃO INFORMADO,Criança
AI0540,AIS 16,Crateús,2021-05-30,2021-05-29,RESIDENCIA PARTICULAR,,NÃO INFORMADO,NÃO INFORMADO,
AI0182,AIS 24,Maranguape,2021-07-19,2021-05-31,RESIDENCIA PARTICULAR,3.0,Masculino,NÃO INFORMADO,Criança
AI1092,AIS 16,Reriutaba,2021-06-01,2021-06-01,VIA PUBLICA,5.0,Masculino,Não informado,Criança
AI1092,AIS 16,Reriutaba,2021-06-01,2021-06-01,VIA PUBLICA,12.0,Masculino,NÃO INFORMADO,Adolecencia
AI0830,AIS 19,Milagres,2021-06-07,2021-06-05,RESIDENCIA PARTICULAR,9.0,Feminino,ESTUDANTE,Criança
AI0830,AIS 19,Milagres,2021-06-07,2021-06-05,RESIDENCIA PARTICULAR,2.0,Masculino,NÃO INFORMADO,Criança
AI0830,AIS 19,Milagres,2021-06-07,2021-06-05,RESIDENCIA PARTICULAR,4.0,Masculino,NÃO INFORMADO,Criança
AI0811,AIS 18,Limoeiro do Norte,2021-06-06,2021-06-06,RESIDENCIA PARTICULAR,,NÃO INFORMADO,NÃO INFORMADO,
AI0234,AIS 05,Fortaleza,2021-06-08,2021-06-07,VIA PUBLICA,0.0,Feminino,NÃO INFORMADO,Criança
AI0605,AIS 25,Horizonte,2021-06-08,2021-06-08,RESIDENCIA PARTICULAR,,NÃO INFORMADO,NÃO INFORMADO,
AI1070,AIS 14,Ubajara,2021-06-14,2021-06-13,RESIDENCIA PARTICULAR,,NÃO INFORMADO,NÃO INFORMADO,
AI0472,AIS 19,Mauriti,2021-06-21,2021-06-20,RESIDENCIA PARTICULAR,,NÃO INFORMADO,NÃO INFORMADO,
AI0523,AIS 14,Coreaú,2021-06-23,2021-06-23,NÃO INFORMADO,30.0,Masculino,NÃO INFORMADO,Adulto
AI0344,AIS 06,Fortaleza,2021-06-30,2021-06-30,RESIDENCIA PARTICULAR,,Masculino,NÃO INFORMADO,
AI0344,AIS 06,Fortaleza,2021-06-30,2021-06-30,RESIDENCIA PARTICULAR,0.0,Masculino,SEM PROFISSÃO,Criança
AI0622,AIS 17,Itapajé,2021-07-13,2021-07-10,VIA PUBLICA,,NÃO INFORMADO,NÃO INFORMADO,
AI1131,AIS 14,Sobral,2021-07-11,2021-07-11,RESIDENCIA PARTICULAR,51.0,Feminino,ENFERMEIRA,Adulto
AI0379,AIS 18,Alto Santo,2021-07-29,2021-07-18,RESIDENCIA PARTICULAR,,NÃO INFORMADO,NÃO INFORMADO,
AI0825,AIS 19,Abaiara,2021-11-16,2021-07-22,NÃO INFORMADO,,NÃO INFORMADO,NÃO INFORMADO,
AI1048,AIS 14,Ubajara,2021-07-30,2021-07-30,RESIDENCIA PARTICULAR,,NÃO INFORMADO,NÃO INFORMADO,
AI0268,AIS 09,Fortaleza,2021-08-03,2021-08-02,RESIDENCIA PARTICULAR,10.0,Masculino,NÃO INFORMADO,Adolecencia
AI0268,AIS 09,Fortaleza,2021-08-03,2021-08-02,RESIDENCIA PARTICULAR,17.0,Feminino,NÃO INFORMADO,Jovem
AI0268,AIS 09,Fortaleza,2021-08-03,2021-08-02,RESIDENCIA PARTICULAR,13.0,Feminino,NÃO INFORMADO,Adolecencia
AI0529,AIS 16,Crateús,2021-08-15,2021-08-14,RESIDENCIA PARTICULAR,,NÃO INFORMADO,NÃO INFORMADO,
AI1051,AIS 14,Frecheirinha,2021-08-15,2021-08-15,VIA PUBLICA,,NÃO INFORMADO,NÃO INFORMADO,
AI0746,AIS 18,Limoeiro do Norte,2022-07-20,2021-08-16,REPARTICAO PUBLICA,,NÃO INFORMADO,NÃO INFORMADO,
AI0710,AIS 16,Independência,2021-09-01,2021-08-27,RESIDENCIA PARTICULAR,,NÃO INFORMADO,NÃO INFORMADO,
AI0944,AIS 16,Hidrolândia,2021-08-27,2021-08-27,EDIFICIO PUBLICO,,NÃO INFORMADO,NÃO INFORMADO,
AI0156,AIS 24,Pacatuba,2021-09-02,2021-08-30,RESIDENCIA PARTICULAR,,NÃO INFORMADO,NÃO INFORMADO,
AI0546,AIS 16,Nova Russas,2021-09-03,2021-09-02,RESIDENCIA PARTICULAR,,NÃO INFORMADO,NÃO INFORMADO,
AI0720,AIS 21,Ipaumirim,2021-09-08,2021-09-07,RESIDENCIA PARTICULAR,6.0,Feminino,NÃO INFORMADO,Criança
AI0720,AIS 21,Ipaumirim,2021-09-08,2021-09-07,RESIDENCIA PARTICULAR,2.0,Masculino,NÃO INFORMADO,Criança
AI0548,AIS 16,Nova Russas,2021-09-11,2021-09-11,RESIDENCIA PARTICULAR,,NÃO INFORMADO,NÃO INFORMADO,
AI0050,AIS 07,Fortaleza,2021-09-13,2021-09-13,RESIDENCIA PARTICULAR,,NÃO INFORMADO,NÃO INFORMADO,
AI0841,AIS 22,Mombaça,2021-09-17,2021-09-17,RESIDENCIA PARTICULAR,,NÃO INFORMADO,NÃO INFORMADO,
AI0386,AIS 18,Alto Santo,2021-10-27,2021-09-18,RESIDENCIA PARTICULAR,6.0,Feminino,NÃO INFORMADO,Criança
AI0386,AIS 18,Alto Santo,2021-10-27,2021-09-18,RESIDENCIA PARTICULAR,2.0,Masculino,NÃO INFORMADO,Criança
AI0386,AIS 18,Alto Santo,2021-10-27,2021-09-18,RESIDENCIA PARTICULAR,5.0,Masculino,NÃO INFORMADO,Criança
AI0629,AIS 17,Amontada,2021-09-25,2021-09-25,RESIDENCIA PARTICULAR,,NÃO INFORMADO,NÃO INFORMADO,
AI0161,AIS 12,Maracanaú,2021-09-25,2021-09-25,RESIDENCIA PARTICULAR,,NÃO INFORMADO,NÃO INFORMADO,
AI0469,AIS 15,Boa Viagem,2021-09-30,2021-09-28,RESIDENCIA PARTICULAR,,NÃO INFORMADO,NÃO INFORMADO,
AI1017,AIS 22,Tauá,2021-10-04,2021-10-04,RESIDENCIA PARTICULAR,11.0,Feminino,NÃO INFORMADO,Adolecencia
AI0362,AIS 21,Acopiara,2022-08-01,2021-10-05,RESIDENCIA PARTICULAR,,NÃO INFORMADO,NÃO INFORMADO,
AI0648,AIS 19,Jardim,2021-10-06,2021-10-05,VIA PUBLICA,,NÃO INFORMADO,NÃO INFORMADO,
AI0683,AIS 21,Acopiara,2021-10-06,2021-10-05,NÃO INFORMADO,,NÃO INFORMADO,NÃO INFORMADO,
AI0301,AIS 06,Fortaleza,2021-10-08,2021-10-08,RESIDENCIA PARTICULAR,,NÃO INFORMADO,NÃO INFORMADO,
AI0264,AIS 11,Caucaia,2022-02-02,2021-10-14,RESIDENCIA PARTICULAR,,NÃO INFORMADO,NÃO INFORMADO,
AI0690,AIS 21,Iguatu,2021-10-26,2021-10-15,RESIDENCIA PARTICULAR,,NÃO INFORMADO,NÃO INFORMADO,
AI0789,AIS 19,Missão Velha,2021-12-16,2021-10-21,VIA PUBLICA,,NÃO INFORMADO,NÃO INFORMADO,
AI1060,AIS 14,Viçosa do Ceará,2021-10-26,2021-10-26,RESIDENCIA PARTICULAR,5.0,Masculino,NÃO INFORMADO,Criança
AI0282,AIS 03,Fortaleza,2021-11-03,2021-11-03,RESIDENCIA PARTICULAR,,NÃO INFORMADO,NÃO INFORMADO,
AI1061,AIS 14,São Benedito,2021-11-08,2021-11-08,RESIDENCIA PARTICULAR,,NÃO INFORMADO,NÃO INFORMADO,
AI0414,AIS 19,Araripe,2022-02-10,2021-11-10,RESIDENCIA PARTICULAR,,NÃO INFORMADO,NÃO INFORMADO,
AI0113,AIS 08,Fortaleza,2021-11-23,2021-11-20,RESIDENCIA PARTICULAR,,NÃO INFORMADO,NÃO INFORMADO,
AI0457,AIS 17,Bela Cruz,2021-11-22,2021-11-21,RESIDENCIA PARTICULAR,,NÃO INFORMADO,NÃO INFORMADO,
AI0313,AIS 03,Fortaleza,2021-11-22,2021-11-22,RESIDENCIA PARTICULAR,3.0,Feminino,NÃO INFORMADO,Criança
AI0313,AIS 03,Fortaleza,2021-11-22,2021-11-22,RESIDENCIA PARTICULAR,4.0,Masculino,NÃO INFORMADO,Criança
AI0070,AIS 11,Caucaia,2022-02-01,2021-11-23,RESIDENCIA PARTICULAR,7.0,Feminino,NÃO INFORMADO,Criança
AI0441,AIS 19,Barbalha,2023-04-26,2021-11-23,REPARTICAO PUBLICA,11.0,Feminino,ESTUDANTE,Adolecencia
AI0975,AIS 20,Senador Pompeu,2021-11-23,2021-11-23,RESIDENCIA PARTICULAR,,NÃO INFORMADO,NÃO INFORMADO,
AI0738,AIS 18,Iracema,2022-04-19,2021-11-24,RESIDENCIA PARTICULAR,12.0,Feminino,ESTUDANTE,Adolecencia
AI0900,AIS 20,Quixadá,2021-11-27,2021-11-27,RESIDENCIA PARTICULAR,11.0,Masculino,NÃO INFORMADO,Adolecencia
AI1091,AIS 16,Varjota,2022-02-10,2021-11-27,RESIDENCIA PARTICULAR,,NÃO INFORMADO,NÃO INFORMADO,
AI0503,AIS 13,Cascavel,2021-11-30,2021-11-30,RESIDENCIA PARTICULAR,,NÃO INFORMADO,NÃO INFORMADO,
AI0799,AIS 18,Limoeiro do Norte,2021-12-01,2021-12-01,RESIDENCIA PARTICULAR,9.0,Masculino,NÃO INFORMADO,Criança
AI0580,AIS 19,Altaneira,2021-12-02,2021-12-02,RESIDENCIA PARTICULAR,11.0,Masculino,NÃO INFORMADO,Adolecencia
AI0662,AIS 21,Icó,2021-12-07,2021-12-03,RESIDENCIA PARTICULAR,,NÃO INFORMADO,NÃO INFORMADO,
AI0153,AIS 12,Maracanaú,2021-12-05,2021-12-05,VIA PUBLICA,,NÃO INFORMADO,NÃO INFORMADO,
AI0316,AIS 04,Fortaleza,2021-12-08,2021-12-08,RESIDENCIA PARTICULAR,4.0,Masculino,NÃO INFORMADO,Criança
AI0316,AIS 04,Fortaleza,2021-12-08,2021-12-08,RESIDENCIA PARTICULAR,15.0,Feminino,NÃO INFORMADO,Adolecencia
AI0800,AIS 18,Limoeiro do Norte,2021-12-12,2021-12-12,RESIDENCIA PARTICULAR,15.0,Feminino,NÃO INFORMADO,Adolecencia
AI0026,AIS 02,Fortaleza,2021-12-19,2021-12-18,RESIDENCIA PARTICULAR,,NÃO INFORMADO,NÃO INFORMADO,
AI0118,AIS 04,Fortaleza,2021-12-19,2021-12-19,RESIDENCIA PARTICULAR,,NÃO INFORMADO,NÃO INFORMADO,
AI0832,AIS 19,Missão Velha,2021-12-22,2021-12-21,RESIDENCIA PARTICULAR,,NÃO INFORMADO,NÃO INFORMADO,
AI0465,AIS 15,Boa Viagem,2021-12-28,2021-12-27,RESIDENCIA PARTICULAR,11.0,Masculino,ESTUDANTE,Adolecencia
AI0695,AIS 21,Iguatu,2021-12-30,2021-12-30,RESIDENCIA PARTICULAR,7.0,Feminino,NÃO INFORMADO,Criança
AI0027,AIS 05,Fortaleza,2022-01-03,2021-12-31,RESIDENCIA PARTICULAR,,NÃO INFORMADO,NÃO INFORMADO,
AI0572,AIS 19,Santana do Cariri,2022-09-13,2022-01-03,RESIDENCIA PARTICULAR,,NÃO INFORMADO,NÃO INFORMADO,
AI0420,AIS 19,Assaré,2022-03-04,2022-01-06,RESIDENCIA PARTICULAR,,NÃO INFORMADO,NÃO INFORMADO,
AI0455,AIS 17,Bela Cruz,2022-01-26,2022-01-13,RESIDENCIA PARTICULAR,,NÃO INFORMADO,NÃO INFORMADO,
AI0945,AIS 14,São Benedito,2022-01-24,2022-01-22,RESIDENCIA PARTICULAR,,NÃO INFORMADO,NÃO INFORMADO,
AI0595,AIS 15,Guaramiranga,2022-01-24,2022-01-23,RESIDENCIA PARTICULAR,2.0,Feminino,NÃO INFORMADO,Criança
AI0595,AIS 15,Guaramiranga,2022-01-24,2022-01-23,RESIDENCIA PARTICULAR,38.0,Feminino,DO LAR,Adulto
AI0806,AIS 18,Limoeiro do Norte,2023-03-09,2022-01-25,RESIDENCIA PARTICULAR,,NÃO INFORMADO,NÃO INFORMADO,
AI0685,AIS 21,Iguatu,2022-01-26,2022-01-26,VIA PUBLICA,73.0,Feminino,NÃO INFORMADO,Idoso
AI0248,AIS 05,Fortaleza,2022-02-01,2022-02-01,RESIDENCIA PARTICULAR,5.0,Masculino,ESTUDANTE,Criança
AI0735,AIS 18,Iracema,2022-07-28,2022-02-02,RESIDENCIA PARTICULAR,,NÃO INFORMADO,NÃO INFORMADO,
AI0814,AIS 17,Marco,2022-09-05,2022-02-03,RESIDENCIA PARTICULAR,13.0,Feminino,NÃO INFORMADO,Adolecencia
AI0814,AIS 17,Marco,2022-09-05,2022-02-03,RESIDENCIA PARTICULAR,15.0,Feminino,NÃO INFORMADO,Adolecencia
AI0114,AIS 11,Caucaia,2022-02-03,2022-02-03,RESIDENCIA PARTICULAR,,NÃO INFORMADO,NÃO INFORMADO,
AI0952,AIS 14,São Benedito,2022-02-04,2022-02-04,RESIDENCIA PARTICULAR,1.0,Feminino,NÃO INFORMADO,Criança
AI0952,AIS 14,São Benedito,2022-02-04,2022-02-04,RESIDENCIA PARTICULAR,1.0,Feminino,NÃO INFORMADO,Criança
AI0954,AIS 14,São Benedito,2022-02-04,2022-02-04,RESIDENCIA PARTICULAR,1.0,Feminino,NÃO INFORMADO,Criança
AI0954,AIS 14,São Benedito,2022-02-04,2022-02-04,RESIDENCIA PARTICULAR,1.0,Feminino,NÃO INFORMADO,Criança
AI1122,AIS 17,Jijoca de Jericoacoara,2022-02-08,2022-02-07,VIA PUBLICA,3.0,Feminino,NÃO INFORMADO,Criança
AI0826,AIS 19,Abaiara,2022-02-11,2022-02-11,RESIDENCIA PARTICULAR,,NÃO INFORMADO,NÃO INFORMADO,
AI1109,AIS 21,Várzea Alegre,2022-02-14,2022-02-13,RESIDENCIA PARTICULAR,,NÃO INFORMADO,NÃO INFORMADO,
AI0167,AIS 12,Maracanaú,2022-02-18,2022-02-17,RESIDENCIA PARTICULAR,34.0,Feminino,EMPRESÁRIA,Adulto
AI0703,AIS 21,Iguatu,2022-02-21,2022-02-21,RESIDENCIA PARTICULAR,,NÃO INFORMADO,NÃO INFORMADO,
AI0226,AIS 02,Fortaleza,2022-02-23,2022-02-23,RESIDENCIA PARTICULAR,15.0,Feminino,NÃO INFORMADO,Adolecencia
AI0602,AIS 25,Horizonte,2022-09-12,2022-03-01,NÃO INFORMADO,13.0,Feminino,DESOCULPADA,Adolecencia
AI0177,AIS 04,Fortaleza,2022-03-05,2022-03-05,RESIDENCIA PARTICULAR,,NÃO INFORMADO,NÃO INFORMADO,
AI0974,AIS 20,Milhã,2022-03-06,2022-03-06,RESIDENCIA PARTICULAR,12.0,Feminino,ESTUDANTE,Adolecencia
AI0653,AIS 18,Icapuí,2022-04-07,2022-03-07,RESIDENCIA PARTICULAR,8.0,Masculino,NÃO INFORMADO,Criança
AI0880,AIS 20,Pedra Branca,2022-03-09,2022-03-09,RESIDENCIA PARTICULAR,14.0,Masculino,ESTUDANTE,Adolecencia
AI0758,AIS 19,Juazeiro do Norte,2022-03-10,2022-03-10,RESIDENCIA PARTICULAR,,NÃO INFORMADO,NÃO INFORMADO,
AI1045,AIS 14,Tianguá,2022-03-13,2022-03-13,RESIDENCIA PARTICULAR,85.0,Feminino,APOSENTADA,Idoso
AI1052,AIS 14,Tianguá,2022-03-20,2022-03-18,RESIDENCIA PARTICULAR,,NÃO INFORMADO,NÃO INFORMADO,
AI0424,AIS 19,Assaré,2022-03-19,2022-03-19,RESIDENCIA PARTICULAR,,NÃO INFORMADO,NÃO INFORMADO,
AI0213,AIS 07,Fortaleza,2022-03-23,2022-03-23,VIA PUBLICA,,NÃO INFORMADO,NÃO INFORMADO,
AI0988,AIS 14,Sobral,2022-04-03,2022-04-03,RESIDENCIA PARTICULAR,2.0,Masculino,Não informado,Criança
AI0988,AIS 14,Sobral,2022-04-03,2022-04-03,RESIDENCIA PARTICULAR,6.0,Feminino,Não informado,Criança
AI0569,AIS 19,Santana do Cariri,2022-08-01,2022-04-03,RESIDENCIA PARTICULAR,1.0,Feminino,NÃO INFORMADO,Criança
AI0526,AIS 14,Alcântaras,2024-02-22,2022-04-04,RESIDENCIA PARTICULAR,7.0,Feminino,NÃO INFORMADO,Criança
AI0817,AIS 14,Meruoca,2022-04-06,2022-04-05,RESIDENCIA PARTICULAR,,NÃO INFORMADO,NÃO INFORMADO,
AI1050,AIS 14,Ubajara,2022-04-08,2022-04-08,RESIDENCIA PARTICULAR,,NÃO INFORMADO,NÃO INFORMADO,
AI0008,AIS 10,Fortaleza,2022-04-08,2022-04-08,RESIDENCIA PARTICULAR,,NÃO INFORMADO,NÃO INFORMADO,
AI1031,AIS 14,Tianguá,2022-04-18,2022-04-09,RESIDENCIA PARTICULAR,26.0,Feminino,DO LAR,Adulto
AI0358,AIS 17,Acaraú,2022-04-13,2022-04-11,VIA PUBLICA,,NÃO INFORMADO,NÃO INFORMADO,
AI0794,AIS 21,Jucás,2022-04-18,2022-04-18,RESIDENCIA PARTICULAR,,NÃO INFORMADO,NÃO INFORMADO,
AI1039,AIS 14,Tianguá,2022-05-18,2022-04-25,VIA PUBLICA,,NÃO INFORMADO,NÃO INFORMADO,
AI1090,AIS 14,Martinópole,2022-05-02,2022-05-02,RESIDENCIA PARTICULAR,,NÃO INFORMADO,NÃO INFORMADO,
AI0363,AIS 21,Acopiara,2022-10-25,2022-05-05,RESIDENCIA PARTICULAR,,NÃO INFORMADO,NÃO INFORMADO,
AI0718,AIS 21,Baixio,2022-05-18,2022-05-11,RESIDENCIA PARTICULAR,,NÃO INFORMADO,NÃO INFORMADO,
AI0824,AIS 19,Mauriti,2022-05-17,2022-05-13,RESIDENCIA PARTICULAR,0.0,Feminino,NÃO INFORMADO,Criança
AI0958,AIS 14,São Benedito,2022-05-13,2022-05-13,ESCOLA/COLÉGIO,,NÃO INFORMADO,NÃO INFORMADO,
AI1165,AIS 20,Pedra Branca,2022-05-24,2022-05-17,RESIDENCIA PARTICULAR,,NÃO INFORMADO,NÃO INFORMADO,
AI1075,AIS 14,Ubajara,2022-06-09,2022-05-18,RESIDENCIA PARTICULAR,,NÃO INFORMADO,NÃO INFORMADO,
AI0620,AIS 17,Itapajé,2022-05-20,2022-05-19,RESIDENCIA PARTICULAR,,NÃO INFORMADO,NÃO INFORMADO,
AI0860,AIS 21,Orós,2022-05-25,2022-05-21,RESIDENCIA PARTICULAR,14.0,Masculino,NÃO INFORMADO,Adolecencia
AI0609,AIS 17,Itapajé,2022-08-23,2022-05-26,RESIDENCIA PARTICULAR,36.0,Masculino,NÃO INFORMADO,Adulto
AI0679,AIS 21,Várzea Alegre,2022-06-03,2022-06-02,RESIDENCIA PARTICULAR,,NÃO INFORMADO,NÃO INFORMADO,
AI0708,AIS 16,Independência,2022-06-02,2022-06-02,RESIDENCIA PARTICULAR,,NÃO INFORMADO,NÃO INFORMADO,
AI0742,AIS 18,Iracema,2022-07-28,2022-06-06,RESIDENCIA PARTICULAR,,NÃO INFORMADO,NÃO INFORMADO,
AI1025,AIS 14,Tianguá,2022-06-09,2022-06-07,RESIDENCIA PARTICULAR,,NÃO INFORMADO,NÃO INFORMADO,
AI0835,AIS 19,Missão Velha,2022-06-21,2022-06-09,VIA PUBLICA,,NÃO INFORMADO,NÃO INFORMADO,
AI1073,AIS 14,Ibiapina,2022-09-06,2022-06-10,RESIDENCIA PARTICULAR,10.0,Masculino,NÃO INFORMADO,Adolecencia
AI0770,AIS 19,Juazeiro do Norte,2022-06-13,2022-06-11,RESIDENCIA PARTICULAR,,NÃO INFORMADO,NÃO INFORMADO,
AI0350,AIS 10,Fortaleza,2023-03-21,2022-06-14,ESCOLA/COLÉGIO,4.0,Masculino,ESTUDANTE,Criança
AI0771,AIS 19,Juazeiro do Norte,2022-06-22,2022-06-22,RESIDENCIA PARTICULAR,39.0,Feminino,VENDEDORA DE COSMÉTICOS,Adulto
AI0743,AIS 18,Iracema,2022-07-28,2022-06-28,RESIDENCIA PARTICULAR,14.0,Masculino,NÃO INFORMADO,Adolecencia
AI0996,AIS 14,Sobral,2022-06-28,2022-06-28,VIA PUBLICA,2.0,Feminino,NÃO INFORMADO,Criança
AI0024,AIS 11,Caucaia,2022-06-30,2022-06-30,RESIDENCIA PARTICULAR,,NÃO INFORMADO,NÃO INFORMADO,
AI0314,AIS 10,Fortaleza,2022-07-04,2022-07-04,RESIDENCIA PARTICULAR,0.0,Feminino,NÃO INFORMADO,Criança
AI0525,AIS 14,Alcântaras,2022-07-19,2022-07-04,RESIDENCIA PARTICULAR,,NÃO INFORMADO,NÃO INFORMADO,
AI0049,AIS 10,Fortaleza,2022-07-11,2022-07-08,RESIDENCIA PARTICULAR,,NÃO INFORMADO,NÃO INFORMADO,
AI0684,AIS 21,Jucás,2022-07-10,2022-07-10,RESIDENCIA PARTICULAR,,NÃO INFORMADO,NÃO INFORMADO,
AI0744,AIS 18,Iracema,2022-07-28,2022-07-10,VIA PUBLICA,4.0,Masculino,NÃO INFORMADO,Criança
AI0458,AIS 17,Bela Cruz,2022-08-30,2022-07-12,NÃO INFORMADO,,NÃO INFORMADO,NÃO INFORMADO,
AI1108,AIS 21,Várzea Alegre,2022-07-16,2022-07-16,RESIDENCIA PARTICULAR,,NÃO INFORMADO,NÃO INFORMADO,
AI0481,AIS 14,Camocim,2022-07-16,2022-07-16,VIA PUBLICA,,NÃO INFORMADO,NÃO INFORMADO,
AI0813,AIS 17,Morrinhos,2022-07-25,2022-07-22,RESIDENCIA PARTICULAR,,NÃO INFORMADO,NÃO INFORMADO,
AI0380,AIS 18,Alto Santo,2022-08-08,2022-07-25,RESIDENCIA PARTICULAR,,NÃO INFORMADO,NÃO INFORMADO,
AI0530,AIS 16,Hidrolândia,2022-07-30,2022-07-30,RESIDENCIA PARTICULAR,,NÃO INFORMADO,NÃO INFORMADO,
AI0402,AIS 18,Aracati,2023-07-18,2022-08-12,RESIDENCIA PARTICULAR,,NÃO INFORMADO,NÃO INFORMADO,
AI0015,AIS 09,Fortaleza,2022-08-24,2022-08-13,RESIDENCIA PARTICULAR,11.0,Masculino,ESTUDANTE,Adolecencia
AI0351,AIS 10,Fortaleza,2022-08-19,2022-08-19,RESIDENCIA PARTICULAR,14.0,Masculino,ESTUDANTE,Adolecencia
AI0571,AIS 19,Antonina do Norte,2022-08-21,2022-08-21,VIA PUBLICA,,NÃO INFORMADO,NÃO INFORMADO,
AI0403,AIS 18,Fortim,2022-08-26,2022-08-26,RESIDENCIA PARTICULAR,,NÃO INFORMADO,NÃO INFORMADO,
AI0430,AIS 19,Assaré,2022-08-29,2022-08-27,RESIDENCIA PARTICULAR,12.0,Masculino,ESTUDANTE,Adolecencia
AI1139,AIS 20,Pedra Branca,2022-09-28,2022-08-27,RESIDENCIA PARTICULAR,,NÃO INFORMADO,NÃO INFORMADO,
AI0130,AIS 17,Amontada,2022-09-09,2022-08-28,RESIDENCIA PARTICULAR,,NÃO INFORMADO,NÃO INFORMADO,
AI1124,AIS 14,Camocim,2022-08-30,2022-08-28,RESIDENCIA PARTICULAR,,NÃO INFORMADO,NÃO INFORMADO,
AI1146,AIS 15,Mulungu,2022-09-02,2022-09-02,CASA COMERCIAL,,NÃO INFORMADO,NÃO INFORMADO,
AI0320,AIS 02,Fortaleza,2022-09-04,2022-09-03,RESIDENCIA PARTICULAR,,NÃO INFORMADO,NÃO INFORMADO,
AI1030,AIS 14,São Benedito,2022-09-03,2022-09-03,RESIDENCIA PARTICULAR,,NÃO INFORMADO,NÃO INFORMADO,
AI0916,AIS 15,Acarape,2022-09-05,2022-09-04,"HOSPITAL, CLINICA, ETC",1.0,Masculino,NÃO INFORMADO,Criança
AI0120,AIS 05,Fortaleza,2022-09-10,2022-09-09,ESTADIO PRESIDENTE VARGAS,,NÃO INFORMADO,NÃO INFORMADO,
AI0133,AIS 11,Caucaia,2022-09-10,2022-09-10,RESIDENCIA PARTICULAR,11.0,Feminino,NÃO INFORMADO,Adolecencia
AI0133,AIS 11,Caucaia,2022-09-10,2022-09-10,RESIDENCIA PARTICULAR,39.0,Feminino,DO LAR,Adulto
AI0791,AIS 21,Jucás,2023-02-28,2022-09-10,RESIDENCIA PARTICULAR,,NÃO INFORMADO,NÃO INFORMADO,
AI0691,AIS 21,Jucás,2022-09-12,2022-09-11,RESIDENCIA PARTICULAR,,NÃO INFORMADO,NÃO INFORMADO,
AI0614,AIS 17,Tejuçuoca,2022-11-04,2022-09-14,RESIDENCIA PARTICULAR,,NÃO INFORMADO,NÃO INFORMADO,
AI0140,AIS 24,Guaiúba,2022-09-22,2022-09-21,AMBIENTE VIRTUAL(INTERNET),16.0,Feminino,ESTUDANTE,Jovem
AI0140,AIS 24,Guaiúba,2022-09-22,2022-09-21,AMBIENTE VIRTUAL(INTERNET),12.0,Masculino,NÃO INFORMADO,Adolecencia
AI0647,AIS 18,Pereiro,2022-10-05,2022-10-04,RESIDENCIA PARTICULAR,35.0,Masculino,AGRICULTOR(A),Adulto
AI0647,AIS 18,Pereiro,2022-10-05,2022-10-04,RESIDENCIA PARTICULAR,42.0,Feminino,NÃO INFORMADO,Adulto
AI0334,AIS 11,Caucaia,2022-10-14,2022-10-06,RESIDENCIA PARTICULAR,14.0,Feminino,ESTUDANTE,Adolecencia
AI0334,AIS 11,Caucaia,2022-10-14,2022-10-06,RESIDENCIA PARTICULAR,14.0,Feminino,ESTUDANTE,Adolecencia
AI1141,AIS 22,Tauá,2022-10-14,2022-10-14,RESIDENCIA PARTICULAR,25.0,Feminino,NÃO INFORMADO,Jovem
AI1085,AIS 17,Uruburetama,2022-12-14,2022-10-15,RESIDENCIA PARTICULAR,12.0,Feminino,NÃO INFORMADO,Adolecencia
AI0586,AIS 19,Altaneira,2022-10-22,2022-10-21,RESIDENCIA PARTICULAR,,NÃO INFORMADO,NÃO INFORMADO,
AI0387,AIS 18,Alto Santo,2022-10-21,2022-10-21,RESIDENCIA PARTICULAR,,NÃO INFORMADO,NÃO INFORMADO,
AI1000,AIS 16,Varjota,2022-10-25,2022-10-25,RESIDENCIA PARTICULAR,,NÃO INFORMADO,NÃO INFORMADO,
AI0263,AIS 05,Fortaleza,2022-11-18,2022-10-31,RESIDENCIA PARTICULAR,,NÃO INFORMADO,NÃO INFORMADO,
AI0585,AIS 19,Farias Brito,2022-11-04,2022-11-04,RESIDENCIA PARTICULAR,11.0,Feminino,NÃO INFORMADO,Adolecencia
AI0207,AIS 02,Fortaleza,2022-11-05,2022-11-05,RESIDENCIA PARTICULAR,0.0,Feminino,NÃO INFORMADO,Criança
AI0788,AIS 19,Juazeiro do Norte,2022-11-06,2022-11-06,RESIDENCIA PARTICULAR,1.0,Masculino,NÃO INFORMADO,Criança
AI0163,AIS 12,Maracanaú,2022-11-10,2022-11-09,RESIDENCIA PARTICULAR,,NÃO INFORMADO,NÃO INFORMADO,
AI0911,AIS 15,Acarape,2023-05-17,2022-11-11,RESIDENCIA PARTICULAR,,NÃO INFORMADO,NÃO INFORMADO,
AI0318,AIS 06,Fortaleza,2022-11-18,2022-11-18,RESIDENCIA PARTICULAR,3.0,Masculino,NÃO INFORMADO,Criança
AI0318,AIS 06,Fortaleza,2022-11-18,2022-11-18,RESIDENCIA PARTICULAR,6.0,Feminino,ESTUDANTE,Criança
AI0352,AIS 08,Fortaleza,2022-11-22,2022-11-22,RESIDENCIA PARTICULAR,85.0,Feminino,APOSENTADA,Idoso
AI0506,AIS 13,Cascavel,2022-11-24,2022-11-24,VIA PUBLICA,,NÃO INFORMADO,NÃO INFORMADO,
AI0820,AIS 19,Mauriti,2022-12-20,2022-11-27,RESIDENCIA PARTICULAR,0.0,Masculino,NÃO INFORMADO,Criança
AI0820,AIS 19,Mauriti,2022-12-20,2022-11-27,RESIDENCIA PARTICULAR,2.0,Feminino,NÃO INFORMADO,Criança
AI0579,AIS 19,Altaneira,2022-12-04,2022-12-04,RESIDENCIA PARTICULAR,13.0,Feminino,NÃO INFORMADO,Adolecencia
AI0257,AIS 06,Fortaleza,2022-12-05,2022-12-05,RESIDENCIA PARTICULAR,14.0,Feminino,NÃO INFORMADO,Adolecencia
AI0588,AIS 14,Guaraciaba do Norte,2022-12-08,2022-12-08,"MERCADO PUBLICO, FEIRA.",41.0,Feminino,CONS. TUTELAR,Adulto
AI0588,AIS 14,Guaraciaba do Norte,2022-12-08,2022-12-08,"MERCADO PUBLICO, FEIRA.",28.0,Masculino,CONSELHEIRO TUTELAR,Adulto
AI0166,AIS 24,Pacatuba,2022-12-10,2022-12-10,RESIDENCIA PARTICULAR,,NÃO INFORMADO,NÃO INFORMADO,
AI0393,AIS 18,Aracati,2022-12-20,2022-12-13,RESIDENCIA PARTICULAR,5.0,Feminino,ESTUDANTE,Criança
AI0342,AIS 12,Maracanaú,2022-12-16,2022-12-16,RESIDENCIA PARTICULAR,28.0,Feminino,BENEFICIARIA AUXILIO-DOENÇA,Adulto
AI0283,AIS 06,Fortaleza,2022-12-16,2022-12-16,RESIDENCIA PARTICULAR,6.0,Masculino,NÃO INFORMADO,Criança
AI0283,AIS 06,Fortaleza,2022-12-16,2022-12-16,RESIDENCIA PARTICULAR,8.0,Feminino,NÃO INFORMADO,Criança
AI0196,AIS 13,Eusébio,2022-12-18,2022-12-18,RESIDENCIA PARTICULAR,,NÃO INFORMADO,NÃO INFORMADO,
AI0335,AIS 11,Caucaia,2022-12-20,2022-12-19,ESCOLA/COLÉGIO,9.0,Masculino,NÃO INFORMADO,Criança
AI0412,AIS 19,Araripe,2023-02-15,2022-12-19,RESIDENCIA PARTICULAR,,NÃO INFORMADO,NÃO INFORMADO,
AI0447,AIS 15,Barreira,2022-12-19,2022-12-19,HABITACAO COLETIVA,,NÃO INFORMADO,NÃO INFORMADO,
AI0018,AIS 09,Fortaleza,2022-12-23,2022-12-19,RESIDENCIA PARTICULAR,,NÃO INFORMADO,NÃO INFORMADO,
AI0611,AIS 17,Irauçuba,2023-03-01,2022-12-23,VIA PUBLICA,,NÃO INFORMADO,NÃO INFORMADO,
AI0013,AIS 09,Fortaleza,2023-05-03,2023-01-01,RESIDENCIA PARTICULAR,,NÃO INFORMADO,NÃO INFORMADO,
AI0416,AIS 19,Araripe,2023-01-25,2023-01-02,RESIDENCIA PARTICULAR,,NÃO INFORMADO,NÃO INFORMADO,
AI0222,AIS 02,Fortaleza,2023-01-05,2023-01-05,RESIDENCIA PARTICULAR,,NÃO INFORMADO,NÃO INFORMADO,
AI0011,AIS 03,Fortaleza,2023-01-10,2023-01-10,RESIDENCIA PARTICULAR,,NÃO INFORMADO,NÃO INFORMADO,
AI0641,AIS 18,Pereiro,2023-07-04,2023-01-15,RESIDENCIA PARTICULAR,,NÃO INFORMADO,NÃO INFORMADO,
AI0827,AIS 19,Milagres,2023-01-23,2023-01-21,RESIDENCIA PARTICULAR,10.0,Masculino,NÃO INFORMADO,Adolecencia
AI0833,AIS 19,Missão Velha,2023-02-03,2023-01-27,RESIDENCIA PARTICULAR,12.0,Feminino,NÃO INFORMADO,Adolecencia
AI0321,AIS 04,Fortaleza,2023-02-02,2023-02-02,RESIDENCIA PARTICULAR,4.0,Masculino,NÃO INFORMADO,Criança
AI0565,AIS 19,Crato,2023-06-15,2023-02-03,RESIDENCIA PARTICULAR,13.0,Masculino,ESTUDANTE,Adolecencia
AI0575,AIS 19,Araripe,2023-02-05,2023-02-04,RESIDENCIA PARTICULAR,,NÃO INFORMADO,NÃO INFORMADO,
AI0175,AIS 12,Maracanaú,2024-02-04,2023-02-04,VIA PUBLICA,,NÃO INFORMADO,NÃO INFORMADO,
AI0223,AIS 01,Fortaleza,2023-02-08,2023-02-05,VIA PUBLICA,22.0,Masculino,NÃO INFORMADO,Jovem
AI0867,AIS 25,Pacajus,2023-02-07,2023-02-07,EDIFICIO PUBLICO,15.0,Feminino,NÃO INFORMADO,Adolecencia
AI0197,AIS 13,Aquiraz,2023-02-12,2023-02-12,VIA PUBLICA,5.0,Masculino,NÃO INFORMADO,Criança
AI0739,AIS 18,Iracema,2023-03-03,2023-02-15,RESIDENCIA PARTICULAR,3.0,Feminino,NÃO INFORMADO,Criança
AI0903,AIS 20,Quixadá,2023-02-22,2023-02-17,VIA PUBLICA,,NÃO INFORMADO,NÃO INFORMADO,
AI0871,AIS 23,Paracuru,2023-02-21,2023-02-20,RESIDENCIA PARTICULAR,,Feminino,NÃO INFORMADO,
AI0233,AIS 04,Fortaleza,2023-02-20,2023-02-20,PRACA,2.0,Masculino,NÃO INFORMADO,Criança
AI0109,AIS 06,Fortaleza,2023-02-26,2023-02-25,RESIDENCIA PARTICULAR,,NÃO INFORMADO,NÃO INFORMADO,
AI0401,AIS 18,Aracati,2023-07-11,2023-03-01,RESIDENCIA PARTICULAR,17.0,Feminino,NÃO INFORMADO,Jovem
AI0308,AIS 10,Fortaleza,2023-03-17,2023-03-17,RESIDENCIA PARTICULAR,5.0,Feminino,NÃO INFORMADO,Criança
AI0308,AIS 10,Fortaleza,2023-03-17,2023-03-17,RESIDENCIA PARTICULAR,9.0,Masculino,NÃO INFORMADO,Criança
AI0147,AIS 12,Maracanaú,2023-03-19,2023-03-19,RESIDENCIA PARTICULAR,16.0,Feminino,ESTUDANTE,Jovem
AI0147,AIS 12,Maracanaú,2023-03-19,2023-03-19,RESIDENCIA PARTICULAR,14.0,Feminino,Não informado,Adolecencia
AI0147,AIS 12,Maracanaú,2023-03-19,2023-03-19,RESIDENCIA PARTICULAR,8.0,Feminino,Não informado,Criança
AI0601,AIS 25,Horizonte,2023-05-09,2023-03-20,RESIDENCIA PARTICULAR,13.0,Feminino,NÃO INFORMADO,Adolecencia
AI0834,AIS 19,Missão Velha,2023-03-22,2023-03-20,RESIDENCIA PARTICULAR,,NÃO INFORMADO,NÃO INFORMADO,
AI1164,AIS 16,Crateús,2023-03-23,2023-03-23,RESIDENCIA PARTICULAR,,NÃO INFORMADO,NÃO INFORMADO,
AI0795,AIS 21,Jucás,2023-04-03,2023-03-27,RESIDENCIA PARTICULAR,,NÃO INFORMADO,NÃO INFORMADO,
AI0353,AIS 05,Fortaleza,2023-04-04,2023-04-04,RESIDENCIA PARTICULAR,56.0,Feminino,NÃO INFORMADO,Adulto
AI1044,AIS 14,Tianguá,2023-04-06,2023-04-06,RESIDENCIA PARTICULAR,,NÃO INFORMADO,NÃO INFORMADO,
AI1065,AIS 23,Paracuru,2023-04-08,2023-04-08,RESIDENCIA PARTICULAR,12.0,Feminino,NÃO INFORMADO,Adolecencia
AI1065,AIS 23,Paracuru,2023-04-08,2023-04-08,RESIDENCIA PARTICULAR,15.0,Feminino,ESTUDANTE,Adolecencia
AI0633,AIS 17,Itarema,2023-04-08,2023-04-08,RESIDENCIA PARTICULAR,2.0,Masculino,NÃO INFORMADO,Criança
AI0885,AIS 17,Pentecoste,2023-04-13,2023-04-13,RESIDENCIA PARTICULAR,5.0,Feminino,ESTUDANTE,Criança
AI1094,AIS 16,Varjota,2023-07-12,2023-04-14,RESIDENCIA PARTICULAR,,NÃO INFORMADO,NÃO INFORMADO,
AI0983,AIS 20,Senador Pompeu,2023-04-17,2023-04-17,RESIDENCIA PARTICULAR,4.0,Masculino,NÃO INFORMADO,Criança
AI0374,AIS 18,Alto Santo,2023-05-04,2023-04-18,RESIDENCIA PARTICULAR,,NÃO INFORMADO,NÃO INFORMADO,
AI0126,AIS 11,Caucaia,2023-04-18,2023-04-18,ESCOLA/COLÉGIO,,NÃO INFORMADO,NÃO INFORMADO,
AI0103,AIS 07,Fortaleza,2023-04-19,2023-04-19,RESIDENCIA PARTICULAR,,NÃO INFORMADO,NÃO INFORMADO,
AI1083,AIS 17,Uruburetama,2023-09-19,2023-04-20,RESIDENCIA PARTICULAR,16.0,Feminino,ESTUDANTE,Jovem
AI0047,AIS 07,Fortaleza,2023-04-21,2023-04-21,NÃO INFORMADO,,NÃO INFORMADO,NÃO INFORMADO,
AI0599,AIS 25,Horizonte,2023-04-23,2023-04-23,RESIDENCIA PARTICULAR,,NÃO INFORMADO,NÃO INFORMADO,
AI0891,AIS 17,Pentecoste,2023-12-14,2023-04-24,RESIDENCIA PARTICULAR,71.0,Feminino,AGRICULTOR(A),Idoso
AI0893,AIS 17,Pentecoste,2023-05-25,2023-04-24,RESIDENCIA PARTICULAR,,NÃO INFORMADO,NÃO INFORMADO,
AI0296,AIS 05,Fortaleza,2025-07-08,2023-04-26,"HOSPITAL, CLINICA, ETC",0.0,Feminino,NÃO INFORMADO,Criança
AI0014,AIS 09,Fortaleza,2023-05-04,2023-04-29,RESIDENCIA PARTICULAR,10.0,Feminino,ESTUDANTE,Adolecencia
AI0235,AIS 09,Fortaleza,2023-04-30,2023-04-30,RESIDENCIA PARTICULAR,,NÃO INFORMADO,NÃO INFORMADO,
AI0707,AIS 16,Independência,2023-05-12,2023-05-12,RESIDENCIA PARTICULAR,,NÃO INFORMADO,NÃO INFORMADO,
AI0995,AIS 14,Meruoca,2023-05-15,2023-05-14,RESIDENCIA PARTICULAR,,NÃO INFORMADO,NÃO INFORMADO,
AI0194,AIS 13,Eusébio,2023-05-14,2023-05-14,RESIDENCIA PARTICULAR,,NÃO INFORMADO,NÃO INFORMADO,
AI1120,AIS 13,Pindoretama,2023-08-03,2023-05-15,RESIDENCIA PARTICULAR,,NÃO INFORMADO,NÃO INFORMADO,
AI0680,AIS 21,Acopiara,2023-05-21,2023-05-20,RESIDENCIA PARTICULAR,,NÃO INFORMADO,NÃO INFORMADO,
AI0967,AIS 22,Piquet Carneiro,2023-05-25,2023-05-25,RESIDENCIA PARTICULAR,,NÃO INFORMADO,NÃO INFORMADO,
AI1137,AIS 15,Canindé,2023-06-06,2023-06-06,RESIDENCIA PARTICULAR,,NÃO INFORMADO,NÃO INFORMADO,
AI0899,AIS 20,Quixadá,2023-06-10,2023-06-10,VIA PUBLICA,,Masculino,NÃO INFORMADO,
AI1151,AIS 19,Juazeiro do Norte,2023-06-14,2023-06-13,RESIDENCIA PARTICULAR,33.0,Feminino,DO LAR,Adulto
AI0990,AIS 14,Sobral,2023-06-16,2023-06-15,RESIDENCIA PARTICULAR,,NÃO INFORMADO,NÃO INFORMADO,
AI0908,AIS 22,Quiterianópolis,2023-06-22,2023-06-19,RESIDENCIA PARTICULAR,,NÃO INFORMADO,NÃO INFORMADO,
AI0969,AIS 22,Piquet Carneiro,2023-06-21,2023-06-21,RESIDENCIA PARTICULAR,,NÃO INFORMADO,NÃO INFORMADO,
AI0208,AIS 05,Fortaleza,2023-06-26,2023-06-25,RESIDENCIA PARTICULAR,2.0,Feminino,SEM PROFISSÃO,Criança
AI1072,AIS 14,Ubajara,2023-07-03,2023-07-02,VIA PUBLICA,,NÃO INFORMADO,NÃO INFORMADO,
AI0914,AIS 15,Redenção,2023-07-04,2023-07-04,"CONVENTO,IGREJA,ETC.",,NÃO INFORMADO,NÃO INFORMADO,
AI0796,AIS 21,Jucás,2023-07-04,2023-07-04,RESIDENCIA PARTICULAR,3.0,Feminino,NÃO INFORMADO,Criança
AI0796,AIS 21,Jucás,2023-07-04,2023-07-04,RESIDENCIA PARTICULAR,6.0,Masculino,NÃO INFORMADO,Criança
AI0346,AIS 24,Pacatuba,2023-07-05,2023-07-05,RESIDENCIA PARTICULAR,12.0,Feminino,NÃO INFORMADO,Adolecencia
AI0346,AIS 24,Pacatuba,2023-07-05,2023-07-05,RESIDENCIA PARTICULAR,18.0,Feminino,DESEMPREGADA,Jovem
AI0879,AIS 20,Pedra Branca,2023-07-13,2023-07-11,RESIDENCIA PARTICULAR,,NÃO INFORMADO,NÃO INFORMADO,
AI0657,AIS 18,Icapuí,2023-07-27,2023-07-12,RESIDENCIA PARTICULAR,,NÃO INFORMADO,NÃO INFORMADO,
AI0431,AIS 19,Assaré,2023-07-17,2023-07-17,RESIDENCIA PARTICULAR,,NÃO INFORMADO,NÃO INFORMADO,
AI0398,AIS 07,Fortaleza,2023-07-25,2023-07-25,RESIDENCIA PARTICULAR,,NÃO INFORMADO,NÃO INFORMADO,
AI0615,AIS 17,Itapajé,2023-07-31,2023-07-31,RESIDENCIA PARTICULAR,,NÃO INFORMADO,NÃO INFORMADO,
AI0921,AIS 18,Quixeré,2023-11-13,2023-08-01,RESIDENCIA PARTICULAR,,NÃO INFORMADO,NÃO INFORMADO,
AI1047,AIS 14,Frecheirinha,2024-01-29,2023-08-01,RESIDENCIA PARTICULAR,,NÃO INFORMADO,NÃO INFORMADO,
AI0902,AIS 20,Senador Pompeu,2023-08-06,2023-08-06,RESIDENCIA PARTICULAR,11.0,Masculino,ESTUDANTE,Adolecencia
AI1027,AIS 14,Ibiapina,2023-08-19,2023-08-19,VIA PUBLICA,,NÃO INFORMADO,NÃO INFORMADO,
AI0129,AIS 11,Caucaia,2023-08-20,2023-08-20,RESIDENCIA PARTICULAR,,NÃO INFORMADO,NÃO INFORMADO,
AI0877,AIS 23,Paraipaba,2023-08-22,2023-08-22,RESIDENCIA PARTICULAR,10.0,Masculino,NÃO INFORMADO,Adolecencia
AI0877,AIS 23,Paraipaba,2023-08-22,2023-08-22,RESIDENCIA PARTICULAR,11.0,Feminino,NÃO INFORMADO,Adolecencia
AI0603,AIS 25,Horizonte,2023-08-22,2023-08-22,"HOSPITAL, CLINICA, ETC",,NÃO INFORMADO,NÃO INFORMADO,
AI0660,AIS 21,Icó,2023-09-01,2023-09-01,RESIDENCIA PARTICULAR,,NÃO INFORMADO,NÃO INFORMADO,
AI0689,AIS 21,Iguatu,2023-09-11,2023-09-11,ESCOLA/COLÉGIO,,NÃO INFORMADO,NÃO INFORMADO,
AI0061,AIS 12,Maracanaú,2023-09-12,2023-09-12,RESIDENCIA PARTICULAR,16.0,Feminino,NÃO INFORMADO,Jovem
AI1028,AIS 14,Carnaubal,2023-09-16,2023-09-16,RESIDENCIA PARTICULAR,,NÃO INFORMADO,NÃO INFORMADO,
AI0883,AIS 19,Penaforte,2023-09-21,2023-09-19,VAN,5.0,Feminino,NÃO INFORMADO,Criança
AI0785,AIS 19,Juazeiro do Norte,2023-09-24,2023-09-22,RESIDENCIA PARTICULAR,4.0,Masculino,ESTUDANTE,Criança
AI0785,AIS 19,Juazeiro do Norte,2023-09-24,2023-09-22,RESIDENCIA PARTICULAR,7.0,Feminino,ESTUDANTE,Criança
AI0785,AIS 19,Juazeiro do Norte,2023-09-24,2023-09-22,RESIDENCIA PARTICULAR,24.0,Feminino,VENDEDORA,Jovem
AI0392,AIS 17,Amontada,2023-10-02,2023-09-28,RESIDENCIA PARTICULAR,,NÃO INFORMADO,NÃO INFORMADO,
AI1121,AIS 13,Pindoretama,2023-10-02,2023-10-02,RESIDENCIA PARTICULAR,13.0,Feminino,NÃO INFORMADO,Adolecencia
AI1121,AIS 13,Pindoretama,2023-10-02,2023-10-02,RESIDENCIA PARTICULAR,10.0,Feminino,ESTUDANTE,Adolecencia
AI1029,AIS 14,Frecheirinha,2023-10-03,2023-10-03,RESIDENCIA PARTICULAR,1.0,Masculino,NÃO INFORMADO,Criança
AI0865,AIS 25,Pacajus,2023-10-04,2023-10-04,PRACA,,NÃO INFORMADO,NÃO INFORMADO,
AI0137,AIS 23,Paracuru,2023-10-11,2023-10-11,RESIDENCIA PARTICULAR,10.0,Feminino,NÃO INFORMADO,Adolecencia
AI0137,AIS 23,Paracuru,2023-10-11,2023-10-11,RESIDENCIA PARTICULAR,3.0,Masculino,NÃO INFORMADO,Criança
AI0326,AIS 21,Iguatu,2025-05-22,2023-10-11,RESIDENCIA PARTICULAR,8.0,Feminino,ESTUDANTE,Criança
AI1098,AIS 21,Várzea Alegre,2023-10-15,2023-10-15,RESIDENCIA PARTICULAR,5.0,Feminino,NÃO INFORMADO,Criança
AI0216,AIS 10,Fortaleza,2023-10-21,2023-10-21,CASA COMERCIAL,2.0,Feminino,NÃO INFORMADO,Criança
AI0135,AIS 11,Caucaia,2023-10-21,2023-10-21,RESIDENCIA PARTICULAR,,NÃO INFORMADO,NÃO INFORMADO,
AI0909,AIS 22,Quiterianópolis,2023-10-26,2023-10-25,RESIDENCIA PARTICULAR,3.0,Masculino,NÃO INFORMADO,Criança
AI0044,AIS 07,Fortaleza,2023-10-27,2023-10-27,RESIDENCIA PARTICULAR,,NÃO INFORMADO,NÃO INFORMADO,
AI0218,AIS 06,Fortaleza,2023-10-28,2023-10-28,VIA PUBLICA,2.0,Feminino,NÃO INFORMADO,Criança
AI0337,AIS 11,Caucaia,2023-10-31,2023-10-31,RESIDENCIA PARTICULAR,,NÃO INFORMADO,NÃO INFORMADO,
AI0220,AIS 09,Fortaleza,2023-11-05,2023-11-05,RESIDENCIA PARTICULAR,25.0,Feminino,POLICIAL MILITAR,Jovem
AI0220,AIS 09,Fortaleza,2023-11-05,2023-11-05,RESIDENCIA PARTICULAR,6.0,Masculino,NÃO INFORMADO,Criança
AI0220,AIS 09,Fortaleza,2023-11-05,2023-11-05,RESIDENCIA PARTICULAR,4.0,Masculino,NÃO INFORMADO,Criança
AI0220,AIS 09,Fortaleza,2023-11-05,2023-11-05,RESIDENCIA PARTICULAR,8.0,Feminino,NÃO INFORMADO,Criança
AI0221,AIS 10,Fortaleza,2023-11-05,2023-11-05,CASA COMERCIAL,9.0,Masculino,NÃO INFORMADO,Criança
AI0017,AIS 09,Fortaleza,2023-11-10,2023-11-05,RESIDENCIA PARTICULAR,,NÃO INFORMADO,NÃO INFORMADO,
AI0619,AIS 17,Itapajé,2024-04-09,2023-11-07,RESIDENCIA PARTICULAR,5.0,Masculino,NÃO INFORMADO,Criança
AI0619,AIS 17,Itapajé,2024-04-09,2023-11-07,RESIDENCIA PARTICULAR,2.0,Masculino,NÃO INFORMADO,Criança
AI0425,AIS 21,Tarrafas,2024-01-18,2023-11-09,VIA PUBLICA,9.0,Feminino,NÃO INFORMADO,Criança
AI0425,AIS 21,Tarrafas,2024-01-18,2023-11-09,VIA PUBLICA,12.0,Feminino,ESTUDANTE,Adolecencia
AI0856,AIS 21,Orós,2024-04-17,2023-11-09,RESIDENCIA PARTICULAR,,NÃO INFORMADO,NÃO INFORMADO,
AI0854,AIS 18,Fortim,2023-11-13,2023-11-12,RESIDENCIA PARTICULAR,,NÃO INFORMADO,NÃO INFORMADO,
AI0905,AIS 20,Choró,2024-04-24,2023-11-17,RESIDENCIA PARTICULAR,,NÃO INFORMADO,NÃO INFORMADO,
AI0709,AIS 16,Independência,2024-02-19,2023-11-20,RESIDENCIA PARTICULAR,75.0,Feminino,AGRICULTOR(A),Idoso
AI0661,AIS 21,Icó,2023-11-23,2023-11-23,VIA PUBLICA,,NÃO INFORMADO,NÃO INFORMADO,
AI1150,AIS 18,Quixeré,2023-11-23,2023-11-23,RESIDENCIA PARTICULAR,,NÃO INFORMADO,NÃO INFORMADO,
AI0701,AIS 21,Várzea Alegre,2023-11-26,2023-11-26,RESIDENCIA PARTICULAR,9.0,Masculino,NÃO INFORMADO,Criança
AI0701,AIS 21,Várzea Alegre,2023-11-26,2023-11-26,RESIDENCIA PARTICULAR,2.0,Masculino,NÃO INFORMADO,Criança
AI0701,AIS 21,Várzea Alegre,2023-11-26,2023-11-26,RESIDENCIA PARTICULAR,4.0,Feminino,NÃO INFORMADO,Criança
AI0701,AIS 21,Várzea Alegre,2023-11-26,2023-11-26,RESIDENCIA PARTICULAR,6.0,Feminino,NÃO INFORMADO,Criança
AI1034,AIS 16,Ipu,2023-12-01,2023-12-01,RESIDENCIA PARTICULAR,,NÃO INFORMADO,NÃO INFORMADO,
AI1004,AIS 18,Tabuleiro do Norte,2024-01-12,2023-12-02,RESIDENCIA PARTICULAR,,Feminino,NÃO INFORMADO,
AI1004,AIS 18,Tabuleiro do Norte,2024-01-12,2023-12-02,RESIDENCIA PARTICULAR,1.0,Masculino,NÃO INFORMADO,Criança
AI1019,AIS 22,Tauá,2023-12-05,2023-12-04,RESIDENCIA PARTICULAR,,NÃO INFORMADO,NÃO INFORMADO,
AI0406,AIS 18,Aracati,2024-03-04,2023-12-07,RESIDENCIA PARTICULAR,,NÃO INFORMADO,NÃO INFORMADO,
AI1089,AIS 17,Uruburetama,2024-02-29,2023-12-10,RESIDENCIA PARTICULAR,,NÃO INFORMADO,NÃO INFORMADO,
AI1005,AIS 18,Tabuleiro do Norte,2024-02-01,2023-12-16,RESIDENCIA PARTICULAR,,NÃO INFORMADO,NÃO INFORMADO,
AI0225,AIS 04,Fortaleza,2023-12-26,2023-12-26,RESIDENCIA PARTICULAR,,NÃO INFORMADO,NÃO INFORMADO,
AI0451,AIS 15,Baturité,2023-12-28,2023-12-28,RESIDENCIA PARTICULAR,,Masculino,NÃO INFORMADO,
AI0389,AIS 17,Amontada,2024-01-16,2023-12-28,RESIDENCIA PARTICULAR,2.0,Feminino,NÃO INFORMADO,Criança
AI0389,AIS 17,Amontada,2024-01-16,2023-12-28,RESIDENCIA PARTICULAR,8.0,Feminino,NÃO INFORMADO,Criança
AI0389,AIS 17,Amontada,2024-01-16,2023-12-28,RESIDENCIA PARTICULAR,6.0,Feminino,NÃO INFORMADO,Criança
AI1037,AIS 14,Frecheirinha,2023-12-29,2023-12-29,VIA PUBLICA,4.0,Masculino,NÃO INFORMADO,Criança
AI1037,AIS 14,Frecheirinha,2023-12-29,2023-12-29,VIA PUBLICA,0.0,Masculino,NÃO INFORMADO,Criança
AI1037,AIS 14,Frecheirinha,2023-12-29,2023-12-29,VIA PUBLICA,7.0,Masculino,NÃO INFORMADO,Criança
AI1037,AIS 14,Frecheirinha,2023-12-29,2023-12-29,VIA PUBLICA,1.0,Masculino,NÃO INFORMADO,Criança
AI1064,AIS 23,Paracuru,2023-12-30,2023-12-30,RESIDENCIA PARTICULAR,2.0,Masculino,NÃO INFORMADO,Criança
AI0395,AIS 18,Aracati,2024-01-09,2023-12-31,RESIDENCIA PARTICULAR,,NÃO INFORMADO,NÃO INFORMADO,
AI0763,AIS 19,Juazeiro do Norte,2024-01-07,2024-01-06,VIA PUBLICA,6.0,Masculino,NÃO INFORMADO,Criança
AI0895,AIS 20,Ibaretama,2024-01-08,2024-01-07,RESIDENCIA PARTICULAR,8.0,Feminino,NÃO INFORMADO,Criança
AI0895,AIS 20,Ibaretama,2024-01-08,2024-01-07,RESIDENCIA PARTICULAR,,Feminino,NÃO INFORMADO,
AI0895,AIS 20,Ibaretama,2024-01-08,2024-01-07,RESIDENCIA PARTICULAR,,Feminino,NÃO INFORMADO,
AI0428,AIS 21,Tarrafas,2024-08-15,2024-01-12,RESIDENCIA PARTICULAR,,NÃO INFORMADO,NÃO INFORMADO,
AI0667,AIS 21,Icó,2024-01-14,2024-01-14,RESIDENCIA PARTICULAR,,NÃO INFORMADO,NÃO INFORMADO,
AI0857,AIS 21,Orós,2024-04-17,2024-01-17,RESIDENCIA PARTICULAR,,NÃO INFORMADO,NÃO INFORMADO,
AI0913,AIS 15,Redenção,2024-01-18,2024-01-18,CASA COMERCIAL,9.0,Masculino,NÃO INFORMADO,Criança
AI1036,AIS 14,Frecheirinha,2024-02-06,2024-01-25,RESIDENCIA PARTICULAR,,NÃO INFORMADO,NÃO INFORMADO,
AI0325,AIS 21,Iguatu,2024-01-26,2024-01-26,RESIDENCIA PARTICULAR,,NÃO INFORMADO,NÃO INFORMADO,
AI0173,AIS 12,Maracanaú,2024-02-03,2024-01-26,RESIDENCIA PARTICULAR,,NÃO INFORMADO,NÃO INFORMADO,
AI0819,AIS 19,Mauriti,2024-12-30,2024-01-29,RESIDENCIA PARTICULAR,14.0,Feminino,NÃO INFORMADO,Adolecencia
AI0819,AIS 19,Mauriti,2024-12-30,2024-01-29,RESIDENCIA PARTICULAR,9.0,Feminino,NÃO INFORMADO,Criança
AI0819,AIS 19,Mauriti,2024-12-30,2024-01-29,RESIDENCIA PARTICULAR,12.0,Feminino,NÃO INFORMADO,Adolecencia
AI0169,AIS 12,Maracanaú,2024-01-30,2024-01-29,VIA PUBLICA,,NÃO INFORMADO,NÃO INFORMADO,
AI1035,AIS 14,Frecheirinha,2024-02-02,2024-02-01,VIA PUBLICA,,NÃO INFORMADO,NÃO INFORMADO,
AI0212,AIS 04,Fortaleza,2024-02-01,2024-02-01,RESIDENCIA PARTICULAR,,NÃO INFORMADO,NÃO INFORMADO,
AI0214,AIS 08,Fortaleza,2024-02-04,2024-02-04,VIA PUBLICA,15.0,Masculino,NÃO INFORMADO,Adolecencia
AI0582,AIS 19,Farias Brito,2024-02-16,2024-02-05,RESIDENCIA PARTICULAR,8.0,Feminino,ESTUDANTE,Criança
AI1011,AIS 16,Tamboril,2024-02-05,2024-02-05,RESIDENCIA PARTICULAR,4.0,Feminino,NÃO INFORMADO,Criança
AI1011,AIS 16,Tamboril,2024-02-05,2024-02-05,RESIDENCIA PARTICULAR,8.0,Feminino,NÃO INFORMADO,Criança
AI1011,AIS 16,Tamboril,2024-02-05,2024-02-05,RESIDENCIA PARTICULAR,2.0,Feminino,NÃO INFORMADO,Criança
AI0145,AIS 12,Maracanaú,2024-02-11,2024-02-11,RESIDENCIA PARTICULAR,,NÃO INFORMADO,NÃO INFORMADO,
AI1006,AIS 18,Tabuleiro do Norte,2024-02-14,2024-02-14,RESIDENCIA PARTICULAR,,NÃO INFORMADO,NÃO INFORMADO,
AI0030,AIS 06,Fortaleza,2024-03-11,2024-03-04,RESIDENCIA PARTICULAR,,NÃO INFORMADO,NÃO INFORMADO,
AI1007,AIS 18,Tabuleiro do Norte,2024-03-04,2024-03-04,RESIDENCIA PARTICULAR,,NÃO INFORMADO,NÃO INFORMADO,
AI0238,AIS 06,Fortaleza,2024-03-08,2024-03-08,RESIDENCIA PARTICULAR,8.0,Masculino,NÃO INFORMADO,Criança
AI1134,AIS 20,Quixadá,2024-03-09,2024-03-09,RESIDENCIA PARTICULAR,,NÃO INFORMADO,NÃO INFORMADO,
AI0839,AIS 22,Mombaça,2024-03-11,2024-03-11,RESIDENCIA PARTICULAR,,NÃO INFORMADO,NÃO INFORMADO,
AI0433,AIS 21,Tarrafas,2025-01-17,2024-03-14,RESIDENCIA PARTICULAR,,NÃO INFORMADO,NÃO INFORMADO,
AI1135,AIS 16,Crateús,2024-03-16,2024-03-16,"BAR, RESTAURANTE, ETC",,NÃO INFORMADO,NÃO INFORMADO,
AI0411,AIS 18,Aracati,2024-05-07,2024-03-20,RESIDENCIA PARTICULAR,,NÃO INFORMADO,NÃO INFORMADO,
AI1136,AIS 20,Quixeramobim,2024-03-21,2024-03-21,VIA PUBLICA,,NÃO INFORMADO,NÃO INFORMADO,
AI0670,AIS 21,Iguatu,2024-03-23,2024-03-22,RESIDENCIA PARTICULAR,,NÃO INFORMADO,NÃO INFORMADO,
AI1043,AIS 14,Ubajara,2024-03-22,2024-03-22,RESIDENCIA PARTICULAR,5.0,Feminino,NÃO INFORMADO,Criança
AI1043,AIS 14,Ubajara,2024-03-22,2024-03-22,RESIDENCIA PARTICULAR,6.0,Masculino,NÃO INFORMADO,Criança
AI0637,AIS 20,Jaguaretama,2024-09-26,2024-03-26,AMBIENTE VIRTUAL(INTERNET),15.0,Masculino,NÃO INFORMADO,Adolecencia
AI1046,AIS 14,Tianguá,2024-03-31,2024-03-31,VIA PUBLICA,,NÃO INFORMADO,NÃO INFORMADO,
AI0375,AIS 18,Alto Santo,2024-04-16,2024-04-01,VIA PUBLICA,,NÃO INFORMADO,NÃO INFORMADO,
AI0429,AIS 19,Assaré,2024-08-16,2024-04-01,RESIDENCIA PARTICULAR,24.0,Feminino,NÃO INFORMADO,Jovem
AI0583,AIS 19,Farias Brito,2024-04-08,2024-04-06,ESCOLA/COLÉGIO,12.0,Feminino,ESTUDANTE,Adolecencia
AI0377,AIS 18,Alto Santo,2024-05-22,2024-04-09,RESIDENCIA PARTICULAR,,NÃO INFORMADO,NÃO INFORMADO,
AI0449,AIS 15,Barreira,2024-06-04,2024-04-11,RODOVIA,,NÃO INFORMADO,NÃO INFORMADO,
AI0675,AIS 21,Iguatu,2024-04-12,2024-04-11,RESIDENCIA PARTICULAR,,NÃO INFORMADO,NÃO INFORMADO,
AI0673,AIS 21,Iguatu,2024-04-29,2024-04-11,RESIDENCIA PARTICULAR,11.0,Masculino,NÃO INFORMADO,Adolecencia
AI0767,AIS 19,Juazeiro do Norte,2024-04-16,2024-04-16,RESIDENCIA PARTICULAR,,NÃO INFORMADO,NÃO INFORMADO,
AI0942,AIS 16,Catunda,2024-04-29,2024-04-21,RESIDENCIA PARTICULAR,,NÃO INFORMADO,NÃO INFORMADO,
AI0272,AIS 07,Fortaleza,2024-04-22,2024-04-21,VIA PUBLICA,,NÃO INFORMADO,NÃO INFORMADO,
AI0119,AIS 06,Fortaleza,2024-04-28,2024-04-28,RESIDENCIA PARTICULAR,,NÃO INFORMADO,NÃO INFORMADO,
AI0524,AIS 14,Coreaú,2024-04-29,2024-04-28,RESIDENCIA PARTICULAR,,NÃO INFORMADO,NÃO INFORMADO,
AI0236,AIS 02,Fortaleza,2024-05-03,2024-05-03,"BAR, RESTAURANTE, ETC",,NÃO INFORMADO,NÃO INFORMADO,
AI1066,AIS 23,Trairi,2024-05-15,2024-05-14,VIA PUBLICA,8.0,Masculino,NÃO INFORMADO,Criança
AI1145,AIS 20,Senador Pompeu,2024-06-15,2024-05-14,RESIDENCIA PARTICULAR,,NÃO INFORMADO,NÃO INFORMADO,
AI0931,AIS 21,Saboeiro,2024-06-10,2024-05-18,RESIDENCIA PARTICULAR,,NÃO INFORMADO,NÃO INFORMADO,
AI0808,AIS 18,Limoeiro do Norte,2024-05-20,2024-05-20,RESIDENCIA PARTICULAR,,NÃO INFORMADO,NÃO INFORMADO,
AI1163,AIS 19,Juazeiro do Norte,2024-05-22,2024-05-22,REPARTICAO PUBLICA,13.0,Masculino,NÃO INFORMADO,Adolecencia
AI0686,AIS 21,Iguatu,2024-06-26,2024-05-23,RESIDENCIA PARTICULAR,,NÃO INFORMADO,NÃO INFORMADO,
AI1143,AIS 22,Quiterianópolis,2024-05-29,2024-05-28,VIA PUBLICA,,NÃO INFORMADO,NÃO INFORMADO,
AI1144,AIS 15,Canindé,2024-06-03,2024-06-03,RESIDENCIA PARTICULAR,,Masculino,NÃO INFORMADO,
AI1144,AIS 15,Canindé,2024-06-03,2024-06-03,RESIDENCIA PARTICULAR,14.0,Masculino,ESTUDANTE,Adolecencia
AI1144,AIS 15,Canindé,2024-06-03,2024-06-03,RESIDENCIA PARTICULAR,,Masculino,NÃO INFORMADO,
AI0917,AIS 18,Palhano,2024-10-17,2024-06-06,RESIDENCIA PARTICULAR,,NÃO INFORMADO,NÃO INFORMADO,
AI0261,AIS 09,Fortaleza,2024-06-09,2024-06-08,"CONVENTO,IGREJA,ETC.",,Feminino,NÃO INFORMADO,
AI0261,AIS 09,Fortaleza,2024-06-09,2024-06-08,"CONVENTO,IGREJA,ETC.",6.0,Masculino,NÃO INFORMADO,Criança
AI0397,AIS 18,Aracati,2024-08-27,2024-06-10,RESIDENCIA PARTICULAR,,NÃO INFORMADO,NÃO INFORMADO,
AI0328,AIS 19,Juazeiro do Norte,2024-09-06,2024-06-13,EDIFICIO PUBLICO,13.0,Feminino,ESTUDANTE,Adolecencia
AI0448,AIS 15,Barreira,2024-06-21,2024-06-21,"BAR, RESTAURANTE, ETC",,NÃO INFORMADO,NÃO INFORMADO,
AI0310,AIS 04,Fortaleza,2025-09-25,2024-06-21,RESIDENCIA PARTICULAR,,NÃO INFORMADO,NÃO INFORMADO,
AI0654,AIS 18,Icapuí,2024-07-29,2024-07-02,RESIDENCIA PARTICULAR,,NÃO INFORMADO,NÃO INFORMADO,
AI0737,AIS 18,Iracema,2024-09-04,2024-07-04,RESIDENCIA PARTICULAR,,NÃO INFORMADO,NÃO INFORMADO,
AI0242,AIS 08,Fortaleza,2024-07-04,2024-07-04,RESIDENCIA PARTICULAR,,NÃO INFORMADO,NÃO INFORMADO,
AI0779,AIS 19,Juazeiro do Norte,2024-07-15,2024-07-15,RESIDENCIA PARTICULAR,,Masculino,NÃO INFORMADO,
AI0616,AIS 17,Irauçuba,2024-09-03,2024-07-15,RESIDENCIA PARTICULAR,,NÃO INFORMADO,NÃO INFORMADO,
AI0828,AIS 19,Abaiara,2024-07-29,2024-07-16,RESIDENCIA PARTICULAR,,NÃO INFORMADO,NÃO INFORMADO,
AI1119,AIS 13,Pindoretama,2024-07-19,2024-07-19,RESIDENCIA PARTICULAR,13.0,Masculino,ESTUDANTE,Adolecencia
AI0110,AIS 02,Fortaleza,2024-07-19,2024-07-19,RESIDENCIA PARTICULAR,,NÃO INFORMADO,NÃO INFORMADO,
AI0587,AIS 14,Granja,2024-07-19,2024-07-19,VIA PUBLICA,,NÃO INFORMADO,NÃO INFORMADO,
AI1148,AIS 22,Quiterianópolis,2024-07-24,2024-07-24,RESIDENCIA PARTICULAR,14.0,Feminino,ESTUDANTE,Adolecencia
AI1148,AIS 22,Quiterianópolis,2024-07-24,2024-07-24,RESIDENCIA PARTICULAR,1.0,Masculino,NÃO INFORMADO,Criança
AI1148,AIS 22,Quiterianópolis,2024-07-24,2024-07-24,RESIDENCIA PARTICULAR,11.0,Masculino,NÃO INFORMADO,Adolecencia
AI0991,AIS 14,Sobral,2024-08-03,2024-08-03,RESIDENCIA PARTICULAR,,NÃO INFORMADO,NÃO INFORMADO,
AI0439,AIS 19,Aurora,2024-10-15,2024-08-16,VIA PUBLICA,,NÃO INFORMADO,NÃO INFORMADO,
AI0280,AIS 04,Fortaleza,2024-08-26,2024-08-26,RESIDENCIA PARTICULAR,12.0,Feminino,ESTUDANTE,Adolecencia
AI0280,AIS 04,Fortaleza,2024-08-26,2024-08-26,RESIDENCIA PARTICULAR,7.0,Feminino,ESTUDANTE,Criança
AI0280,AIS 04,Fortaleza,2024-08-26,2024-08-26,RESIDENCIA PARTICULAR,7.0,Feminino,ESTUDANTE,Criança
AI1125,AIS 17,Jijoca de Jericoacoara,2024-08-29,2024-08-28,NÃO INFORMADO,15.0,Feminino,NÃO INFORMADO,Adolecencia
AI0617,AIS 17,Irauçuba,2024-09-17,2024-09-14,NÃO INFORMADO,,NÃO INFORMADO,NÃO INFORMADO,
AI1152,AIS 18,Iracema,2024-09-14,2024-09-14,RESIDENCIA PARTICULAR,,Feminino,NÃO INFORMADO,
AI1009,AIS 18,Tabuleiro do Norte,2024-09-18,2024-09-18,RESIDENCIA PARTICULAR,,NÃO INFORMADO,NÃO INFORMADO,
AI0016,AIS 09,Fortaleza,2024-09-18,2024-09-18,EDIFICIO PUBLICO,,NÃO INFORMADO,NÃO INFORMADO,
AI1113,AIS 14,Viçosa do Ceará,2024-09-19,2024-09-18,VIA PUBLICA,,NÃO INFORMADO,NÃO INFORMADO,
AI0210,AIS 02,Fortaleza,2024-09-21,2024-09-21,RESIDENCIA PARTICULAR,6.0,Masculino,NÃO INFORMADO,Criança
AI0210,AIS 02,Fortaleza,2024-09-21,2024-09-21,RESIDENCIA PARTICULAR,5.0,Feminino,NÃO INFORMADO,Criança
AI0210,AIS 02,Fortaleza,2024-09-21,2024-09-21,RESIDENCIA PARTICULAR,2.0,Masculino,NÃO INFORMADO,Criança
AI0792,AIS 21,Jucás,2024-09-30,2024-09-30,RESIDENCIA PARTICULAR,,NÃO INFORMADO,NÃO INFORMADO,
AI1003,AIS 20,Solonópole,2024-10-07,2024-10-06,RESIDENCIA PARTICULAR,,NÃO INFORMADO,NÃO INFORMADO,
AI0805,AIS 18,Limoeiro do Norte,2024-10-11,2024-10-10,RESIDENCIA PARTICULAR,,NÃO INFORMADO,NÃO INFORMADO,
AI0715,AIS 16,Independência,2024-10-16,2024-10-11,RESIDENCIA PARTICULAR,,NÃO INFORMADO,NÃO INFORMADO,
AI1154,AIS 15,Itatira,2024-10-12,2024-10-11,RESIDENCIA PARTICULAR,9.0,Feminino,NÃO INFORMADO,Criança
AI1154,AIS 15,Itatira,2024-10-12,2024-10-11,RESIDENCIA PARTICULAR,1.0,Masculino,NÃO INFORMADO,Criança
AI1154,AIS 15,Itatira,2024-10-12,2024-10-11,RESIDENCIA PARTICULAR,6.0,Masculino,NÃO INFORMADO,Criança
AI1114,AIS 14,Viçosa do Ceará,2024-10-14,2024-10-13,RESIDENCIA PARTICULAR,,NÃO INFORMADO,NÃO INFORMADO,
AI0417,AIS 19,Araripe,2024-11-04,2024-10-21,RESIDENCIA PARTICULAR,15.0,Masculino,NÃO INFORMADO,Adolecencia
AI0793,AIS 21,Jucás,2024-10-21,2024-10-21,RESIDENCIA PARTICULAR,,NÃO INFORMADO,NÃO INFORMADO,
AI1157,AIS 17,Jijoca de Jericoacoara,2024-10-21,2024-10-21,RESIDENCIA PARTICULAR,,NÃO INFORMADO,NÃO INFORMADO,
AI1158,AIS 14,Frecheirinha,2024-10-26,2024-10-25,RESIDENCIA PARTICULAR,,NÃO INFORMADO,NÃO INFORMADO,
AI0643,AIS 18,Jaguaribara,2024-11-07,2024-10-30,RESIDENCIA PARTICULAR,,NÃO INFORMADO,NÃO INFORMADO,
AI0039,AIS 02,Fortaleza,2024-11-01,2024-10-31,RESIDENCIA PARTICULAR,14.0,Masculino,NÃO INFORMADO,Adolecencia
AI1140,AIS 14,Sobral,2024-11-14,2024-10-31,RESIDENCIA PARTICULAR,,NÃO INFORMADO,NÃO INFORMADO,
AI0347,AIS 20,Quixadá,2025-01-06,2024-11-15,RESIDENCIA PARTICULAR,14.0,Feminino,NÃO INFORMADO,Adolecencia
AI0696,AIS 21,Quixelô,2024-11-16,2024-11-15,VIA PUBLICA,,NÃO INFORMADO,NÃO INFORMADO,
AI0984,AIS 14,Sobral,2024-11-15,2024-11-15,RESIDENCIA PARTICULAR,,NÃO INFORMADO,NÃO INFORMADO,
AI0508,AIS 21,Cedro,2024-11-25,2024-11-22,RESIDENCIA PARTICULAR,66.0,Feminino,Não informado,Idoso
AI0818,AIS 19,Mauriti,2024-12-02,2024-11-26,RESIDENCIA PARTICULAR,7.0,Masculino,NÃO INFORMADO,Criança
AI0265,AIS 06,Fortaleza,2024-12-02,2024-12-02,RESIDENCIA PARTICULAR,,NÃO INFORMADO,NÃO INFORMADO,
AI0754,AIS 19,Juazeiro do Norte,2024-12-04,2024-12-03,RESIDENCIA PARTICULAR,,NÃO INFORMADO,NÃO INFORMADO,
AI0421,AIS 19,Assaré,2024-12-11,2024-12-10,RESIDENCIA PARTICULAR,,NÃO INFORMADO,NÃO INFORMADO,
AI0215,AIS 04,Fortaleza,2024-12-10,2024-12-10,RESIDENCIA PARTICULAR,5.0,Feminino,NÃO INFORMADO,Criança
AI0890,AIS 07,Fortaleza,2024-12-17,2024-12-12,RESIDENCIA PARTICULAR,10.0,Feminino,ESTUDANTE,Adolecencia
AI1112,AIS 14,Viçosa do Ceará,2025-01-30,2024-12-18,RESIDENCIA PARTICULAR,,NÃO INFORMADO,NÃO INFORMADO,
AI0002,AIS 01,Fortaleza,2024-12-20,2024-12-20,RESIDENCIA PARTICULAR,,NÃO INFORMADO,NÃO INFORMADO,
AI0219,AIS 09,Fortaleza,2024-12-22,2024-12-22,RESIDENCIA PARTICULAR,0.0,Feminino,NÃO INFORMADO,Criança
AI0725,AIS 16,Ipu,2025-03-13,2024-12-23,RESIDENCIA PARTICULAR,,NÃO INFORMADO,NÃO INFORMADO,
AI0462,AIS 15,Boa Viagem,2024-12-27,2024-12-26,RESIDENCIA PARTICULAR,,NÃO INFORMADO,NÃO INFORMADO,
AI0688,AIS 21,Iguatu,2025-06-18,2025-01-01,RESIDENCIA PARTICULAR,,NÃO INFORMADO,NÃO INFORMADO,
AI0971,AIS 20,Senador Pompeu,2025-10-10,2025-01-01,RESIDENCIA PARTICULAR,,NÃO INFORMADO,NÃO INFORMADO,
AI0998,AIS 14,Sobral,2025-01-05,2025-01-05,RESIDENCIA PARTICULAR,,NÃO INFORMADO,NÃO INFORMADO,
AI1138,AIS 12,Maracanaú,2025-01-24,2025-01-09,RESIDENCIA PARTICULAR,,NÃO INFORMADO,NÃO INFORMADO,
AI0437,AIS 19,Aurora,2025-01-17,2025-01-17,RESIDENCIA PARTICULAR,,NÃO INFORMADO,NÃO INFORMADO,
AI0563,AIS 19,Campos Sales,2025-04-02,2025-01-24,RESIDENCIA PARTICULAR,,NÃO INFORMADO,NÃO INFORMADO,
AI0777,AIS 19,Juazeiro do Norte,2025-01-25,2025-01-25,"BAR, RESTAURANTE, ETC",0.0,Masculino,NÃO INFORMADO,Criança
AI0256,AIS 01,Fortaleza,2025-01-28,2025-01-27,RESIDENCIA PARTICULAR,24.0,Feminino,DO LAR,Jovem
AI0751,AIS 19,Juazeiro do Norte,2025-02-02,2025-02-02,RESIDENCIA PARTICULAR,6.0,Feminino,ESTUDDANTE,Criança
AI0574,AIS 19,Altaneira,2025-02-03,2025-02-03,RESIDENCIA PARTICULAR,,NÃO INFORMADO,NÃO INFORMADO,
AI0693,AIS 21,Iguatu,2025-02-04,2025-02-04,RESIDENCIA PARTICULAR,,NÃO INFORMADO,NÃO INFORMADO,
AI0266,AIS 03,Fortaleza,2025-02-09,2025-02-09,RESIDENCIA PARTICULAR,1.0,Feminino,NÃO INFORMADO,Criança
AI0227,AIS Não Identificada (Fortaleza),Fortaleza,2025-02-10,2025-02-10,VIA PUBLICA,9.0,Masculino,NÃO INFORMADO,Criança
AI0953,AIS 14,São Benedito,2025-02-11,2025-02-11,RESIDENCIA PARTICULAR,6.0,Feminino,ESTUDANTE,Criança
AI0961,AIS 23,São Gonçalo do Amarante,2025-03-07,2025-02-11,RESIDENCIA PARTICULAR,84.0,Masculino,FUNCIONARIO PÚBLICO,Idoso
AI0230,AIS 07,Fortaleza,2025-02-17,2025-02-16,RESIDENCIA PARTICULAR,,Feminino,NÃO INFORMADO,
AI0230,AIS 07,Fortaleza,2025-02-17,2025-02-16,RESIDENCIA PARTICULAR,,Masculino,NÃO INFORMADO,
AI0592,AIS 14,Guaraciaba do Norte,2025-02-17,2025-02-17,RESIDENCIA PARTICULAR,,NÃO INFORMADO,NÃO INFORMADO,
AI0408,AIS 18,Aracati,2025-05-14,2025-02-20,RESIDENCIA PARTICULAR,,NÃO INFORMADO,NÃO INFORMADO,
AI0426,AIS 19,Assaré,2025-07-10,2025-02-27,RESIDENCIA PARTICULAR,,NÃO INFORMADO,NÃO INFORMADO,
AI0557,AIS 16,Ipaporanga,2025-03-06,2025-03-06,RESIDENCIA PARTICULAR,,NÃO INFORMADO,NÃO INFORMADO,
AI0413,AIS 19,Araripe,2025-03-07,2025-03-06,VIA PUBLICA,,NÃO INFORMADO,NÃO INFORMADO,
AI1056,AIS 14,Tianguá,2025-04-04,2025-03-10,RESIDENCIA PARTICULAR,,NÃO INFORMADO,NÃO INFORMADO,
AI1057,AIS 14,Tianguá,2025-04-04,2025-03-10,RESIDENCIA PARTICULAR,,NÃO INFORMADO,NÃO INFORMADO,
AI0345,AIS 13,Aquiraz,2025-03-18,2025-03-16,PRAIA,,NÃO INFORMADO,NÃO INFORMADO,
AI0669,AIS 21,Iguatu,2025-03-20,2025-03-16,RESIDENCIA PARTICULAR,,NÃO INFORMADO,NÃO INFORMADO,
AI1130,AIS 14,Sobral,2025-04-08,2025-03-16,RESIDENCIA PARTICULAR,,NÃO INFORMADO,NÃO INFORMADO,
AI1082,AIS 17,Uruburetama,2025-06-17,2025-03-17,RESIDENCIA PARTICULAR,56.0,Masculino,AGRICULTOR(A),Adulto
AI0317,AIS 10,Fortaleza,2025-03-21,2025-03-21,RESIDENCIA PARTICULAR,1.0,Masculino,NÃO INFORMADO,Criança
AI1132,AIS 14,Sobral,2025-05-20,2025-03-24,RESIDENCIA PARTICULAR,,NÃO INFORMADO,NÃO INFORMADO,
AI0468,AIS 15,Boa Viagem,2025-03-31,2025-03-31,RESIDENCIA PARTICULAR,14.0,Masculino,NÃO INFORMADO,Adolecencia
AI0993,AIS 14,Forquilha,2025-04-02,2025-04-02,"MAR, RIO, LAGOA, ETC",,Feminino,CUIDADORA,
AI0099,AIS 03,Fortaleza,2025-04-04,2025-04-04,NÃO INFORMADO,,NÃO INFORMADO,NÃO INFORMADO,
AI1142,AIS 14,Frecheirinha,2025-04-13,2025-04-12,RESIDENCIA PARTICULAR,,NÃO INFORMADO,NÃO INFORMADO,
AI0649,AIS 19,Jardim,2025-04-29,2025-04-16,RESIDENCIA PARTICULAR,,NÃO INFORMADO,NÃO INFORMADO,
AI0348,AIS 20,Quixadá,2025-04-19,2025-04-19,VIA PUBLICA,,Feminino,NÃO INFORMADO,
AI0678,AIS 21,Acopiara,2025-04-25,2025-04-25,VIA PUBLICA,,NÃO INFORMADO,NÃO INFORMADO,
AI0073,AIS 11,Caucaia,2025-05-02,2025-05-02,RESIDENCIA PARTICULAR,,NÃO INFORMADO,NÃO INFORMADO,
AI0102,AIS 03,Fortaleza,2025-05-10,2025-05-10,RESIDENCIA PARTICULAR,,NÃO INFORMADO,NÃO INFORMADO,
AI0774,AIS 19,Barbalha,2025-05-11,2025-05-11,RESIDENCIA PARTICULAR,,NÃO INFORMADO,NÃO INFORMADO,
AI0436,AIS 19,Aurora,2025-07-25,2025-05-14,RESIDENCIA PARTICULAR,14.0,Masculino,ESTUDANTE,Adolecencia
AI0719,AIS 21,Baixio,2025-05-16,2025-05-15,RESIDENCIA PARTICULAR,0.0,Feminino,NÃO INFORMADO,Criança
AI0260,AIS 03,Fortaleza,2025-05-18,2025-05-17,RESIDENCIA PARTICULAR,4.0,Feminino,NÃO INFORMADO,Criança
AI0981,AIS 22,Mombaça,2025-05-19,2025-05-18,"HOSPITAL, CLINICA, ETC",,NÃO INFORMADO,NÃO INFORMADO,
AI0842,AIS 22,Mombaça,2025-05-19,2025-05-19,AMBIENTE VIRTUAL(INTERNET),,NÃO INFORMADO,NÃO INFORMADO,
AI0435,AIS 19,Aurora,2025-08-22,2025-05-28,ESCOLA/COLÉGIO,,NÃO INFORMADO,NÃO INFORMADO,
AI0438,AIS 19,Aurora,2025-06-12,2025-05-28,RESIDENCIA PARTICULAR,,NÃO INFORMADO,NÃO INFORMADO,
AI1033,AIS 14,Frecheirinha,2025-08-12,2025-05-29,RESIDENCIA PARTICULAR,,NÃO INFORMADO,NÃO INFORMADO,
AI1147,AIS 17,Itapajé,2025-06-03,2025-06-02,RESIDENCIA PARTICULAR,,NÃO INFORMADO,NÃO INFORMADO,
AI0613,AIS 17,Itapajé,2025-08-12,2025-06-05,RESIDENCIA PARTICULAR,,NÃO INFORMADO,NÃO INFORMADO,
AI0444,AIS 19,Barbalha,2025-06-09,2025-06-07,RESIDENCIA PARTICULAR,5.0,Masculino,NÃO INFORMADO,Criança
AI0444,AIS 19,Barbalha,2025-06-09,2025-06-07,RESIDENCIA PARTICULAR,3.0,Feminino,NÃO INFORMADO,Criança
AI0444,AIS 19,Barbalha,2025-06-09,2025-06-07,RESIDENCIA PARTICULAR,8.0,Feminino,NÃO INFORMADO,Criança
AI0444,AIS 19,Barbalha,2025-06-09,2025-06-07,RESIDENCIA PARTICULAR,4.0,Feminino,NÃO INFORMADO,Criança
AI0444,AIS 19,Barbalha,2025-06-09,2025-06-07,RESIDENCIA PARTICULAR,11.0,Feminino,NÃO INFORMADO,Adolecencia
AI0072,AIS 11,Caucaia,2025-06-11,2025-06-11,REPARTICAO PUBLICA,,NÃO INFORMADO,NÃO INFORMADO,
AI0566,AIS 19,Campos Sales,2025-06-12,2025-06-11,RESIDENCIA PARTICULAR,28.0,Masculino,NÃO INFORMADO,Adulto
AI0532,AIS 16,Crateús,2025-06-23,2025-06-12,RESIDENCIA PARTICULAR,33.0,Feminino,MANICURE,Adulto
AI0532,AIS 16,Crateús,2025-06-23,2025-06-12,RESIDENCIA PARTICULAR,12.0,Feminino,ESTUDANTE,Adolecencia
AI0721,AIS 21,Baixio,2025-06-13,2025-06-13,RESIDENCIA PARTICULAR,2.0,Feminino,NÃO INFORMADO,Criança
AI0721,AIS 21,Baixio,2025-06-13,2025-06-13,RESIDENCIA PARTICULAR,3.0,Feminino,NÃO INFORMADO,Criança
AI1149,AIS 22,Tauá,2025-06-14,2025-06-14,RESIDENCIA PARTICULAR,,NÃO INFORMADO,NÃO INFORMADO,
AI1032,AIS 14,Tianguá,2025-06-17,2025-06-16,RESIDENCIA PARTICULAR,,NÃO INFORMADO,NÃO INFORMADO,
AI0844,AIS 20,Morada Nova,2025-07-10,2025-06-18,RESIDENCIA PARTICULAR,,NÃO INFORMADO,NÃO INFORMADO,
AI0206,AIS 04,Fortaleza,2025-06-21,2025-06-21,RESIDENCIA PARTICULAR,3.0,Feminino,NÃO INFORMADO,Criança
AI0206,AIS 04,Fortaleza,2025-06-21,2025-06-21,RESIDENCIA PARTICULAR,0.0,Feminino,NÃO INFORMADO,Criança
AI0734,AIS 16,Poranga,2025-07-09,2025-07-09,RESIDENCIA PARTICULAR,,NÃO INFORMADO,NÃO INFORMADO,
AI0396,AIS 18,Aracati,2025-10-27,2025-07-09,RESIDENCIA PARTICULAR,,NÃO INFORMADO,NÃO INFORMADO,
AI0391,AIS 17,Amontada,2025-07-23,2025-07-21,RESIDENCIA PARTICULAR,0.0,Masculino,NÃO INFORMADO,Criança
AI0275,AIS Não Identificada (Fortaleza),Fortaleza,2025-07-28,2025-07-24,"HOSPITAL, CLINICA, ETC",0.0,Masculino,NÃO INFORMADO,Criança
AI0966,AIS 20,Senador Pompeu,2025-07-29,2025-07-29,RESIDENCIA PARTICULAR,8.0,Masculino,NÃO INFORMADO,Criança
AI0112,AIS 08,Fortaleza,2025-07-31,2025-07-31,RESIDENCIA PARTICULAR,46.0,Masculino,SAPATEIRO,Adulto
AI1067,AIS 23,Trairi,2025-08-07,2025-08-03,AMBIENTE VIRTUAL(INTERNET),,NÃO INFORMADO,NÃO INFORMADO,
AI1153,AIS 14,Ubajara,2025-08-04,2025-08-04,RESIDENCIA PARTICULAR,,NÃO INFORMADO,NÃO INFORMADO,
AI0507,AIS 13,Cascavel,2025-08-11,2025-08-11,RESIDENCIA PARTICULAR,5.0,Masculino,NÃO INFORMADO,Criança
AI0886,AIS 17,Apuiarés,2025-08-12,2025-08-12,RESIDENCIA PARTICULAR,,NÃO INFORMADO,NÃO INFORMADO,
AI0245,AIS 05,Fortaleza,2025-08-15,2025-08-15,RESIDENCIA PARTICULAR,9.0,Feminino,NÃO INFORMADO,Criança
AI0443,AIS 19,Barbalha,2025-08-15,2025-08-15,CASA COMERCIAL,,NÃO INFORMADO,NÃO INFORMADO,
AI1155,AIS 15,Barreira,2025-08-17,2025-08-17,RESIDENCIA PARTICULAR,,Feminino,NÃO INFORMADO,
AI1155,AIS 15,Barreira,2025-08-17,2025-08-17,RESIDENCIA PARTICULAR,,Masculino,NÃO INFORMADO,
AI0694,AIS 21,Várzea Alegre,2025-08-21,2025-08-21,RESIDENCIA PARTICULAR,,Feminino,NÃO INFORMADO,
AI0461,AIS 15,Boa Viagem,2025-09-19,2025-08-23,PRACA,6.0,Masculino,NÃO INFORMADO,Criança
AI0461,AIS 15,Boa Viagem,2025-09-19,2025-08-23,PRACA,8.0,Feminino,NÃO INFORMADO,Criança
AI1156,AIS 22,Tauá,2025-08-24,2025-08-24,ESTADIO PRESIDENTE VARGAS,,NÃO INFORMADO,NÃO INFORMADO,
AI1115,AIS 14,Viçosa do Ceará,2025-08-25,2025-08-25,RESIDENCIA PARTICULAR,,NÃO INFORMADO,NÃO INFORMADO,
AI0853,AIS 16,Novo Oriente,2025-09-04,2025-08-25,RESIDENCIA PARTICULAR,1.0,Masculino,NÃO INFORMADO,Criança
AI0132,AIS 11,Caucaia,2025-08-27,2025-08-27,RESIDENCIA PARTICULAR,0.0,Feminino,NÃO INFORMADO,Criança
AI0132,AIS 11,Caucaia,2025-08-27,2025-08-27,RESIDENCIA PARTICULAR,8.0,Feminino,NÃO INFORMADO,Criança
AI0876,AIS 23,Paraipaba,2025-08-29,2025-08-29,RESIDENCIA PARTICULAR,,NÃO INFORMADO,NÃO INFORMADO,
AI1159,AIS 22,Tauá,2025-09-01,2025-09-01,RESIDENCIA PARTICULAR,7.0,Masculino,ESTUDANTE,Criança
AI1159,AIS 22,Tauá,2025-09-01,2025-09-01,RESIDENCIA PARTICULAR,10.0,Masculino,ESTUDANTE,Adolecencia
AI0750,AIS 18,Ereré,2025-09-18,2025-09-01,RESIDENCIA PARTICULAR,14.0,Feminino,NÃO INFORMADO,Adolecencia
AI0887,AIS 17,Pentecoste,2025-09-19,2025-09-04,RESIDENCIA PARTICULAR,,NÃO INFORMADO,NÃO INFORMADO,
AI0149,AIS 12,Maracanaú,2025-11-15,2025-09-10,RESIDENCIA PARTICULAR,50.0,Feminino,VENDEDORA,Adulto
AI0859,AIS 21,Orós,2025-09-25,2025-09-25,RESIDENCIA PARTICULAR,,NÃO INFORMADO,NÃO INFORMADO,
AI1160,AIS 22,Tauá,2025-09-27,2025-09-27,RESIDENCIA PARTICULAR,9.0,Feminino,NÃO INFORMADO,Criança
AI1160,AIS 22,Tauá,2025-09-27,2025-09-27,RESIDENCIA PARTICULAR,,Masculino,NÃO INFORMADO,
AI1160,AIS 22,Tauá,2025-09-27,2025-09-27,RESIDENCIA PARTICULAR,36.0,Masculino,NÃO INFORMADO,Adulto
AI1160,AIS 22,Tauá,2025-09-27,2025-09-27,RESIDENCIA PARTICULAR,,Feminino,NÃO INFORMADO,
AI0847,AIS 20,Morada Nova,2025-10-21,2025-09-30,RESIDENCIA PARTICULAR,,NÃO INFORMADO,NÃO INFORMADO,
AI1063,AIS 23,Trairi,2025-11-03,2025-10-04,AMBIENTE VIRTUAL(INTERNET),5.0,Feminino,NÃO INFORMADO,Criança
AI1063,AIS 23,Trairi,2025-11-03,2025-10-04,AMBIENTE VIRTUAL(INTERNET),3.0,Feminino,NÃO INFORMADO,Criança
AI0888,AIS 17,Pentecoste,2025-10-24,2025-10-10,RESIDENCIA PARTICULAR,,NÃO INFORMADO,NÃO INFORMADO,
AI0972,AIS 20,Senador Pompeu,2025-10-11,2025-10-10,RESIDENCIA PARTICULAR,,NÃO INFORMADO,NÃO INFORMADO,
AI1010,AIS 18,Tabuleiro do Norte,2025-10-20,2025-10-17,RESIDENCIA PARTICULAR,,NÃO INFORMADO,NÃO INFORMADO,
AI1161,AIS 17,Apuiarés,2025-10-19,2025-10-18,RESIDENCIA PARTICULAR,,NÃO INFORMADO,NÃO INFORMADO,
AI0698,AIS 21,Icó,2025-10-18,2025-10-18,RESIDENCIA PARTICULAR,8.0,Feminino,ESTUDANTE,Criança
AI0716,AIS 21,Ipaumirim,2025-10-29,2025-10-18,RESIDENCIA PARTICULAR,,NÃO INFORMADO,NÃO INFORMADO,
AI0699,AIS 21,Várzea Alegre,2025-10-19,2025-10-19,RESIDENCIA PARTICULAR,,NÃO INFORMADO,NÃO INFORMADO,
AI1162,AIS 19,Juazeiro do Norte,2025-10-19,2025-10-19,RESIDENCIA PARTICULAR,4.0,Feminino,NÃO INFORMADO,Criança
AI0700,AIS 21,Icó,2025-10-22,2025-10-21,RESIDENCIA PARTICULAR,,NÃO INFORMADO,NÃO INFORMADO,
AI0384,AIS 18,Alto Santo,2025-10-23,2025-10-23,VIA PUBLICA,,NÃO INFORMADO,NÃO INFORMADO,
AI0889,AIS 17,Pentecoste,2025-10-29,2025-10-27,VIA PUBLICA,3.0,Feminino,NÃO INFORMADO,Criança
AI0361,AIS 21,Acopiara,2025-11-13,2025-11-04,REPARTICAO PUBLICA,,NÃO INFORMADO,NÃO INFORMADO,
AI0702,AIS 21,Várzea Alegre,2025-11-10,2025-11-10,RESIDENCIA PARTICULAR,,NÃO INFORMADO,NÃO INFORMADO,
AI0452,AIS 15,Baturité,2025-11-17,2025-11-17,RESIDENCIA PARTICULAR,,NÃO INFORMADO,NÃO INFORMADO,
AI0399,AIS 18,Aracati,2025-12-09,2025-11-18,RESIDENCIA PARTICULAR,,NÃO INFORMADO,NÃO INFORMADO,
AI0705,AIS 21,Iguatu,2025-11-21,2025-11-21,"BAR, RESTAURANTE, ETC",,NÃO INFORMADO,NÃO INFORMADO,
AI0136,AIS 23,Trairi,2025-11-22,2025-11-22,RESIDENCIA PARTICULAR,,NÃO INFORMADO,NÃO INFORMADO,
AI1166,AIS 18,Aracati,2025-11-23,2025-11-23,RESIDENCIA PARTICULAR,6.0,Feminino,NÃO INFORMADO,Criança
AI1166,AIS 18,Aracati,2025-11-23,2025-11-23,RESIDENCIA PARTICULAR,12.0,Feminino,NÃO INFORMADO,Adolecencia
AI0453,AIS 18,Beberibe,2025-11-26,2025-11-26,RESIDENCIA PARTICULAR,22.0,Feminino,DO LAR,Jovem
AI0576,AIS 19,Potengi,2025-11-26,2025-11-26,RESIDENCIA PARTICULAR,11.0,Masculino,NÃO INFORMADO,Adolecencia
